"","participant.label",".Rsq","Intercept","flying.weight","diet.weight","electricity.weight","commute.weight","regional.weight","recycling.weight","gender","age","income","education","cc_concern.mean","total_co2","conservative_liberal.binary","conservative_liberal","policy.car.sub","policy.car.tax","policy.flying.sub","policy.flying.tax","policy.RE.sub","policy.RE.tax","policy.meat.tax","policy.meat.sub","policy.recycle.tax","policy.recycle.sub","policy.regional_food.sub","policy.regional_food.tax","policy.support.total","policy.car","policy.flying","policy.RE","policy.meat","policy.recycle","policy.regional_food","footprint.electricity","footprint.regional","footprint.recycling","footprint.diet","footprint.travel.car","footprint.travel.bus","footprint.travel.train","footprint.flying","footprint.public.transport"
"1","54232b4bfdf99b328c91b253",0.873823269360795,2.61206896551724,2.54741379310345,0.547413793103448,1.20258620689655,-0.0474137931034486,0.452586206896552,0.620689655172413,"Male",38,"30.501£ to 45.000£","Higher education (Bachelor, Master, PhD)",5,7.4,"left-leaning",3,6,3,5,4,7,4,6,6,6,7,6,4,5.33333333333333,4.5,4.5,5.5,6,6.5,5,1.294697,-0.22,-0.0575,1.431,3.27168,0.6201,1.0944,0.36,0.85725
"2","542926d2fdf99b0b7ac2904e",0.837920595706183,3.27586206896552,0.530172413793103,1.2801724137931,-1.0301724137931,-0.280172413793103,0.969827586206896,2.75862068965517,"Female",51,"< 18.000£","Further education",3.25,4.6,"left-leaning",5,6,2,5,3,5,2,1,6,1,6,6,2,3.75,4,4,3.5,3.5,3.5,4,1.294697,0,-0.0575,2.282,1.0872,0,0,0,0
"3","547272b4fdf99b44c5647418",0.959605397926363,0.629310344827583,4.77586206896552,1.52586206896552,1.22413793103448,0.474137931034483,0.724137931034483,0.793103448275863,"Male",59,"< 18.000£","Higher education (Bachelor, Master, PhD)",5.75,2.1,"left-leaning",3,7,6,5,7,5,3,5,3,4,7,3,6,5.08333333333333,6.5,6,4,4,5.5,4.5,0.1031,-0.44,-0.0575,1.431,1.0872,0,0,0.36,0
"4","54aefa06fdf99b09c01b37f4",0.845689655172414,1.31034482758621,0.862068965517241,0.862068965517241,1.13793103448276,-0.112068965517241,0.387931034482759,1.10344827586207,"Female",50,"23.001£ to 30.500£","Higher education (Bachelor, Master, PhD)",6,3.3,"left-leaning",3,7,5,7,7,7,4,7,7,7,7,7,7,6.58333333333333,6,7,5.5,7,7,7,0.1031,-0.11,-0.0575,2.282,1.0872,0,0,0,0
"5","559d96aefdf99b1e448268e5",0.610100461580234,1.75862068965517,0.301724137931034,0.801724137931035,0.448275862068966,0.698275862068966,1.19827586206897,1.58620689655172,"Female",42,"> 45.001£","Higher education (Bachelor, Master, PhD)",5,5.3,"left-leaning",3,7,5,7,6,7,4,4,6,4,7,5,4,5.5,6,6.5,5.5,5,5.5,4.5,0.6988837,-0.22,-0.0575,2.282,0.2726,0,0.2909,2.07,0.14545
"6","55d09e4934e9060005e5729a",0.880599094392198,0.534482758620689,1.83189655172414,1.58189655172414,0.418103448275862,0.668103448275863,-0.0818965517241382,0.344827586206896,"Male",28,"< 18.000£","Further education",4.5,4.2,"right-leaning",6,7,2,7,5,3,1,4,2,1,7,7,6,4.33333333333333,4.5,6,2,3,4,6.5,1.294697,-0.44,-0.0575,3.16,0.2726,0,0,0,0
"7","560925acd7def20005b7362a",0.744224974891195,2.81034482758621,1.61206896551724,0.612068965517241,0.387931034482759,0.137931034482758,0.137931034482759,1.10344827586207,"Male",55,"23.001£ to 30.500£","Higher education (Bachelor, Master, PhD)",4.75,5.9,"left-leaning",4,7,3,6,4,5,3,2,5,3,5,5,5,4.41666666666667,5,5,4,3.5,4,5,1.294697,-0.22,-0.0575,1.431,3.27168,0.1555,0.0729,0.36,0.1142
"8","56296779c8ffc200055134c9",0.801602719766877,2.3448275862069,1.69396551724138,-0.0560344827586211,0.556034482758621,0.0560344827586207,-0.193965517241379,0.448275862068965,"Male",49,"23.001£ to 30.500£","Higher education (Bachelor, Master, PhD)",1.75,4.2,"left-leaning",5,4,1,1,7,4,1,1,6,4,4,6,3,3.5,2.5,4,2.5,3.5,4,4.5,0.1031,-0.22,0,2.282,2.0414,0,0,0,0
"9","5655ac37d970d100058322c3",0.517241379310345,3.91379310344828,-0.0172413793103449,0.482758620689655,0.0172413793103448,-0.482758620689655,0.0172413793103449,0.137931034482759,"Male",32,"18.000£ to 23.000£","Higher education (Bachelor, Master, PhD)",4.75,3.1,"left-leaning",5,5,3,5,4,7,2,2,6,6,7,6,3,4.66666666666667,4,4.5,4.5,4,6.5,4.5,0.6988837,-0.33,-0.0575,2.282,0.2726,0.1555,0.0729,0.36,0.1142
"10","566e1aec744e3e0005b4e668",0.981133778660408,1.93103448275862,2.46120689655172,2.21120689655172,0.0387931034482755,0.538793103448276,0.288793103448276,0.310344827586207,"Male",43,"< 18.000£","Further education",3.75,3.5,"left-leaning",5,5,4,5,4,5,4,4,5,4,5,5,4,4.5,4.5,4.5,4.5,4.5,4.5,4.5,1.294697,-0.33,-0.0575,2.282,0.2726,0,0,0,0
"11","56a80408c89737000b22bd37",0.912869458128079,0.258620689655173,2.55172413793103,0.0517241379310344,1.69827586206897,0.448275862068966,0.948275862068966,1.58620689655172,"Male",48,"> 45.001£","Higher education (Bachelor, Master, PhD)",1.5,3.1,"right-leaning",6,6,1,3,2,2,1,1,1,1,6,5,2,2.58333333333333,3.5,2.5,1.5,1,3.5,3.5,0.6988837,-0.33,-0.0575,2.282,0.2726,0.1555,0.0729,0,0.1142
"12","56d33245321cae000b68d9e4",0.549909255898367,3.36206896551724,-0.827586206896552,1.67241379310345,0.577586206896551,1.07758620689655,0.0775862068965515,0.620689655172413,"Male",66,"23.001£ to 30.500£","Further education",4.25,4.8,"right-leaning",10,3,1,2,1,5,6,1,6,1,5,6,7,3.66666666666667,2,1.5,5.5,3.5,3,6.5,1.294697,-0.22,0,2.282,0.2726,0.1555,0.0729,0.9,0.1142
"13","571a57e56a1c6300124bb6bd",0.86195246971109,1.95689655172414,1.86637931034483,1.36637931034483,0.383620689655173,-0.116379310344828,0.883620689655172,1.06896551724138,"Female",64,"< 18.000£","Compulsory education",6,3.7,"right-leaning",7,6,3,5,7,5,2,3,4,5,7,5,6,4.83333333333333,4.5,6,3.5,3.5,6,5.5,1.294697,-0.33,-0.0575,2.282,0.2726,0.1555,0.0729,0,0.1142
"14","571a861d838a4e0013b1860a",0.58341477034762,1.91379310344828,0.482758620689655,-0.0172413793103449,0.767241379310345,0.517241379310345,0.517241379310345,1.13793103448276,"Male",51,"30.501£ to 45.000£","Further education",2.25,6,"left-leaning",2,7,1,4,2,7,1,1,4,1,1,7,1,3.08333333333333,4,3,4,2.5,1,4,0.6988837,-0.11,0,2.282,1.0872,0,0,2.07,0
"15","576fc3462984e70001a97fc3",0.946553798912818,1.06896551724138,2.41379310344828,1.41379310344828,0.586206896551724,0.336206896551724,0.336206896551724,1.68965517241379,"Male",32,"18.000£ to 23.000£","Higher education (Bachelor, Master, PhD)",6,3.4,"left-leaning",4,7,6,5,2,7,4,5,7,5,7,7,4,5.5,6.5,3.5,5.5,6,6,5.5,0.1031,-0.22,-0.0575,1.053,0.2726,0.1555,0,2.07,0.07775
"16","577e3a5025cb71000128727e",0.595617144698679,2.3448275862069,0.693965517241379,0.94396551724138,0.556034482758621,-0.19396551724138,1.05603448275862,1.44827586206897,"Female",63,"< 18.000£","Further education",5.25,2.5,"left-leaning",5,7,3,6,7,5,1,6,6,7,5,7,4,5.33333333333333,5,6.5,3,6,6,5.5,0.1031,-0.22,-0.0575,1.431,1.0872,0.1555,0,0,0.07775
"17","577f91b84d107800016d9e69",0.841748768472906,1.87068965517241,3.09913793103448,0.599137931034483,0.900862068965517,0.150862068965517,0.650862068965518,1.20689655172414,"Male",70,"23.001£ to 30.500£","Further education",4.75,3.2,"right-leaning",6,6,4,5,5,6,6,4,5,6,6,6,7,5.5,5,5,6,4.5,6,6.5,0.6988837,-0.22,-0.0575,2.282,0.2726,0.1555,0.0729,0,0.1142
"18","58a085f6f6cc2100012af56e",0.908045977011494,1.77586206896552,2.4051724137931,2.4051724137931,0.844827586206896,0.0948275862068967,1.5948275862069,0.758620689655172,"Male",46,"23.001£ to 30.500£","Higher education (Bachelor, Master, PhD)",5,3.1,"left-leaning",3,7,7,7,7,6,5,5,2,6,7,6,5,5.83333333333333,7,7,5.5,3.5,6.5,5.5,0.6988837,-0.22,-0.0575,2.282,0,0.1555,0.2909,0,0.2232
"19","5918a03738cc6d0001a4bde7",0.62224293258776,3.60344827586207,0.120689655172414,-0.379310344827586,0.379310344827587,-0.120689655172414,0.879310344827586,0.0344827586206898,"Male",37,"> 45.001£","Higher education (Bachelor, Master, PhD)",1,2.3,"right-leaning",8,5,1,1,1,1,1,1,1,1,6,5,2,2.16666666666667,3,1,1,1,3.5,3.5,0.1031,-0.44,-0.0575,2.282,0.2726,0.1555,0,0,0.07775
"20","594a8e2eeaa18e000163f6cd",0.715182818073722,5.27586206896552,3.03017241379311,-3.2198275862069,0.719827586206897,-0.0301724137931038,-0.780172413793103,-0.241379310344827,"Female",46,"< 18.000£","Higher education (Bachelor, Master, PhD)",1,3.7,"right-leaning",9,6,1,1,1,1,1,1,1,1,5,5,1,2.08333333333333,3.5,1,1,1,3,3,1.294697,-0.33,0,2.282,0.2726,0.1555,0.0729,0.36,0.1142
"21","596e6e5cd7919800014b49b8",0.879852526566905,2.56896551724138,2.66379310344828,0.663793103448276,0.336206896551724,0.336206896551724,-0.163793103448276,0.689655172413793,"Male",48,"30.501£ to 45.000£","Compulsory education",3,3.9,"left-leaning",3,7,1,5,4,4,2,1,5,3,7,5,4,4,4,4.5,3,3,5,4.5,0.6988837,-0.33,-0.0575,2.282,1.0872,0.1555,0.0729,0,0.1142
"22","597b652912b52100010ca9b2",0.867670691950962,2.5603448275862,1.98706896551724,0.987068965517241,1.51293103448276,-0.237068965517241,1.26293103448276,1.10344827586207,"Female",23,"30.501£ to 45.000£","Higher education (Bachelor, Master, PhD)",6,3.3,"left-leaning",3,7,5,5,5,7,4,4,6,6,7,7,5,5.66666666666667,6,5,5.5,5,6.5,6,1.294697,-0.33,-0.0575,2.282,0,0.1555,0,0.36,0.07775
"23","597c6cdf21db3a0001418541",0.781002750158663,0.801724137931035,1.31034482758621,0.0603448275862073,0.689655172413794,0.189655172413793,1.43965517241379,2.51724137931034,"Male",66,"23.001£ to 30.500£","Further education",3.25,3.9,"right-leaning",7,6,1,1,1,7,1,1,5,1,4,4,1,2.75,3.5,1,4,3,2.5,2.5,1.294697,0,-0.0575,2.282,0.2726,0,0.0729,0,0.03645
"24","59839cb9554956000142d95f",0.8057672917927,2.75862068965517,2.55172413793104,1.55172413793103,0.698275862068965,-0.301724137931035,0.698275862068966,0.586206896551724,"Female",52,"< 18.000£","Compulsory education",6,1.4,"left-leaning",3,5,5,6,7,6,1,7,1,3,7,6,6,5,5,6.5,3.5,4,5,6,0.6988837,-0.33,-0.0575,1.053,0,0,0,0,0
"25","59a9c0291b7a550001d6392e",0.839439655172414,2.30172413793103,1.93534482758621,1.43534482758621,0.314655172413793,0.0646551724137929,1.06465517241379,0.517241379310345,"Female",41,"< 18.000£","Higher education (Bachelor, Master, PhD)",3.75,5.5,"left-leaning",3,7,1,3,1,7,3,3,4,4,7,7,5,4.33333333333333,4,2,5,3.5,5.5,6,0.6988837,-0.33,-0.0575,2.282,2.0414,0,0,0.9,0
"26","59b193aff69f3400018671ba",0.817789968652038,2.75862068965517,1.17672413793104,0.426724137931035,0.323275862068965,0.0732758620689655,0.323275862068966,0.586206896551724,"Male",54,"< 18.000£","Further education",3,1.2,"right-leaning",8,7,7,6,7,6,5,4,5,7,7,5,6,6,7,6.5,5.5,4.5,7,5.5,0.1031,-0.11,-0.0575,1.053,0,0.1555,0.0729,0,0.1142
"27","59baa4f5178f1b00018289b2",0.586206896551724,1.32758620689655,0.21551724137931,0.21551724137931,0.28448275862069,0.0344827586206897,0.0344827586206897,0.275862068965517,"Male",57,"23.001£ to 30.500£","Further education",1.75,3.6,"right-leaning",6,5,1,1,1,4,1,1,4,1,5,6,1,2.58333333333333,3,1,2.5,2.5,3,3.5,1.294697,-0.22,-0.0575,2.282,0.2726,0,0,0,0
"28","59e4b3a1896cfc0001921095",0.883327753598929,3.50862068965517,1.42672413793103,1.42672413793103,0.573275862068965,0.823275862068965,-0.176724137931034,0.586206896551724,"Male",52,"< 18.000£","Higher education (Bachelor, Master, PhD)",6,0.9,"left-leaning",1,7,6,6,7,7,4,5,5,6,7,6,5,5.91666666666667,6.5,6.5,5.5,5,6.5,5.5,0.1031,-0.22,-0.0575,0.955,0,0.1555,0,0,0.07775
"29","59f7876cbe9c0c0001486c7d",0.706504702194358,4.88793103448276,1.20258620689655,0.202586206896552,0.297413793103449,0.297413793103448,0.297413793103448,0.379310344827586,"Male",62,"< 18.000£","Compulsory education",4.25,3.2,"left-leaning",5,1,1,1,1,1,1,1,2,1,2,2,2,1.33333333333333,1,1,1,1.5,1.5,2,0.6988837,-0.11,-0.0575,2.282,0.2726,0.1555,0,0,0.07775
"30","5a01d867074b1900012512ef",0.703346173481227,1.93103448275862,0.336206896551724,0.836206896551724,1.41379310344828,0.413793103448276,0.913793103448275,2.31034482758621,"Female",30,"23.001£ to 30.500£","Further education",2.25,3.6,"left-leaning",5,5,1,5,1,7,1,1,6,1,7,5,1,3.41666666666667,3,3,4,3.5,4,3,1.294697,-0.22,-0.0575,2.282,0.2726,0,0,0.36,0
"31","5a04ccfef2e3460001edadef",0.834821428571429,3,1.625,0.875,-0.125,0.875,0.625,1,"Female",68,"23.001£ to 30.500£","Compulsory education",5.75,2.9,"right-leaning",8,7,2,6,7,7,1,5,7,4,7,7,4,5.33333333333333,4.5,6.5,4,6,5.5,5.5,0.6988837,-0.11,-0.0575,1.234,1.0872,0,0,0,0
"32","5a75d51a0f1bce0001219703",0.848244796520659,0.689655172413794,-0.487068965517242,1.26293103448276,0.737068965517242,0.237068965517241,0.487068965517241,1.89655172413793,"Female",66,"23.001£ to 30.500£","Compulsory education",6,3.3,"left-leaning",3,4,2,6,6,7,2,3,7,7,7,7,6,5.33333333333333,3,6,4.5,5,7,6.5,0.1031,-0.33,-0.0575,2.282,0.2726,0.1555,0,0.9,0.07775
"33","5a7ace61eea3d300016e07fd",0.620044165109563,2.88793103448276,0.0775862068965516,1.82758620689655,0.422413793103449,0.172413793103448,0.422413793103448,2.37931034482759,"Male",69,"> 45.001£","Higher education (Bachelor, Master, PhD)",5.75,3.8,"left-leaning",5,7,6,6,5,7,5,7,7,7,7,7,5,6.33333333333333,6.5,5.5,6,7,7,6,0.6988837,-0.22,-0.0575,1.431,1.0872,0,0,0.9,0
"34","5a913c1e6475f900019f8e5c",0.971078976640712,3.1551724137931,0.93103448275862,2.43103448275862,0.0689655172413793,0.0689655172413793,0.068965517241379,0.551724137931034,"Male",65,"< 18.000£","Higher education (Bachelor, Master, PhD)",6,3.2,"left-leaning",2,7,7,7,7,7,7,7,7,7,7,7,7,7,7,7,7,7,7,7,0.6988837,-0.22,-0.0575,2.282,0.2726,0.1555,0.0729,0.36,0.1142
"35","5a9ca92b6219a30001f5351e",0.52049159514499,2.82758620689655,0.590517241379309,0.840517241379311,0.90948275862069,0.15948275862069,1.90948275862069,0.275862068965518,"Male",27,"< 18.000£","Higher education (Bachelor, Master, PhD)",4.5,4,"left-leaning",3,7,5,5,5,7,4,5,6,6,7,4,5,5.5,6,5,5.5,5.5,6.5,4.5,1.294697,-0.44,-0.0575,2.282,0,0.6201,0.2909,0,0.4555
"36","5ae5a3ff3ab2fb0001ef2b91",0.486949233716475,6.87068965517241,0.0991379310344831,-1.40086206896552,0.650862068965517,-0.0991379310344827,-1.09913793103448,-0.793103448275862,"Male",34,"> 45.001£","Higher education (Bachelor, Master, PhD)",2,6,"right-leaning",10,2,1,1,1,2,1,1,4,1,7,5,1,2.25,1.5,1,1.5,2.5,4,3,1.294697,-0.44,-0.0575,2.282,1.0872,0.6201,0.2909,0.9,0.4555
"37","5ae8d7b596845f0001c7948d",0.820968303726925,2.02586206896552,0.530172413793103,1.5301724137931,1.2198275862069,0.969827586206897,0.969827586206897,0.758620689655172,"Female",59,"< 18.000£","Further education",4.25,3.4,"right-leaning",7,6,1,2,3,4,1,3,7,1,7,6,3,3.66666666666667,3.5,2.5,2.5,5,4,4.5,1.294697,-0.22,-0.0575,1.234,0.2726,0,0,0.9,0
"38","5aecb87ac09cd900015d7d7b",0.751095354359678,0.775862068965517,2.7801724137931,1.5301724137931,0.469827586206897,0.719827586206896,0.469827586206897,0.758620689655172,"Male",32,"< 18.000£","Higher education (Bachelor, Master, PhD)",5.5,3.3,"left-leaning",4,4,3,6,5,7,1,2,5,4,4,5,3,4.08333333333333,3.5,5.5,4,3.5,4,4,1.294697,-0.22,-0.0575,2.282,0,0,0,0,0
"39","5af4579eb625f70001e0cfad",0.856586351175876,2.48275862068965,1.27155172413793,0.0215517241379311,-0.271551724137931,0.478448275862069,0.728448275862069,0.827586206896552,"Female",45,"30.501£ to 45.000£","Higher education (Bachelor, Master, PhD)",4.75,7.2,"right-leaning",6,6,2,2,1,5,3,2,4,2,4,3,2,3,4,1.5,4,3,3,2.5,1.294697,-0.33,-0.0575,2.282,0.2726,0.1555,0,3.59,0.07775
"40","5b03567dc573030001c36f1d",0.858300981959352,3.17241379310345,1.40948275862069,2.15948275862069,0.0905172413793104,0.34051724137931,0.59051724137931,0.724137931034483,"Female",29,"< 18.000£","Higher education (Bachelor, Master, PhD)",6,4.2,"left-leaning",4,7,7,5,4,7,4,7,7,6,7,7,6,6.16666666666667,7,4.5,5.5,7,6.5,6.5,0.6988837,-0.22,-0.0575,0.955,0.2726,0.1555,0.2909,2.07,0.2232
"41","5b1386089663ee0001461b6e",0.539134262655906,2.62931034482759,1.77586206896552,0.525862068965517,-0.275862068965518,0.974137931034483,2.22413793103448,0.793103448275862,"Male",49,"> 45.001£","Higher education (Bachelor, Master, PhD)",6,2.1,"left-leaning",3,7,5,7,6,7,3,2,7,5,7,7,5,5.66666666666667,6,6.5,5,4.5,6,6,0.1031,-0.22,-0.0575,2.282,0,0,0,0,0
"42","5b14265d30d562000155ea04",0.911330049261084,1.50862068965517,2.30172413793104,0.0517241379310339,0.948275862068965,0.698275862068966,0.948275862068965,1.58620689655172,"Male",44,"30.501£ to 45.000£","Higher education (Bachelor, Master, PhD)",5.5,3.7,"right-leaning",6,7,2,7,4,7,1,1,6,4,6,7,3,4.58333333333333,4.5,5.5,4,3.5,5,5,1.294697,-0.33,-0.0575,2.282,0.2726,0,0.2909,0,0.14545
"43","5b1562981e55760001ba1e64",0.94160716998329,1.48275862068965,3.77155172413793,0.521551724137931,0.478448275862069,0.728448275862069,0.478448275862069,0.827586206896552,"Male",60,"23.001£ to 30.500£","Higher education (Bachelor, Master, PhD)",5,3.6,"right-leaning",6,7,6,7,7,6,7,4,7,1,4,4,6,5.5,6.5,7,6.5,5.5,2.5,5,1.294697,-0.22,-0.0575,2.282,0.2726,0,0,0.36,0
"44","5b19a21bfceed30001b57e6e",0.283628456042249,4.24137931034483,0.198275862068966,0.698275862068966,0.801724137931035,0.301724137931035,0.801724137931035,0.413793103448276,"Female",31,"30.501£ to 45.000£","Higher education (Bachelor, Master, PhD)",5.5,4.5,"right-leaning",6,7,4,5,1,7,1,1,6,6,7,6,4,4.58333333333333,5.5,3,4,3.5,6.5,5,1.294697,-0.22,-0.0575,2.282,0.2726,0,0,0.9,0
"45","5b2c0994f1ca3c000190196a",0.897252443297068,1.74137931034483,1.07327586206897,1.82327586206897,0.426724137931034,0.676724137931034,1.42672413793103,2.41379310344827,"Female",39,"30.501£ to 45.000£","Higher education (Bachelor, Master, PhD)",6,2.4,"right-leaning",7,3,4,5,6,6,4,7,6,7,7,7,7,5.75,3.5,5.5,5,6.5,7,7,1.294697,-0.33,-0.0575,1.234,0.2726,0,0,0,0
"46","5b4b0e8d94020800016323ed",0.836813987372511,1.01724137931034,1.85344827586207,1.85344827586207,0.896551724137931,-0.353448275862069,0.64655172413793,0.172413793103449,"Male",41,"30.501£ to 45.000£","Further education",5,5,"left-leaning",5,7,5,4,3,7,3,4,4,2,7,5,3,4.5,6,3.5,5,4,4.5,4,0.6988837,-0.22,-0.0575,2.282,0,0.1555,0.0729,2.07,0.1142
"47","5b4ce12a1fa5830001016869",0.827041742286751,2.54310344827586,1.38362068965517,0.883620689655173,-0.383620689655172,0.366379310344827,0.866379310344828,0.93103448275862,"Male",48,"< 18.000£","Further education",2,3.9,"right-leaning",9,5,1,5,1,5,1,1,3,1,7,3,1,2.83333333333333,3,3,3,2,4,2,1.294697,-0.11,-0.0575,2.282,0.2726,0.1555,0.0729,0,0.1142
"48","5b90696e50f7ce00016007aa",0.702300906791685,3.68103448275862,-0.788793103448277,1.71120689655172,-0.211206896551724,0.788793103448277,-0.211206896551724,1.31034482758621,"Male",71,"> 45.001£","Higher education (Bachelor, Master, PhD)",1,17.1,"right-leaning",6,7,1,1,1,1,1,1,1,1,5,1,1,1.83333333333333,4,1,1,1,3,1,1.294697,-0.44,-0.0575,2.282,0.2726,0.1555,0.0729,13.48,0.1142
"49","5b9d05862299630001406f88",0.743316187210262,2.06034482758621,0.737068965517241,1.73706896551724,0.762931034482759,-0.237068965517241,0.762931034482758,1.10344827586207,"Female",64,"< 18.000£","Further education",6,1.9,"left-leaning",2,7,7,4,5,6,6,7,4,6,7,5,7,5.91666666666667,7,4.5,6,5.5,6.5,6,0.6988837,-0.44,-0.0575,1.431,0,0.1555,0.0729,0.36,0.1142
"50","5bad50b93d5a320001f632f6",0.618752421542038,2.62931034482759,1.77586206896552,0.525862068965517,1.22413793103448,-0.275862068965517,0.474137931034483,0.793103448275862,"Female",33,"> 45.001£","Higher education (Bachelor, Master, PhD)",6,4.2,"right-leaning",8,7,5,5,5,5,3,3,4,6,7,5,6,5.08333333333333,6,5,4,3.5,6.5,5.5,1.294697,-0.44,-0.0575,1.234,2.0414,0.1555,0,0,0.07775
"51","5bec992f398eb00001a24ace",0.81192457958213,1.08620689655172,1.26724137931034,1.26724137931034,1.98275862068966,2.23275862068966,0.732758620689655,0.862068965517242,"Male",27,"< 18.000£","Further education",4,2.9,"left-leaning",5,7,5,4,3,5,1,1,6,1,5,6,1,3.75,6,3.5,3,3.5,3,3.5,0.6988837,0,-0.0575,2.282,0,0,0,0,0
"52","5c083bf7133f8700012f74fe",0.793888932526903,2.44827586206897,0.439655172413793,0.939655172413793,0.560344827586207,0.810344827586207,1.31034482758621,1.48275862068965,"Female",46,"< 18.000£","Higher education (Bachelor, Master, PhD)",5.75,2.2,"right-leaning",6,4,4,5,4,5,4,4,5,4,7,4,3,4.41666666666667,4,4.5,4.5,4.5,5.5,3.5,0.1031,-0.44,-0.0575,2.282,0.2726,0,0,0,0
"53","5c097fbac15a020001bb0720",0.74175250037319,1.11206896551724,1.29741379310345,0.297413793103448,0.202586206896552,0.452586206896552,0.452586206896552,0.620689655172414,"Female",49,"< 18.000£","Further education",1.5,3.6,"right-leaning",8,7,1,6,2,6,1,1,7,1,7,7,1,3.91666666666667,4,4,3.5,4,4,4,1.294697,-0.11,-0.0575,1.431,1.0872,0,0,0,0
"54","5c1a9e662e3e4200018d9ff6",0.396078431372549,5,0.125,-0.625,0.875,-0.125,0.625,2.49420283616661e-16,"Female",24,"30.501£ to 45.000£","Higher education (Bachelor, Master, PhD)",5,10.8,"right-leaning",6,7,6,6,3,6,1,3,6,4,6,7,4,4.91666666666667,6.5,4.5,3.5,4.5,5,5.5,1.294697,0,0,2.282,0.2726,0.1555,0.0729,6.74,0.1142
"55","5c3baa275a88cc000189ef36",0.505585235551238,1.28448275862069,0.331896551724138,0.331896551724138,0.418103448275862,0.168103448275862,0.168103448275862,0.344827586206896,"Male",45,"> 45.001£","Higher education (Bachelor, Master, PhD)",2,7.1,"right-leaning",6,7,2,7,1,7,1,1,7,1,7,7,1,4.08333333333333,4.5,4,4,4,4,4,1.294697,-0.22,-0.0575,2.282,0,0.1555,0.0729,3.59,0.1142
"56","5c3d48955fd1050001a99364",0.238933724627048,2.29310344827586,0.258620689655172,-1.24137931034483,1.49137931034483,0.491379310344828,-0.00862068965517307,1.93103448275862,"Female",33,"18.000£ to 23.000£","Compulsory education",2.5,7.6,"left-leaning",4,7,1,7,4,4,1,4,4,4,7,4,1,4,4,5.5,2.5,4,5.5,2.5,1.294697,-0.22,-0.0575,2.282,4.0896,0.1555,0.0729,0,0.1142
"57","5c49d339b43d260001e4dbcb",0.317118226600985,3.68103448275862,-0.538793103448276,0.461206896551724,1.28879310344828,0.288793103448276,-0.711206896551724,0.310344827586207,"Male",46,"> 45.001£","Compulsory education",6,6.3,"left-leaning",5,5,4,5,5,5,5,4,5,5,5,5,5,4.83333333333333,4.5,5,5,4.5,5,5,1.294697,-0.11,-0.0575,2.282,2.0414,0,0,0.9,0
"58","5c49e145e97243000194bace",0.4981460882462,5.24137931034483,-1.92672413793104,-0.676724137931035,-1.57327586206897,1.17672413793103,-0.0732758620689652,-0.586206896551724,"Female",38,"< 18.000£","Further education",3.75,6.8,"right-leaning",6,4,2,1,4,4,1,1,4,1,4,4,4,2.83333333333333,3,2.5,2.5,2.5,2.5,4,1.294697,-0.22,-0.0575,2.282,3.27168,0.1555,0.0729,0.36,0.1142
"59","5c51d3e6a163ac0001721273",0.841348384103912,2.31034482758621,0.737068965517242,0.487068965517242,0.512931034482759,0.512931034482759,0.762931034482759,1.10344827586207,"Male",47,"18.000£ to 23.000£","Higher education (Bachelor, Master, PhD)",5.75,2.1,"left-leaning",4,6,2,6,6,6,2,6,7,3,7,7,5,5.25,4,6,4,6.5,5,6,0.1031,-0.22,-0.0575,1.234,1.0872,0,0,0,0
"60","5c582f95caffa2000175bc72",0.93083855799373,2.3448275862069,1.94396551724138,0.69396551724138,0.306034482758621,0.306034482758621,0.556034482758621,0.448275862068965,"Female",37,"< 18.000£","Further education",4.5,6.9,"left-leaning",5,6,3,4,3,6,2,2,6,2,6,7,3,4.16666666666667,4.5,3.5,4,4,4,5,1.294697,0,-0.0575,2.282,1.0872,0.1555,0.0729,2.07,0.1142
"61","5c780b32f2fe9400169291fb",0.60919540229885,2.87068965517241,-0.275862068965518,0.474137931034483,0.525862068965517,-0.474137931034483,-0.224137931034483,0.206896551724138,"Male",47,"30.501£ to 45.000£","Further education",3,6.8,"right-leaning",9,4,1,1,1,3,1,1,2,1,6,2,1,2,2.5,1,2,1.5,3.5,1.5,0.6988837,-0.22,-0.0575,2.282,4.0896,0,0,0,0
"62","5c7fb5f2e87c1c00168a7de3",0.935546245568805,3.30172413793103,2.56034482758621,0.310344827586207,0.689655172413793,0.439655172413793,0.189655172413793,0.517241379310345,"Male",64,"18.000£ to 23.000£","Higher education (Bachelor, Master, PhD)",6,2.1,"left-leaning",3,7,7,7,7,7,5,7,7,7,7,7,7,6.83333333333333,7,7,6,7,7,7,1.294697,-0.33,-0.0575,1.234,0,0,0,0,0
"63","5c8a2d11f7ab04001042af3c",0.8335612986826,2.04310344827586,0.258620689655173,2.00862068965517,0.741379310344828,0.741379310344828,-0.00862068965517231,0.93103448275862,"Male",29,"< 18.000£","Higher education (Bachelor, Master, PhD)",5.25,4,"left-leaning",3,6,4,4,3,6,4,2,4,2,6,5,3,4.08333333333333,5,3.5,5,3,4,4,0.6988837,-0.33,-0.0575,2.282,0.2726,0.1555,0.0729,0.9,0.1142
"64","5c93b062c9d93b0015fcbc02",0.76960511679644,1.73275862068966,1.02155172413793,0.0215517241379308,-0.0215517241379311,1.22844827586207,0.728448275862069,1.82758620689655,"Female",40,"< 18.000£","Higher education (Bachelor, Master, PhD)",6,3,"left-leaning",5,7,3,7,4,7,1,1,4,5,7,7,4,4.75,5,5.5,4,2.5,6,5.5,0.6988837,-0.22,-0.0575,2.282,0.2726,0,0,0,0
"65","5caa0d17f1622b001256f767",0.755367599219258,2.08620689655172,0.767241379310345,-0.232758620689655,0.732758620689655,0.232758620689655,0.232758620689655,0.862068965517241,"Female",39,"< 18.000£","Compulsory education",5.75,6.8,"left-leaning",4,6,3,3,2,6,3,3,6,2,6,6,2,4,4.5,2.5,4.5,4.5,4,4,0.1031,-0.22,-0.0575,2.282,1.0872,0,0,3.59,0
"66","5cb001bac900f300128b3171",0.819907859835265,4.19827586206897,-0.685344827586207,0.814655172413793,0.435344827586207,1.18534482758621,0.685344827586207,0.482758620689655,"Female",37,"< 18.000£","Further education",6,4.1,"right-leaning",6,4,5,5,3,7,2,7,5,5,7,5,7,5.16666666666667,4.5,4,4.5,6,6,6,1.294697,-0.44,-0.0575,1.053,0,0.1555,0.0729,2.07,0.1142
"67","5cb9051d43630e00018afa56",0.805668016194332,2.75,3,1.25,1.25,-0.5,-0.25,-1.1867474430317e-16,"Male",42,"30.501£ to 45.000£","Higher education (Bachelor, Master, PhD)",1.75,10.1,"right-leaning",9,3,1,5,5,3,3,1,5,6,6,3,3,3.66666666666667,2,5,3,3,6,3,1.294697,-0.11,0,2.282,1.0872,1.11645,0.8755,3.59,0.995975
"68","5ccf4c5db46c7000170d7f5a",0.905503978779841,1.38793103448276,0.702586206896552,0.202586206896552,1.29741379310345,0.297413793103448,0.797413793103448,0.379310344827586,"Female",22,"< 18.000£","Higher education (Bachelor, Master, PhD)",4.5,7.3,"left-leaning",4,7,4,5,1,5,2,1,4,3,5,5,2,3.66666666666667,5.5,3,3.5,2.5,4,3.5,1.294697,-0.22,-0.0575,2.282,0,0.1555,0.2909,3.59,0.2232
"69","5cd01e707e84a20017fddc02",0.826628352490421,2.89655172413793,0.879310344827586,0.879310344827586,0.620689655172414,-0.629310344827586,0.370689655172414,0.965517241379311,"Female",66,"< 18.000£","Higher education (Bachelor, Master, PhD)",2.25,5,"right-leaning",6,7,3,3,1,5,1,1,4,5,7,7,3,3.91666666666667,5,2,3,2.5,6,5,0.6988837,-0.22,-0.0575,2.282,0,0.1555,0.0729,2.07,0.1142
"70","5ce046f0feca32001bf94033",0.920449077786688,4.21551724137931,0.793103448275862,0.543103448275862,0.956896551724138,0.956896551724138,0.206896551724138,0.655172413793103,"Female",36,"< 18.000£","Compulsory education",6,3.8,"left-leaning",3,7,5,5,5,6,2,3,3,4,7,5,4,4.66666666666667,6,5,4,3,5.5,4.5,1.294697,-0.22,-0.0575,2.282,0.2726,0.1555,0.0729,0.36,0.1142
"71","5cf62554ba314a001b11b8c4",0.651508620689655,2.62931034482759,0.400862068965517,0.400862068965517,-0.650862068965517,1.34913793103448,0.349137931034483,0.793103448275862,"Female",51,"< 18.000£","Higher education (Bachelor, Master, PhD)",6,4.9,"left-leaning",3,5,5,5,5,5,5,5,5,5,5,5,5,5,5,5,5,5,5,5,0.6988837,-0.11,-0.0575,2.282,2.0414,0,0,0,0
"72","5d31c201c88f0e001a4c3cb3",0.737931034482759,4.91379310344828,0.357758620689655,0.607758620689655,0.392241379310345,0.142241379310345,-0.607758620689655,0.137931034482759,"Male",62,"23.001£ to 30.500£","Compulsory education",2.75,3.3,"right-leaning",9,6,1,4,4,3,1,1,1,1,7,4,1,2.83333333333333,3.5,4,2,1,4,2.5,1.294697,-0.44,-0.0575,2.282,0.2726,0,0,0,0
"73","5d380e7c0322fd0018f3f9cd",0.724379915305505,3.63793103448276,0.452586206896551,2.20258620689655,-0.702586206896552,1.04741379310345,0.797413793103448,1.37931034482759,"Female",30,"23.001£ to 30.500£","Higher education (Bachelor, Master, PhD)",4.75,5.4,"left-leaning",4,6,3,6,1,6,1,1,1,2,6,4,1,3.16666666666667,4.5,3.5,3.5,1,4,2.5,1.294697,-0.11,-0.0575,2.282,1.0872,0,0,0.9,0
"74","5d51c2618bdb8000193f36d2",0.676212741087084,2.37931034482759,-0.099137931034483,0.150862068965517,0.349137931034483,0.0991379310344828,0.349137931034483,1.79310344827586,"Male",32,"> 45.001£","Further education",5,4.9,"left-leaning",5,6,1,2,2,6,1,1,1,2,5,4,1,2.66666666666667,3.5,2,3.5,1,3.5,2.5,0.6988837,-0.11,-0.0575,2.282,2.0414,0,0,0,0
"75","5d531d67c208c0000167ff54",0.918574785507405,1.31034482758621,1.98706896551724,1.23706896551724,1.01293103448276,0.262931034482759,1.01293103448276,1.10344827586207,"Female",56,"23.001£ to 30.500£","Further education",6,2.2,"right-leaning",6,7,4,4,7,7,4,3,7,5,7,7,7,5.75,5.5,5.5,5.5,5,6,7,0.1031,-0.44,-0.0575,2.282,0.2726,0,0,0,0
"76","5d53bf0c2ebe880001a473d2",0.611359026369168,4.21551724137931,0.668103448275862,1.16810344827586,-0.418103448275862,-0.668103448275862,0.331896551724138,-0.344827586206897,"Female",41,"23.001£ to 30.500£","Higher education (Bachelor, Master, PhD)",4.75,7.4,"left-leaning",2,7,3,2,2,2,1,4,5,3,7,7,4,3.91666666666667,5,2,1.5,4.5,5,5.5,1.294697,-0.22,-0.0575,1.431,1.0872,0.1555,0.0729,3.59,0.1142
"77","5d5455ee69f96b00164f77c7",0.787275376396309,2.56896551724138,1.41379310344828,-0.0862068965517241,0.836206896551725,0.0862068965517246,0.586206896551724,0.689655172413793,"Female",38,"< 18.000£","Higher education (Bachelor, Master, PhD)",5.25,1.7,"left-leaning",1,7,4,5,5,7,3,5,7,4,5,6,4,5.16666666666667,5.5,5,5,6,4.5,5,0.6988837,-0.11,-0.0575,1.053,0,0.1555,0,0.36,0.07775
"78","5d5ab7dd5c65830001b05441",0.84819826373733,1.35344827586207,1.49568965517241,0.995689655172414,1.50431034482759,1.00431034482759,1.50431034482759,1.03448275862069,"Female",36,"23.001£ to 30.500£","Further education",4.75,4.1,"left-leaning",4,6,2,5,6,7,5,5,6,5,7,6,5,5.41666666666667,4,5.5,6,5.5,6,5.5,0.6988837,-0.11,-0.0575,2.282,1.0872,0.1555,0,0,0.07775
"79","5d753206869c8f0001b358dd",0.890339756592292,2.88793103448276,2.20258620689655,1.20258620689655,0.797413793103449,0.0474137931034482,0.547413793103448,0.379310344827587,"Female",39,"< 18.000£","Higher education (Bachelor, Master, PhD)",3.5,1.5,"left-leaning",5,5,4,5,4,6,4,4,5,5,6,5,4,4.75,4.5,4.5,5,4.5,5.5,4.5,0.1031,-0.22,-0.0575,1.431,0.2726,0,0,0,0
"80","5d867e7268f35d00167729d4",0.844741293017155,0.965517241379308,1.41810344827586,1.66810344827586,1.58189655172414,0.0818965517241378,1.83189655172414,1.6551724137931,"Female",50,"23.001£ to 30.500£","Further education",5.25,11.1,"left-leaning",4,4,4,5,3,5,2,2,6,4,7,7,4,4.41666666666667,4,4,3.5,4,5.5,5.5,1.294697,-0.22,-0.0575,2.282,1.0872,0,0,6.74,0
"81","5d8b8137604bb000150db6d9",0.638068965517241,4.04310344827586,0.00862068965517223,0.258620689655172,0.991379310344828,1.24137931034483,0.991379310344828,0.931034482758621,"Male",19,"18.000£ to 23.000£","Compulsory education",3.75,3.6,"right-leaning",6,3,1,3,2,5,1,1,4,1,4,4,1,2.5,2,2.5,3,2.5,2.5,2.5,1.294697,-0.22,-0.0575,2.282,0.2726,0,0,0,0
"82","5da9633472811e0014ed4256",0.723166585721224,3.77586206896552,0.905172413793104,0.905172413793103,0.344827586206896,0.344827586206897,0.844827586206897,0.758620689655172,"Male",68,"< 18.000£","Further education",6,3.1,"left-leaning",5,6,6,6,6,7,4,4,5,7,7,7,6,5.91666666666667,6,6,5.5,4.5,7,6.5,0.1031,-0.33,-0.0575,2.282,1.0872,0,0,0,0
"83","5dc860e9dcc83f5d2d85ec67",0.871750949579206,3.56034482758621,-0.0129310344827591,1.98706896551724,0.762931034482759,0.512931034482759,0.512931034482759,1.10344827586207,"Female",41,"< 18.000£","Higher education (Bachelor, Master, PhD)",5,3.3,"left-leaning",5,7,5,5,5,6,4,7,7,7,7,7,5,6,6,5,5,7,7,6,1.294697,-0.22,-0.0575,0.955,0.2726,0.1555,0,0.9,0.07775
"84","5de78a8e36d8257071f28d9f",0.866869951665748,1.62931034482759,3.27586206896552,1.02586206896552,0.224137931034483,0.724137931034483,0.974137931034483,0.793103448275862,"Male",59,"> 45.001£","Compulsory education",6,2.6,"right-leaning",6,7,5,5,6,7,2,2,6,4,7,7,7,5.41666666666667,6,5.5,4.5,4,5.5,7,1.294697,-0.11,-0.0575,1.053,0.2726,0.1555,0,0,0.07775
"85","5dee0f970fdb274ae30f0846",0.606600985221675,2.06034482758621,0.73706896551724,0.737068965517241,0.262931034482759,1.01293103448276,0.512931034482759,2.10344827586207,"Male",51,"> 45.001£","Higher education (Bachelor, Master, PhD)",2.75,3.3,"right-leaning",7,6,2,4,4,5,4,3,4,6,6,5,6,4.58333333333333,4,4,4.5,3.5,6,5.5,0.1031,-0.44,-0.0575,2.282,0.2726,0.1555,0.0729,0.9,0.1142
"86","5e07b62f3ccda211e4485812",0.600927448707234,2.56896551724138,0.288793103448277,1.53879310344828,0.461206896551723,-0.538793103448276,1.21120689655172,2.68965517241379,"Female",54,"< 18.000£","Higher education (Bachelor, Master, PhD)",5.5,3.6,"left-leaning",5,7,5,5,4,6,5,5,6,4,7,7,4,5.41666666666667,6,4.5,5.5,5.5,5.5,5.5,1.294697,-0.22,-0.0575,1.234,1.0872,0.1555,0.0729,0.36,0.1142
"87","5e0a2c6ca1f3612bc1edd2bc",0.897160568993192,1.50862068965517,0.176724137931034,1.67672413793103,1.07327586206897,0.573275862068966,1.57327586206897,1.58620689655172,"Female",42,"> 45.001£","Higher education (Bachelor, Master, PhD)",5.25,5.6,"left-leaning",5,7,4,4,2,7,4,5,6,4,6,4,4,4.75,5.5,3,5.5,5.5,5,4,0.6988837,-0.11,-0.0575,2.282,0.2726,0.1555,0.2909,2.07,0.2232
"88","5e16ef52a2c696c9ecf3c849",0.602575294631165,2.42241379310345,0.90948275862069,0.40948275862069,1.09051724137931,0.0905172413793103,0.590517241379311,0.724137931034483,"Male",57,"30.501£ to 45.000£","Compulsory education",2,6.3,"right-leaning",6,4,1,1,1,4,1,1,1,2,7,6,1,2.5,2.5,1,2.5,1,4.5,3.5,1.294697,-0.33,-0.0575,2.282,1.0872,0,0,2.07,0
"89","5e206b02d63ca0000bc99207",0.571981119706307,2.01724137931034,-0.521551724137931,-1.27155172413793,0.271551724137931,1.27155172413793,2.02155172413793,2.17241379310345,"Female",34,"18.000£ to 23.000£","Further education",5.5,3.6,"left-leaning",3,7,5,7,7,7,1,1,7,7,7,7,7,5.83333333333333,6,7,4,4,7,7,1.294697,-0.22,-0.0575,2.282,0.2726,0,0,0,0
"90","5e3ec7559b43781188725eea",0.724137931034483,2.96551724137931,0.0431034482758617,0.543103448275862,0.706896551724138,-0.043103448275862,0.956896551724138,1.6551724137931,"Female",32,"> 45.001£","Higher education (Bachelor, Master, PhD)",4.75,4.5,"right-leaning",7,5,4,5,2,6,3,3,5,5,5,6,4,4.41666666666667,4.5,3.5,4.5,4,5,5,1.294697,-0.22,-0.0575,2.282,0.2726,0,0,0.9,0
"91","5e510d0760dd0913e45370dc",0.70883035459838,0.775862068965517,-0.0948275862068971,1.9051724137931,1.3448275862069,0.0948275862068964,1.0948275862069,1.75862068965517,"Female",68,"< 18.000£","Compulsory education",6,3.7,"right-leaning",7,6,5,4,4,6,4,2,5,4,7,5,5,4.75,5.5,4,5,3.5,5.5,5,0.6988837,-0.44,-0.0575,2.282,0.2726,0,0,0.9,0
"92","5e67f9a00785170a0fc039b2",0.709975369458128,4.14655172413793,1.12931034482759,0.379310344827586,0.120689655172414,0.370689655172414,1.62068965517241,0.96551724137931,"Male",45,"23.001£ to 30.500£","Further education",4,4.1,"left-leaning",5,7,3,2,1,7,1,1,3,6,6,6,2,3.75,5,1.5,4,2,6,4,0.6988837,0,-0.0575,2.282,0.2726,0,0,0.9,0
"93","5e766b0ba02ca51dfa1de797",0.798660382039196,2.35344827586207,0.995689655172414,1.49568965517241,-0.245689655172413,2.00431034482759,0.504310344827586,1.03448275862069,"Male",60,"> 45.001£","Higher education (Bachelor, Master, PhD)",5.75,1.8,"left-leaning",5,5,7,7,7,7,1,4,2,4,7,7,7,5.41666666666667,6,7,4,3,5.5,7,0.6988837,-0.33,-0.0575,1.234,0.2726,0,0,0.36,0
"94","5e8f28c5d73dcd03c21314dc",0.910855110561311,3.37931034482759,3.15086206896552,0.900862068965518,0.599137931034482,0.349137931034482,0.599137931034482,0.793103448275862,"Female",46,"30.501£ to 45.000£","Higher education (Bachelor, Master, PhD)",6,3.5,"left-leaning",4,7,6,6,7,7,4,5,6,5,7,6,7,6.08333333333333,6.5,6.5,5.5,5.5,6,6.5,0.6988837,-0.33,-0.0575,2.282,0,0.6201,0.2909,0,0.4555
"95","5e9f0bc126557006ea49d1f4",0.735122358175751,4.68965517241379,1.01293103448276,-1.23706896551724,1.23706896551724,-1.01293103448276,-0.762931034482759,-0.103448275862069,"Male",69,"> 45.001£","Higher education (Bachelor, Master, PhD)",1.75,2.3,"right-leaning",6,4,2,3,2,5,1,1,1,1,5,4,1,2.5,3,2.5,3,1,3,2.5,0.1031,-0.33,-0.0575,2.282,0.2726,0,0,0,0
"96","5ea051f6ef1e88000bbae035",0.920349684312773,1.27586206896552,0.905172413793104,1.4051724137931,0.344827586206897,0.0948275862068967,0.594827586206897,0.758620689655172,"Male",71,"< 18.000£","Compulsory education",2.25,5.5,"right-leaning",6,5,1,4,1,5,1,1,5,1,5,5,3,3.08333333333333,3,2.5,3,3,3,4,1.294697,-0.33,-0.0575,2.282,0.2726,0,0,2.07,0
"97","5ea31e2cfe333e274552c8d6",0.695984286337844,3.00862068965517,1.17672413793103,1.17672413793103,0.0732758620689658,0.0732758620689657,0.0732758620689655,0.586206896551724,"Female",73,"18.000£ to 23.000£","Higher education (Bachelor, Master, PhD)",4,3.7,"left-leaning",5,7,5,3,3,5,4,3,4,4,4,4,5,4.25,6,3,4.5,3.5,4,4.5,1.294697,-0.33,-0.0575,2.282,0.2726,0.1555,0.0729,0,0.1142
"98","5eaab7bc385332016e089dda",0.493227271021725,2.20689655172414,0.866379310344828,0.116379310344828,1.38362068965517,0.633620689655172,0.883620689655172,2.06896551724138,"Male",37,"23.001£ to 30.500£","Higher education (Bachelor, Master, PhD)",4,4.8,"right-leaning",8,6,3,5,4,6,3,2,5,2,6,6,5,4.41666666666667,4.5,4.5,4.5,3.5,4,5.5,0.6988837,-0.22,-0.0575,2.282,1.0872,0.1555,0,0.9,0.07775
"99","5eac2b53f9860926271f3436",0.592823514442041,2.3448275862069,1.06896551724138,0.0689655172413789,0.931034482758621,0.431034482758621,0.43103448275862,0.448275862068966,"Male",24,"< 18.000£","Higher education (Bachelor, Master, PhD)",5,4.5,"right-leaning",6,7,1,6,3,7,3,4,5,5,6,6,6,4.91666666666667,4,4.5,5,4.5,5.5,6,1.294697,-0.22,-0.0575,2.282,0.2726,0,0.0729,0.9,0.03645
"100","5ead6fe25ed0c73fa418e825",0.904126388688501,1.61206896551724,2.54741379310345,1.54741379310345,0.202586206896551,0.702586206896552,0.702586206896553,1.62068965517241,"Female",35,"< 18.000£","Higher education (Bachelor, Master, PhD)",5.5,2.2,"left-leaning",4,6,3,5,4,6,4,6,6,5,6,6,4,5.08333333333333,4.5,4.5,5,6,5.5,5,0.1031,-0.22,-0.0575,1.053,1.0872,0.1555,0.0729,0.36,0.1142
"101","5eaf0f7a12e7015e515672f5",0.571636716852841,2.79310344827586,-0.116379310344828,1.13362068965517,0.116379310344827,0.366379310344828,-0.383620689655173,1.93103448275862,"Female",21,"> 45.001£","Higher education (Bachelor, Master, PhD)",4.25,9.8,"left-leaning",5,7,3,4,1,2,1,1,2,3,5,4,1,2.83333333333333,5,2.5,1.5,1.5,4,2.5,0.6988837,-0.11,-0.0575,2.282,0,0.1555,0.0729,6.74,0.1142
"102","5ebe6f716af68007472aff9a",0.777746754153288,0.913793103448275,0.482758620689655,0.982758620689656,0.267241379310345,0.517241379310345,0.017241379310345,1.13793103448276,"Female",56,"30.501£ to 45.000£","Higher education (Bachelor, Master, PhD)",6,2.6,"left-leaning",4,7,2,7,5,7,4,4,7,6,7,7,6,5.75,4.5,6,5.5,5.5,6.5,6.5,0.6988837,-0.33,-0.0575,1.234,1.0872,0,0,0,0
"103","5ec28a6332a7510637436a57",0.570564438451165,1.4051724137931,0.55603448275862,0.056034482758621,-0.556034482758621,0.443965517241379,0.94396551724138,2.55172413793103,"Female",48,"> 45.001£","Higher education (Bachelor, Master, PhD)",1,9.9,"right-leaning",7,6,1,1,1,3,1,1,2,1,6,4,1,2.33333333333333,3.5,1,2,1.5,3.5,2.5,0.6988837,0,-0.0575,2.282,0.2726,0,0,6.74,0
"104","5ecae23b40dae00008174c32",0.574526779163609,1.89655172413793,1.75431034482759,1.50431034482759,0.995689655172414,1.74568965517241,0.495689655172415,0.965517241379311,"Male",52,"23.001£ to 30.500£","Higher education (Bachelor, Master, PhD)",4.75,3.3,"right-leaning",7,7,3,4,3,6,5,2,3,7,7,5,5,4.75,5,3.5,5.5,2.5,7,5,0.1031,-0.22,-0.0575,2.282,0.2726,0,0,0.9,0
"105","5ecb75a89b41896d3d07e48c",0.832614942528736,3.23275862068965,1.39655172413793,0.646551724137931,0.103448275862069,0.103448275862069,1.35344827586207,0.827586206896551,"Female",29,"< 18.000£","Compulsory education",5.75,5,"right-leaning",8,5,2,3,5,6,1,1,3,5,6,6,6,4.08333333333333,3.5,4,3.5,2,5.5,6,0.6988837,-0.22,-0.0575,2.282,2.0414,0.1555,0.0729,0.36,0.1142
"106","5edac0f64bdac171a36a04fb",0.798867730313947,3.06034482758621,1.48706896551724,-0.0129310344827587,0.262931034482759,0.262931034482758,0.762931034482759,1.10344827586207,"Male",30,"< 18.000£","Higher education (Bachelor, Master, PhD)",3.75,3.6,"left-leaning",5,7,3,3,3,5,2,1,4,5,6,5,3,3.91666666666667,5,3,3.5,2.5,5.5,4,0.6988837,-0.44,-0.0575,2.282,1.0872,0,0,0.36,0
"107","5edec1fe543b8816c672b069",0.897638039666036,0.793103448275862,1.13362068965517,1.88362068965517,1.61637931034483,2.11637931034483,0.866379310344828,1.93103448275862,"Male",29,"18.000£ to 23.000£","Higher education (Bachelor, Master, PhD)",3.75,3.1,"right-leaning",8,5,3,2,2,5,1,1,1,3,6,5,2,3,4,2,3,1,4.5,3.5,0.6988837,-0.11,-0.0575,2.282,0.2726,0,0,0,0
"108","5efa06a1126bfa7f11506169",0.934103970741902,2.07758620689655,3.34051724137931,0.840517241379311,0.909482758620689,-0.0905172413793103,0.40948275862069,1.27586206896552,"Female",41,"30.501£ to 45.000£","Higher education (Bachelor, Master, PhD)",6,5.5,"left-leaning",3,7,5,7,6,7,2,5,6,6,6,6,5,5.66666666666667,6,6.5,4.5,5.5,6,5.5,0.6988837,-0.22,-0.0575,0.955,0.2726,0.1555,0.0729,3.59,0.1142
"109","5f19675f002f9a01e273dc57",0.786001128405961,2.4051724137931,2.43103448275862,1.68103448275862,0.31896551724138,0.568965517241379,0.31896551724138,1.55172413793103,"Female",52,"< 18.000£","Higher education (Bachelor, Master, PhD)",5.75,5.3,"left-leaning",3,7,4,4,1,4,5,5,5,6,7,6,6,5,5.5,2.5,4.5,5,6.5,6,1.294697,-0.44,-0.0575,2.282,0,0.1555,0,2.07,0.07775
"110","5f2b3239b986da551f26bec7",0.832491397613295,2.58620689655172,0.517241379310345,0.517241379310345,0.232758620689655,2.23275862068966,-0.267241379310345,0.862068965517241,"Male",33,"30.501£ to 45.000£","Further education",3.25,2,"right-leaning",6,6,3,2,1,5,1,1,1,1,6,6,1,2.83333333333333,4.5,1.5,3,1,3.5,3.5,0.6988837,0,-0.0575,1.053,0.2726,0,0,0,0
"111","5f4650bde0e1d7016717bb5e",0.759308379998035,2.19827586206897,1.06465517241379,1.06465517241379,0.435344827586207,0.185344827586207,1.18534482758621,0.482758620689655,"Female",50,"30.501£ to 45.000£","Higher education (Bachelor, Master, PhD)",5.5,9.1,"left-leaning",4,7,4,7,2,6,2,2,2,5,7,6,3,4.41666666666667,5.5,4.5,4,2,6,4.5,1.294697,-0.22,-0.0575,2.282,1.0872,1.11645,0,3.59,0.558225
"112","5f490578022f3f2d80b83975",0.803914730371856,0.96551724137931,1.41810344827586,1.66810344827586,0.331896551724138,0.0818965517241376,1.33189655172414,1.6551724137931,"Female",44,"< 18.000£","Further education",4,3.7,"left-leaning",4,7,1,5,3,6,1,1,7,1,7,7,1,3.91666666666667,4,4,3.5,4,4,4,1.294697,-0.11,-0.0575,2.282,0.2726,0,0,0,0
"113","5f4eae624562c70dbee13cd2",0.965182457315032,1.9051724137931,2.18103448275862,0.431034482758621,0.818965517241379,0.318965517241379,0.0689655172413793,0.551724137931034,"Female",58,"23.001£ to 30.500£","Higher education (Bachelor, Master, PhD)",6,4.2,"left-leaning",4,7,4,6,6,7,5,6,7,5,7,7,6,6.08333333333333,5.5,6,6,6.5,6,6.5,0.1031,-0.33,-0.0575,1.431,0.2726,0.6201,0.0729,2.07,0.3465
"114","5f5a785cfbf1061461451d9a",0.778456763179592,1.37931034482759,2.52586206896552,0.0258620689655175,0.724137931034483,0.724137931034483,0.724137931034483,0.793103448275861,"Female",55,"30.501£ to 45.000£","Higher education (Bachelor, Master, PhD)",4.75,9.3,"right-leaning",6,7,3,4,1,5,1,1,7,6,7,7,1,4.16666666666667,5,2.5,3,4,6.5,4,0.6988837,0,-0.0575,2.282,0,1.8662,0.8755,3.59,1.37085
"115","5f70670e26f83062b8e73a09",0.214787590530753,3.05172413793103,0.0603448275862067,0.060344827586207,-0.560344827586207,0.189655172413793,0.689655172413793,0.517241379310345,"Female",57,"> 45.001£","Higher education (Bachelor, Master, PhD)",5.75,2.7,"right-leaning",6,7,5,5,5,6,1,5,5,5,6,6,4,5,6,5,3.5,5,5.5,5,0.6988837,-0.11,-0.0575,1.053,1.0872,0,0,0,0
"116","5fa450d5cec1de08e31b8a58",0.831357151187653,2.42241379310345,0.40948275862069,0.909482758620689,1.84051724137931,0.34051724137931,2.34051724137931,1.72413793103448,"Male",43,"23.001£ to 30.500£","Higher education (Bachelor, Master, PhD)",2.75,5.3,"left-leaning",5,5,1,4,3,4,1,1,2,1,5,4,1,2.66666666666667,3,3.5,2.5,1.5,3,2.5,1.294697,-0.22,-0.0575,2.282,1.0872,0,0,0.9,0
"117","5fac822590be0627d4f09b47",0.95707956077827,1.31896551724138,1.78879310344828,1.28879310344828,2.21120689655172,1.71120689655172,0.711206896551725,0.689655172413793,"Female",26,"< 18.000£","Higher education (Bachelor, Master, PhD)",5.75,3.9,"left-leaning",5,7,3,5,3,7,1,5,7,1,7,7,2,4.58333333333333,5,4,4,6,4,4.5,0.6988837,-0.11,-0.0575,2.282,0,0.1555,0.0729,0.9,0.1142
"118","5fd4d10b2f970406fe63ad96",0.79879198491579,1.96551724137931,3.29310344827586,0.293103448275862,0.956896551724138,0.706896551724138,0.706896551724138,0.655172413793103,"Male",59,"23.001£ to 30.500£","Compulsory education",5.5,2.6,"left-leaning",4,7,7,6,7,7,4,5,6,7,7,6,7,6.33333333333333,7,6.5,5.5,5.5,7,6.5,0.6988837,-0.33,-0.0575,2.282,0,0,0,0,0
"119","5fd7b5c1b6d6ef043967330c",0.700725952813067,3.79310344827586,1.13362068965517,0.883620689655173,0.116379310344827,0.616379310344827,0.866379310344828,0.93103448275862,"Male",59,"> 45.001£","Higher education (Bachelor, Master, PhD)",2.5,4.4,"right-leaning",7,6,1,2,2,2,2,1,2,2,5,5,4,2.83333333333333,3.5,2,2,1.5,3.5,4.5,1.294697,-0.22,-0.0575,2.282,1.0872,0,0,0,0
"120","6009aabebe921302cf083b53",0.664608743663103,2.18103448275862,0.711206896551724,1.71120689655172,0.0387931034482754,0.288793103448276,1.28879310344828,1.31034482758621,"Female",57,"< 18.000£","Higher education (Bachelor, Master, PhD)",6,3.9,"left-leaning",3,7,6,6,6,7,5,5,7,5,7,7,4,6,6.5,6,6,6,6,5.5,1.294697,-0.11,-0.0575,2.282,0.2726,0.1555,0.0729,0.36,0.1142
"121","600c415a8f1fb8334df20e2a",0.649623464130004,2.60344827586207,-0.129310344827586,0.870689655172414,0.879310344827586,0.129310344827586,1.12931034482759,1.03448275862069,"Male",34,"23.001£ to 30.500£","Further education",6,4.9,"left-leaning",3,6,5,6,6,7,2,4,7,2,7,7,4,5.25,5.5,6,4.5,5.5,4.5,5.5,0.6988837,0,-0.0575,2.282,1.0872,0,0,0.9,0
"122","600c50439b60d826f3052f7d",0.848324658425504,1.02586206896552,1.2801724137931,0.780172413793104,1.9698275862069,0.969827586206896,1.4698275862069,1.75862068965517,"Female",36,"18.000£ to 23.000£","Higher education (Bachelor, Master, PhD)",6,4.2,"left-leaning",2,5,6,6,5,6,3,6,7,4,7,6,5,5.5,5.5,5.5,4.5,6.5,5.5,5.5,1.294697,-0.11,-0.0575,1.053,1.0872,0,0,0.9,0
"123","6026b621a46afb3bc557fe0b",0.441478779840849,3.6551724137931,1.30603448275862,1.05603448275862,-0.306034482758621,-0.0560344827586213,0.19396551724138,-0.448275862068965,"Female",32,"23.001£ to 30.500£","Further education",4.25,8.2,"left-leaning",5,4,5,4,4,4,4,3,4,4,4,4,3,3.91666666666667,4.5,4,4,3.5,4,3.5,0.1031,-0.11,-0.0575,2.282,3.27168,1.8662,0.8755,0.36,1.37085
"124","6033aebb7228c70967a3ab43",0.700281934504446,2.72413793103448,1.3448275862069,1.3448275862069,0.905172413793103,-0.344827586206897,0.655172413793103,1.24137931034483,"Male",33,"> 45.001£","Higher education (Bachelor, Master, PhD)",4.25,7.3,"left-leaning",3,6,2,5,2,6,2,2,6,4,7,6,2,4.16666666666667,4,3.5,4,4,5.5,4,1.294697,-0.22,-0.0575,2.282,0.2726,0.1555,0,3.59,0.07775
"125","60358f36069759a81559481c",0.83353950827277,1.30172413793103,0.685344827586207,0.685344827586207,1.81465517241379,0.564655172413793,1.56465517241379,2.51724137931034,"Female",25,"18.000£ to 23.000£","Further education",4.75,7.3,"left-leaning",1,6,6,4,1,5,2,2,5,5,7,5,5,4.41666666666667,6,2.5,3.5,3.5,6,5,1.294697,-0.22,-0.0575,2.282,0.2726,0.1555,0,3.59,0.07775
"126","6043e7baeea596429e6dd9e3",0.799756371814093,2.31034482758621,1.73706896551724,0.487068965517242,1.01293103448276,0.262931034482759,0.512931034482758,2.10344827586207,"Female",54,"< 18.000£","Compulsory education",3,3.7,"right-leaning",6,7,2,3,2,7,1,1,7,1,7,6,1,3.75,4.5,2.5,4,4,4,3.5,1.294697,-0.22,-0.0575,2.282,0.2726,0.1555,0,0,0.07775
"127","60455b1578f6f36a3e8ea81c",0.591611717652146,2.76724137931035,0.72844827586207,0.728448275862069,0.021551724137931,0.0215517241379313,0.521551724137931,1.17241379310345,"Male",37,"23.001£ to 30.500£","Higher education (Bachelor, Master, PhD)",5.75,4,"left-leaning",1,7,7,5,5,7,3,5,7,6,6,5,3,5.5,7,5,5,6,6,4,1.294697,-0.22,0,2.282,0,0.6201,0.0729,0,0.3465
"128","605c9274dc5f3a6bffa23b54",0.921217994810392,1.58620689655173,3.26724137931034,1.76724137931034,0.482758620689655,-0.0172413793103444,0.482758620689655,0.862068965517241,"Female",30,"< 18.000£","Further education",5.25,3.1,"left-leaning",5,5,4,2,6,7,3,3,7,5,7,6,4,4.91666666666667,4.5,4,5,5,6,5,0.6988837,-0.11,-0.0575,2.282,0.2726,0,0,0,0
"129","6070388ecc8d1f63c6349b7b",0.656086729362591,1.82758620689655,1.09051724137931,0.340517241379311,1.40948275862069,-0.59051724137931,0.15948275862069,1.27586206896552,"Female",24,"18.000£ to 23.000£","Higher education (Bachelor, Master, PhD)",6,4.6,"left-leaning",1,6,1,4,3,6,1,3,6,1,7,6,1,3.75,3.5,3.5,3.5,4.5,4,3.5,1.294697,-0.11,-0.0575,2.282,0.2726,0,0,0.9,0
"130","60aa9b9abb58b220b9e3e9d7",0.762309542902967,4.28448275862069,1.33189655172414,-0.668103448275863,-0.0818965517241382,0.168103448275863,-0.331896551724138,0.344827586206897,"Male",47,"> 45.001£","Higher education (Bachelor, Master, PhD)",5.25,3.2,"right-leaning",6,6,7,5,4,6,4,3,6,6,7,7,6,5.58333333333333,6.5,4.5,5,4.5,6.5,6.5,0.1031,-0.33,-0.0575,2.282,0.2726,0,0.0729,0.9,0.03645
"131","60afd4165298851467d2a22a",0.858439201451906,2.96551724137931,-0.206896551724138,2.79310344827586,0.706896551724138,-0.293103448275862,0.706896551724138,1.6551724137931,"Female",25,"< 18.000£","Higher education (Bachelor, Master, PhD)",3.5,18,"right-leaning",6,7,1,6,1,7,1,1,3,1,7,1,1,3.08333333333333,4,3.5,4,2,4,1,1.294697,0,-0.0575,2.282,0.2726,0.1555,0.5463,13.48,0.3509
"132","60be448c7a00c44fbb47500e",0.318620689655172,2.78448275862069,1.20689655172414,0.456896551724138,0.543103448275862,1.29310344827586,0.543103448275862,0.344827586206896,"Female",32,"< 18.000£","Higher education (Bachelor, Master, PhD)",4.25,3,"left-leaning",5,3,3,6,1,7,1,1,7,6,6,7,4,4.33333333333333,3,3.5,4,4,6,5.5,0.6988837,-0.22,-0.0575,2.282,0.2726,0,0,0,0
"133","60c9ab402f1c532d26288def",0.713294296248102,3.07758620689655,0.590517241379311,0.59051724137931,0.90948275862069,-0.0905172413793104,0.409482758620689,0.275862068965517,"Male",39,"> 45.001£","Higher education (Bachelor, Master, PhD)",5.75,4,"right-leaning",6,6,1,4,4,6,1,5,6,6,7,7,5,4.83333333333333,3.5,4,3.5,5.5,6.5,6,0.6988837,-0.11,-0.0575,2.282,0.2726,0,0,0.9,0
"134","60e0ac8e365f0b68f81e4ba2",0.576059381753265,2.42241379310345,1.28448275862069,0.53448275862069,0.715517241379311,-0.28448275862069,-0.034482758620689,0.724137931034483,"Female",61,"18.000£ to 23.000£","Further education",5.25,5.9,"left-leaning",5,7,4,5,1,7,7,2,4,3,7,2,1,4.16666666666667,5.5,3,7,3,5,1.5,1.294697,-0.11,-0.0575,1.431,1.0872,0.1555,0.0729,2.07,0.1142
"135","60ea0498cfbeface04b33ed0",0.892984542211653,2.36206896551724,1.67241379310345,1.17241379310345,-0.422413793103448,-0.422413793103448,1.07758620689655,0.620689655172414,"Female",55,"23.001£ to 30.500£","Further education",3.75,3.6,"right-leaning",7,5,5,5,5,6,2,2,5,2,6,5,3,4.25,5,5,4,3.5,4,4,1.294697,-0.22,-0.0575,2.282,0.2726,0,0,0,0
"136","60fbdcf31484efee3cf8d03b",0.802491424444846,1.66379310344828,1.48275862068966,1.23275862068966,0.0172413793103449,0.517241379310345,0.267241379310344,2.13793103448276,"Female",22,"23.001£ to 30.500£","Higher education (Bachelor, Master, PhD)",3.75,3.4,"left-leaning",3,7,4,4,1,6,1,1,5,3,4,4,1,3.41666666666667,5.5,2.5,3.5,3,3.5,2.5,0.6988837,-0.22,-0.0575,2.282,0,0.1555,0.5463,0,0.3509
"137","61037333eaacd23a3460ffc2",0.851492094328423,1.16379310344828,1.73275862068966,1.48275862068966,0.767241379310345,0.267241379310345,1.01724137931034,1.13793103448276,"Male",43,"< 18.000£","Further education",6,2,"left-leaning",3,6,7,6,5,7,1,1,6,4,7,6,2,4.83333333333333,6.5,5.5,4,3.5,5.5,4,0.1031,-0.33,-0.0575,2.282,0,0,0,0,0
"138","610d5b907f2c451c9972a3eb",0.666365769994584,1.29310344827586,0.258620689655173,0.758620689655173,0.491379310344828,-0.258620689655173,0.241379310344828,0.931034482758621,"Male",41,"30.501£ to 45.000£","Compulsory education",3,3.5,"right-leaning",7,5,1,1,1,5,1,1,1,1,6,1,1,2.08333333333333,3,1,3,1,3.5,1,0.1031,-0.11,-0.0575,2.282,0.2726,0.1555,0,0.9,0.07775
"139","6111b4dd6f6ac03b5e1a44ba",0.83433908045977,0.620689655172414,1.59913793103448,0.349137931034483,0.900862068965518,0.400862068965517,1.15086206896552,1.20689655172414,"Male",38,"30.501£ to 45.000£","Higher education (Bachelor, Master, PhD)",5.75,5.8,"right-leaning",6,7,3,5,3,7,1,2,7,5,7,7,3,4.75,5,4,4,4.5,6,5,0.6988837,-0.44,-0.0575,2.282,3.27168,0,0,0,0
"140","611e1cf011c9f05d6990d4ae",0.883359456635319,0.922413793103449,1.65948275862069,1.15948275862069,1.34051724137931,-0.15948275862069,0.840517241379311,0.724137931034483,"Female",30,"< 18.000£","Further education",5.75,1.1,"left-leaning",3,7,4,7,2,7,2,2,7,5,7,7,2,4.91666666666667,5.5,4.5,4.5,4.5,6,4.5,0.1031,-0.22,-0.0575,1.053,0.2726,0,0,0,0
"141","61289487d8a63660ac5b1b9e",0.616484440706476,3.23275862068966,-0.35344827586207,2.39655172413793,-1.64655172413793,0.353448275862069,1.10344827586207,0.827586206896552,"Male",32,"23.001£ to 30.500£","Further education",3.75,4.2,"right-leaning",6,7,5,6,1,7,1,2,6,2,7,7,2,4.41666666666667,6,3.5,4,4,4.5,4.5,0.6988837,0,-0.0575,2.282,1.0872,0.1555,0.0729,0.36,0.1142
"142","612dcfb8c22343ecae65b26b",0.921280911484183,0.586206896551725,1.51724137931034,1.51724137931034,1.48275862068966,0.482758620689655,1.98275862068966,0.862068965517242,"Male",49,"30.501£ to 45.000£","Further education",5.25,4,"left-leaning",5,7,2,6,2,7,1,1,2,5,7,7,6,4.41666666666667,4.5,4,4,1.5,6,6.5,0.6988837,-0.33,-0.0575,1.234,2.0414,0.1555,0.2909,0,0.2232
"143","613a39b4ebe56cbaf3dbfdc7",0.804620552546788,1.51724137931035,-0.0215517241379309,1.72844827586207,0.771551724137931,0.771551724137931,1.02155172413793,1.17241379310345,"Female",34,"23.001£ to 30.500£","Higher education (Bachelor, Master, PhD)",6,4,"left-leaning",1,7,5,6,5,7,6,7,7,5,7,7,7,6.33333333333333,6,5.5,6.5,7,6,7,0.6988837,0,-0.0575,1.053,0,0.1555,0.0729,2.07,0.1142
"144","6147568a852e8ede83722b7e",0.664777639035635,2.8448275862069,1.69396551724138,0.443965517241379,0.306034482758621,0.306034482758621,0.556034482758621,-0.551724137931035,"Male",30,"30.501£ to 45.000£","Compulsory education",3.75,7.1,"left-leaning",5,3,3,4,3,3,4,3,3,4,3,3,4,3.33333333333333,3,3.5,3.5,3,3.5,3.5,1.294697,-0.11,-0.0575,2.282,1.0872,1.11645,0.5463,0.9,0.831375
"145","6149a0903f726fd4d9b1df7f",0.941550893894946,0.43103448275862,1.33620689655172,0.336206896551724,0.913793103448276,0.663793103448276,1.16379310344828,2.31034482758621,"Male",62,"> 45.001£","Compulsory education",4,7.9,"left-leaning",5,5,2,4,2,6,2,2,5,5,7,5,3,4,3.5,3,4,3.5,6,4,1.294697,-0.33,-0.0575,2.282,1.0872,0,0,3.59,0
"146","615f09d51152027754156b2b",0.775679039461161,3.13793103448276,0.827586206896552,1.82758620689655,-0.0775862068965518,1.17241379310345,0.172413793103449,0.379310344827586,"Male",53,"< 18.000£","Higher education (Bachelor, Master, PhD)",4,3,"left-leaning",5,6,1,5,5,2,1,1,6,2,6,6,3,3.66666666666667,3.5,5,1.5,3.5,4,4.5,0.6988837,-0.22,-0.0575,2.282,0.2726,0,0,0.36,0
"147","61605d5958194ce00c7b9c91",0.813218390804598,2.88793103448276,1.82758620689655,0.0775862068965518,0.172413793103449,-0.0775862068965518,0.672413793103448,1.37931034482759,"Female",38,"18.000£ to 23.000£","Further education",4.75,3.8,"left-leaning",5,7,2,5,2,6,2,2,6,2,6,6,3,4.08333333333333,4.5,3.5,4,4,4,4.5,1.294697,0,-0.0575,2.282,0.2726,0,0,0.36,0
"148","61f2ae2da09e72f23cbafa4f",0.867963454170351,10.0603448275862,-1.88793103448276,-2.13793103448276,-0.612068965517241,-0.612068965517241,-0.362068965517241,-2.89655172413793,"Male",25,"< 18.000£","Higher education (Bachelor, Master, PhD)",4,4.7,"left-leaning",5,5,4,4,3,4,5,6,5,4,5,6,5,4.66666666666667,4.5,3.5,4.5,5.5,4.5,5.5,1.294697,0,-0.0575,3.16,0.2726,0,0,0,0
"149","61fa9016d42cb19beec49061",0.711942150990233,1.49137931034483,1.32327586206896,1.82327586206897,0.926724137931035,0.676724137931035,0.676724137931034,0.413793103448276,"Male",50,"< 18.000£","Higher education (Bachelor, Master, PhD)",5.25,6.5,"left-leaning",5,7,5,7,2,5,4,3,3,5,6,3,4,4.5,6,4.5,4.5,3,5.5,3.5,0.6988837,-0.22,-0.0575,2.282,0,0.1555,0.0729,3.59,0.1142
"150","61fa9090d42cb19beec49175",0.405890804597701,3.46551724137931,0.668103448275862,-0.0818965517241376,0.831896551724138,-0.418103448275862,0.331896551724138,0.655172413793103,"Female",29,"23.001£ to 30.500£","Further education",5.5,3.3,"left-leaning",4,6,5,5,5,4,1,1,2,1,5,5,1,3.41666666666667,5.5,5,2.5,1.5,3,3,1.294697,-0.22,-0.0575,2.282,0,0,0,0,0
"151","62029b31ef1cb18a1337c7be",0.652597701149425,0.767241379310345,0.978448275862069,0.478448275862069,1.02155172413793,-0.228448275862069,0.271551724137931,1.17241379310345,"Female",49,"< 18.000£","Further education",5.25,4.3,"left-leaning",5,4,1,4,4,2,1,1,4,2,7,4,1,2.91666666666667,2.5,4,1.5,2.5,4.5,2.5,1.294697,-0.33,-0.0575,2.282,1.0872,0,0,0,0
"152","6274f9115634950cf5970f1c",0.89474801061008,2.02586206896552,2.4051724137931,1.1551724137931,1.0948275862069,0.0948275862068965,1.3448275862069,1.75862068965517,"Male",43,"< 18.000£","Higher education (Bachelor, Master, PhD)",6,1.5,"left-leaning",1,6,7,5,7,6,3,7,6,5,6,4,5,5.58333333333333,6.5,6,4.5,6.5,5.5,4.5,0.6988837,-0.22,-0.0575,1.053,0,0,0.0729,0,0.03645
"153","6277fb597942c07d74b16b98",0.540045977011494,3.19827586206897,0.814655172413793,1.31465517241379,0.435344827586207,-0.314655172413793,0.185344827586207,0.482758620689655,"Female",33,"> 45.001£","Higher education (Bachelor, Master, PhD)",6,10.5,"left-leaning",3,7,6,7,5,7,6,7,6,5,7,7,7,6.41666666666667,6.5,6,6.5,6.5,6,7,1.294697,-0.22,-0.0575,2.282,0.2726,0.1555,0.0729,6.74,0.1142
"154","627e76aae54a59191fa81f08",0.657131661442006,2.56034482758621,1.11206896551724,1.36206896551724,1.63793103448276,0.387931034482759,0.137931034482759,1.10344827586207,"Female",22,"18.000£ to 23.000£","Higher education (Bachelor, Master, PhD)",5.5,4.8,"left-leaning",2,7,6,5,4,5,6,5,5,6,7,6,6,5.66666666666667,6.5,4.5,5.5,5,6.5,6,1.294697,-0.11,-0.0575,1.431,1.0872,0.1555,0.0729,0.9,0.1142
"155","62a0f6d97132dba61b6ea5b1",0.757081280788177,1.38793103448276,1.32758620689655,1.07758620689655,1.67241379310345,0.922413793103449,1.67241379310345,1.37931034482759,"Male",31,"30.501£ to 45.000£","Higher education (Bachelor, Master, PhD)",6,5.9,"left-leaning",5,7,5,7,5,7,5,4,6,5,6,6,5,5.66666666666667,6,6,6,5,5.5,5.5,0.6988837,-0.22,-0.0575,2.282,1.0872,0,0,2.07,0
"156","62a133f31c71d01e25386981",0.78945947769755,3.17241379310345,1.78448275862069,1.28448275862069,-0.284482758620689,0.46551724137931,0.465517241379311,0.724137931034483,"Female",47,"30.501£ to 45.000£","Higher education (Bachelor, Master, PhD)",4,3.8,"right-leaning",6,5,3,5,2,5,3,2,5,4,6,5,4,4.08333333333333,4,3.5,4,3.5,5,4.5,0.6988837,-0.33,-0.0575,2.282,0.2726,0,0,0.9,0
"157","62b0a3fa60084743d22ad31c",0.876256157635468,1.72413793103448,1.3448275862069,1.3448275862069,0.405172413793103,0.905172413793104,1.9051724137931,1.24137931034483,"Female",33,"18.000£ to 23.000£","Further education",5,8.4,"left-leaning",5,5,4,2,1,7,1,1,1,5,7,3,3,3.33333333333333,4.5,1.5,4,1,6,3,1.294697,-0.22,-0.0575,2.282,4.0896,0,0.0729,0.9,0.03645
"158","62b5d90d09660072824f68cf",0.615486374459829,3.0948275862069,1.56896551724138,0.81896551724138,-0.0689655172413792,0.431034482758621,0.181034482758621,0.448275862068966,"Male",37,"30.501£ to 45.000£","Higher education (Bachelor, Master, PhD)",5,5.3,"left-leaning",3,7,2,6,3,6,3,3,6,3,5,7,5,4.66666666666667,4.5,4.5,4.5,4.5,4,6,0.6988837,-0.22,-0.0575,2.282,0.2726,0.1555,0.0729,2.07,0.1142
"159","62b84bc871daedd6295f2a55",0.870711260910898,2.92241379310345,2.03448275862069,0.28448275862069,0.465517241379311,0.21551724137931,0.465517241379311,0.724137931034483,"Female",55,"< 18.000£","Higher education (Bachelor, Master, PhD)",6,6.3,"left-leaning",5,6,1,4,2,6,1,1,5,1,5,5,1,3.16666666666667,3.5,3,3.5,3,3,3,0.6988837,-0.11,-0.0575,1.431,4.0896,0.1555,0.0729,0,0.1142
"160","62bcbc7df297dff85dfa7857",0.436457174638487,3.62931034482759,0.650862068965517,1.15086206896552,0.349137931034483,0.849137931034483,0.349137931034483,0.793103448275862,"Male",61,"30.501£ to 45.000£","Higher education (Bachelor, Master, PhD)",6,7.7,"right-leaning",6,6,2,4,1,6,1,1,6,2,5,6,2,3.5,4,2.5,3.5,3.5,3.5,4,0.6988837,-0.11,-0.0575,2.282,1.0872,0.1555,0.0729,3.59,0.1142
"161","62c7e2035db496124cf69b56",0.471682340647858,4.87931034482759,1.02586206896552,1.02586206896552,0.724137931034483,-0.0258620689655174,0.474137931034482,0.793103448275862,"Female",45,"30.501£ to 45.000£","Higher education (Bachelor, Master, PhD)",5.75,4.6,"left-leaning",4,6,4,2,2,6,2,1,7,7,7,7,4,4.58333333333333,5,2,4,4,7,5.5,0.1031,-0.11,-0.0575,2.282,0.2726,0,0.0729,2.07,0.03645
"162","62d133d8355730e56a6722dc",0.687644298800923,3.77586206896552,1.7801724137931,0.530172413793103,-0.280172413793103,0.219827586206897,-0.530172413793103,0.758620689655172,"Male",33,"> 45.001£","Further education",5.5,5.5,"right-leaning",7,4,3,5,4,5,1,2,3,4,5,5,3,3.66666666666667,3.5,4.5,3,2.5,4.5,4,1.294697,-0.33,-0.0575,2.282,0.2726,0,0,2.07,0
"163","62e154b0682e270b4acdf5ee",0.691683569979716,0.905172413793102,1.43103448275862,1.18103448275862,1.06896551724138,0.81896551724138,1.06896551724138,1.55172413793103,"Male",32,"23.001£ to 30.500£","Further education",2.75,3.3,"left-leaning",5,4,3,5,2,5,3,1,6,2,5,5,2,3.58333333333333,3.5,3.5,4,3.5,3.5,3.5,1.294697,-0.33,-0.0575,2.282,0,0.1555,0,0,0.07775
"164","62e98117d8254c5e98e64592",0.802405773857257,4.44827586206897,-0.0603448275862073,-0.560344827586207,0.0603448275862068,0.810344827586207,-0.189655172413793,1.48275862068966,"Female",51,"> 45.001£","Further education",3,10,"right-leaning",6,4,4,4,4,4,4,4,4,4,4,4,4,4,4,4,4,4,4,4,1.294697,-0.22,-0.0575,2.282,0,0,0,6.74,0
"165","62fb794d58e8f2902c9a5f13",0.451508620689655,4.37068965517241,-0.150862068965518,0.349137931034483,0.400862068965518,-0.599137931034483,-0.0991379310344827,1.20689655172414,"Female",26,"30.501£ to 45.000£","Higher education (Bachelor, Master, PhD)",3,4.8,"left-leaning",3,6,2,4,2,4,4,2,2,2,4,4,5,3.41666666666667,4,3,4,2,3,4.5,1.294697,-0.22,-0.0575,1.431,0.2726,0,0,2.07,0
"166","62fb7bd5e0c65f772ce189c8",0.872233455380076,2.77586206896552,0.780172413793104,2.53017241379311,0.219827586206897,-0.0301724137931034,0.719827586206897,0.758620689655172,"Female",47,"30.501£ to 45.000£","Higher education (Bachelor, Master, PhD)",6,1.5,"left-leaning",4,5,7,5,7,7,5,7,7,7,6,7,7,6.41666666666667,6,6,6,7,6.5,7,0.1031,-0.11,-0.0575,1.053,0.2726,0.1555,0.0729,0,0.1142
"167","62fcedae37fcdac16269c7f0",0.699274047186933,0.767241379310345,1.47844827586207,0.978448275862069,0.521551724137932,0.771551724137931,0.271551724137931,0.172413793103448,"Male",20,"18.000£ to 23.000£","Higher education (Bachelor, Master, PhD)",5,3.8,"left-leaning",5,7,1,5,1,6,1,2,5,1,7,7,3,3.83333333333333,4,3,3.5,3.5,4,5,0.6988837,-0.33,-0.0575,2.282,0.2726,0,0,0.9,0
"168","631121b9300114184c43848c",0.740075966336486,1.1551724137931,1.05603448275862,0.806034482758621,0.94396551724138,0.693965517241379,1.44396551724138,0.551724137931034,"Male",42,"23.001£ to 30.500£","Higher education (Bachelor, Master, PhD)",3.5,4,"left-leaning",3,5,2,5,5,6,1,1,7,2,7,7,2,4.16666666666667,3.5,5,3.5,4,4.5,4.5,1.294697,0,-0.0575,2.282,0.2726,0.1555,0.0729,0,0.1142
"169","631625a868c124694850420c",0.715392303848076,1.63793103448276,0.202586206896552,-0.547413793103448,1.79741379310345,1.29741379310345,1.04741379310345,2.37931034482759,"Male",22,"< 18.000£","Further education",2.25,3.2,"right-leaning",6,6,3,4,2,5,1,1,5,3,5,4,3,3.5,4.5,3,3,3,4,3.5,1.294697,-0.33,-0.0575,2.282,0,0,0,0,0
"170","6319fb160fc7f174e5861d1d",0.880029769288018,1.93965517241379,2.26293103448276,1.26293103448276,0.487068965517241,0.987068965517241,-0.512931034482759,0.896551724137931,"Female",37,"30.501£ to 45.000£","Higher education (Bachelor, Master, PhD)",5,7.4,"right-leaning",6,6,2,4,2,6,2,2,5,2,6,6,2,3.75,4,3,4,3.5,4,4,0.6988837,-0.22,0,2.282,1.0872,0,0,3.59,0
"171","634825209775febdbe9c9825",0.632062275740437,1.52586206896552,0.0301724137931038,0.530172413793103,2.2198275862069,-0.280172413793104,0.219827586206896,0.758620689655172,"Male",46,"23.001£ to 30.500£","Further education",6,2.5,"left-leaning",3,7,3,4,1,7,1,1,7,1,7,7,1,3.91666666666667,5,2.5,4,4,4,4,0.1031,0,-0.0575,2.282,0,0.1555,0,0,0.07775
"172","637f7c23658dbd7bcdd9e193",0.629591454272863,1.97413793103448,1.2198275862069,0.719827586206897,1.7801724137931,1.0301724137931,1.0301724137931,0.241379310344827,"Male",19,"< 18.000£","Further education",2.75,7,"right-leaning",8,7,1,6,1,6,2,1,6,2,5,7,2,3.83333333333333,4,3.5,4,3.5,3.5,4.5,1.294697,-0.33,-0.0575,2.282,0,0.1555,0.0729,3.59,0.1142
"173","637f8e8b4aab8c4f8af7e09b",0.828364013481981,1.80172413793103,1.18534482758621,0.685344827586207,0.814655172413793,0.0646551724137933,0.0646551724137931,1.51724137931035,"Male",49,"30.501£ to 45.000£","Higher education (Bachelor, Master, PhD)",4.5,4.9,"left-leaning",5,7,1,4,2,5,2,2,7,4,7,7,2,4.16666666666667,4,3,3.5,4.5,5.5,4.5,0.6988837,-0.11,-0.0575,1.053,3.27168,0,0,0,0
"174","637fa9a2ca0c2fa078910c4b",0.872714649386716,3.91379310344827,1.85775862068966,1.10775862068966,0.392241379310345,0.642241379310345,0.892241379310345,0.137931034482758,"Male",36,"< 18.000£","Higher education (Bachelor, Master, PhD)",5.5,3.8,"right-leaning",7,5,3,4,3,6,3,2,5,5,6,4,2,4,4,3.5,4.5,3.5,5.5,3,1.294697,0,-0.0575,2.282,0.2726,0,0,0.36,0
"175","6380e6f4701835df21c0d764",0.449417135403929,2.41379310344828,0.107758620689655,1.35775862068966,0.392241379310345,-0.857758620689655,0.392241379310345,0.137931034482758,"Male",39,"> 45.001£","Further education",1,5.4,"left-leaning",4,7,1,4,1,7,1,1,1,1,7,7,1,3.25,4,2.5,4,1,4,4,0.1031,-0.22,-0.0575,2.282,3.27168,0,0,0,0
"176","63a445e39a2fcc9bc2558d74",0.821153643361805,1.80172413793103,1.56034482758621,0.810344827586207,0.439655172413793,-0.0603448275862071,0.689655172413793,0.517241379310345,"Male",69,"18.000£ to 23.000£","Compulsory education",6,2.6,"left-leaning",5,6,2,6,3,7,3,3,6,6,6,6,4,4.83333333333333,4,4.5,5,4.5,6,5,0.6988837,-0.33,-0.0575,1.234,1.0872,0,0,0,0
"177","63c014d48a1fb74f916f4158",0.86863711001642,2.3448275862069,0.81896551724138,1.31896551724138,0.431034482758621,-0.318965517241379,0.181034482758621,0.448275862068965,"Female",59,"< 18.000£","Further education",6,1,"left-leaning",3,7,6,5,5,6,4,6,5,5,5,5,6,5.41666666666667,6.5,5,5,5.5,5,5.5,0.1031,-0.22,-0.0575,1.053,0,0.1555,0,0,0.07775
"178","63ced8d2c8d001d1d5057196",0.713254310344828,3.12931034482759,1.90086206896552,1.40086206896552,-0.150862068965517,0.599137931034483,0.099137931034483,0.793103448275862,"Male",43,"> 45.001£","Higher education (Bachelor, Master, PhD)",6,11,"left-leaning",4,7,5,5,4,6,6,6,6,6,6,6,6,5.75,6,4.5,6,6,6,6,0.6988837,-0.11,-0.0575,1.431,2.0414,0.1555,0.0729,6.74,0.1142
"179","63d141f040c855b7fb494d13",0.649878185907047,3.31034482758621,0.987068965517242,-0.762931034482759,2.01293103448276,2.51293103448276,1.26293103448276,2.10344827586207,"Female",31,"30.501£ to 45.000£","Further education",3.25,6.9,"right-leaning",6,4,1,1,1,5,1,1,5,1,7,7,5,3.25,2.5,1,3,3,4,6,1.294697,-0.44,-0.0575,2.282,0.2726,0,0,3.59,0
"180","63d148b0da246ce02c8bd22b",0.893970806008039,1.18103448275862,1.21120689655172,2.21120689655172,1.53879310344828,0.288793103448276,0.788793103448276,1.31034482758621,"Female",31,"< 18.000£","Higher education (Bachelor, Master, PhD)",6,4.1,"left-leaning",2,6,6,6,5,7,4,7,7,3,7,7,4,5.75,6,5.5,5.5,7,5,5.5,1.294697,-0.11,-0.0575,0.955,1.0872,0,0,0.9,0
"181","63d69163ecd60f16ced6c9c4",0.95567421513124,0.629310344827585,1.65086206896552,3.15086206896552,0.849137931034483,1.09913793103448,0.599137931034483,0.793103448275862,"Male",26,"< 18.000£","Further education",4.25,3.5,"left-leaning",5,3,2,6,4,6,1,1,7,1,6,6,3,3.83333333333333,2.5,5,3.5,4,3.5,4.5,1.294697,-0.22,0,2.282,0,0.1555,0,0,0.07775
"182","63d79c350c185ab8036d2a68",0.875650410089073,4.77586206896552,2.0301724137931,0.280172413793103,-0.0301724137931038,-0.280172413793104,-0.0301724137931034,0.758620689655172,"Male",34,"23.001£ to 30.500£","Higher education (Bachelor, Master, PhD)",6,1.9,"left-leaning",1,6,7,7,7,7,1,5,6,6,7,7,7,6.08333333333333,6.5,7,4,5.5,6.5,7,0.6988837,0,-0.0575,1.053,0,0.1555,0.0729,0.36,0.1142
"183","63e52aac7a653a43be0247aa",0.658430627206082,2.12931034482759,2.02586206896552,0.775862068965517,-0.275862068965517,-0.0258620689655174,0.724137931034483,-0.206896551724138,"Male",34,"> 45.001£","Higher education (Bachelor, Master, PhD)",6,3.5,"left-leaning",3,6,6,3,5,6,5,5,4,5,7,4,5,5.08333333333333,6,4,5.5,4.5,6,4.5,1.294697,0,-0.0575,2.282,0,0,0,0.36,0
"184","63e538e14e8b1ae8b460d8bf",0.649303008070433,2.89655172413793,0.379310344827586,0.379310344827587,0.870689655172414,0.120689655172414,0.120689655172414,0.96551724137931,"Male",37,"> 45.001£","Further education",6,2.2,"left-leaning",1,7,7,7,5,7,1,7,7,7,7,7,7,6.33333333333333,7,6,4,7,7,7,0.1031,-0.33,-0.0575,1.234,0.2726,0,0.0729,0.9,0.03645
"185","63ea42db4a818f990ef95828",0.752454898378625,0.879310344827585,0.0258620689655175,1.02586206896552,-0.025862068965517,0.724137931034483,1.72413793103448,1.79310344827586,"Male",36,"> 45.001£","Higher education (Bachelor, Master, PhD)",5,5.7,"left-leaning",2,6,4,6,6,7,1,2,7,4,7,7,6,5.25,5,6,4,4.5,5.5,6.5,0.6988837,-0.22,-0.0575,2.282,0.2726,0.6201,0,2.07,0.31005
"186","63ea95f2da4247bb899a1119",0.801130811112662,0.698275862068966,1.31465517241379,1.31465517241379,1.68534482758621,1.93534482758621,0.935344827586207,1.48275862068966,"Female",37,"< 18.000£","Higher education (Bachelor, Master, PhD)",5.75,3.6,"left-leaning",4,6,4,4,2,6,3,3,6,6,6,6,4,4.66666666666667,5,3,4.5,4.5,6,5,1.294697,-0.22,-0.0575,2.282,0.2726,0,0,0,0
"187","63f77cac11a2ddb8e7276c44",0.256063983217517,7.61206896551724,0.297413793103448,-0.202586206896552,-0.0474137931034485,0.702586206896552,-0.297413793103449,0.620689655172413,"Female",62,"< 18.000£","Further education",4.25,5,"right-leaning",6,6,1,1,1,3,1,1,1,1,5,5,1,2.25,3.5,1,2,1,3,3,1.294697,0,-0.0575,1.431,0.2726,0,0,2.07,0
"188","6421c5ce0498d13b6d20419c",0.234439384081544,4.58620689655172,1.01724137931035,1.01724137931034,-0.267241379310345,-0.0172413793103453,0.482758620689656,-0.137931034482759,"Female",32,"23.001£ to 30.500£","Further education",5,4.1,"left-leaning",5,5,4,5,5,6,2,2,5,4,6,4,5,4.41666666666667,4.5,5,4,3.5,5,4.5,0.6988837,0,-0.0575,2.282,0.2726,0,0,0.9,0
"189","6480c46e98f143d5415295e1",0.799568965517242,5.36206896551724,0.922413793103448,-0.0775862068965519,0.077586206896552,0.577586206896551,0.0775862068965518,0.620689655172414,"Male",62,"< 18.000£","Compulsory education",2.25,4.4,"right-leaning",6,4,1,4,4,6,1,1,3,5,7,5,4,3.75,2.5,4,3.5,2,6,4.5,1.294697,-0.22,-0.0575,2.282,1.0872,0,0,0,0
"190","64835b5840bc93bf8c400aeb",0.782736894379093,2.43965517241379,2.38793103448276,1.13793103448276,0.862068965517241,1.11206896551724,0.862068965517241,1.89655172413793,"Female",58,"18.000£ to 23.000£","Higher education (Bachelor, Master, PhD)",5.75,3.3,"right-leaning",6,6,5,6,6,6,3,6,6,6,6,6,6,5.66666666666667,5.5,6,4.5,6,6,6,1.294697,-0.22,-0.0575,1.234,1.0872,0,0,0,0
"191","64842953934f4be66c7f6fc2",0.854739297018158,9.48275862068965,-2.10344827586207,-1.10344827586207,-1.39655172413793,0.103448275862069,-1.39655172413793,-1.17241379310345,"Female",54,"> 45.001£","Compulsory education",4.75,8.9,"left-leaning",5,6,4,3,4,4,3,5,2,4,6,2,4,3.91666666666667,5,3.5,3.5,3.5,5,3,1.294697,-0.22,-0.0575,3.16,1.0872,0,0,3.59,0
"192","64fb2212b9a3b757d0d70767",0.877943381250551,2.45689655172414,0.741379310344828,1.49137931034483,0.758620689655172,0.508620689655173,0.758620689655173,1.06896551724138,"Female",57,"30.501£ to 45.000£","Further education",6,1.6,"right-leaning",6,7,5,6,7,7,7,7,7,7,7,7,7,6.75,6,6.5,7,7,7,7,0.6988837,-0.33,-0.0575,1.053,0.2726,0,0,0,0
"193","651be6560ce8a69af588fb31",0.682650862068965,3.47413793103448,0.719827586206896,0.719827586206896,0.280172413793104,-0.219827586206896,0.280172413793104,0.241379310344827,"Male",54,"> 45.001£","Further education",5,4.1,"right-leaning",6,7,1,6,2,5,2,1,5,2,4,6,6,3.91666666666667,4,4,3.5,3,3,6,0.6988837,0,-0.0575,2.282,1.0872,0,0.0729,0.36,0.03645
"194","651c11304182690d4a93ef00",0.781759250922841,1.17241379310345,1.53448275862069,0.53448275862069,0.965517241379311,0.21551724137931,0.71551724137931,0.724137931034483,"Male",62,"< 18.000£","Higher education (Bachelor, Master, PhD)",6,2.4,"left-leaning",4,7,3,6,6,6,2,3,6,3,6,6,3,4.75,5,6,4,4.5,4.5,4.5,0.1031,-0.22,-0.0575,2.282,0.2726,0,0,0,0
"195","652c3417a11e952e735149b6",0.443965517241379,1.06034482758621,-0.762931034482758,0.237068965517241,1.51293103448276,2.26293103448276,-0.237068965517241,2.10344827586207,"Female",44,"30.501£ to 45.000£","Further education",6,6.8,"right-leaning",10,5,5,7,1,7,1,2,1,2,5,3,2,3.41666666666667,5,4,4,1.5,3.5,2.5,0.6988837,-0.11,-0.0575,3.16,1.0872,0,0,2.07,0
"196","653bb95b0268ecbcadfb3c08",0.917849898580122,1.1551724137931,1.43103448275862,0.931034482758621,0.56896551724138,0.31896551724138,0.31896551724138,0.551724137931035,"Female",48,"< 18.000£","Higher education (Bachelor, Master, PhD)",6,3.2,"left-leaning",4,7,2,4,6,7,2,5,7,5,7,6,6,5.33333333333333,4.5,5,4.5,6,6,6,0.6988837,0,-0.0575,2.282,0.2726,0,0,0.36,0
