"","participant.label",".Rsq","flying","diet","electricity","commute","regional","recycling","gender","age","income","education","cc_concern.mean","total_co2","conservative_liberal.binary","conservative_liberal","policy.car.sub","policy.car.tax","policy.flying.sub","policy.flying.tax","policy.RE.sub","policy.RE.tax","policy.meat.tax","policy.meat.sub","policy.recycle.tax","policy.recycle.sub","policy.regional_food.sub","policy.regional_food.tax","policy.support.total","policy.car","policy.flying","policy.RE","policy.meat","policy.recycle","policy.regional_food","footprint.electricity","footprint.regional","footprint.recycling","footprint.diet","footprint.travel.car","footprint.travel.bus","footprint.travel.train","footprint.flying","footprint.public.transport"
"1","54232b4bfdf99b328c91b253",0.873823269360795,0.47,0.101,0.222,0.009,0.084,0.115,"Male",38,"30.501£ to 45.000£","Higher education (Bachelor, Master, PhD)",5,7.4,"left-leaning",3,6,3,5,4,7,4,6,6,6,7,6,4,5.33333333333333,4.5,4.5,5.5,6,6.5,5,1.294697,-0.22,-0.0575,1.431,3.27168,0.6201,1.0944,0.36,0.85725
"2","542926d2fdf99b0b7ac2904e",0.837920595706183,0.077,0.187,0.15,0.041,0.142,0.403,"Female",51,"< 18.000£","Further education",3.25,4.6,"left-leaning",5,6,2,5,3,5,2,1,6,1,6,6,2,3.75,4,4,3.5,3.5,3.5,4,1.294697,0,-0.0575,2.282,1.0872,0,0,0,0
"3","547272b4fdf99b44c5647418",0.959605397926363,0.502,0.16,0.129,0.05,0.076,0.083,"Male",59,"< 18.000£","Higher education (Bachelor, Master, PhD)",5.75,2.1,"left-leaning",3,7,6,5,7,5,3,5,3,4,7,3,6,5.08333333333333,6.5,6,4,4,5.5,4.5,0.1031,-0.44,-0.0575,1.431,1.0872,0,0,0.36,0
"4","54aefa06fdf99b09c01b37f4",0.845689655172414,0.193,0.193,0.255,0.025,0.087,0.247,"Female",50,"23.001£ to 30.500£","Higher education (Bachelor, Master, PhD)",6,3.3,"left-leaning",3,7,5,7,7,7,4,7,7,7,7,7,7,6.58333333333333,6,7,5.5,7,7,7,0.1031,-0.11,-0.0575,2.282,1.0872,0,0,0,0
"5","559d96aefdf99b1e448268e5",0.610100461580234,0.06,0.159,0.089,0.139,0.238,0.315,"Female",42,"> 45.001£","Higher education (Bachelor, Master, PhD)",5,5.3,"left-leaning",3,7,5,7,6,7,4,4,6,4,7,5,4,5.5,6,6.5,5.5,5,5.5,4.5,0.6988837,-0.22,-0.0575,2.282,0.2726,0,0.2909,2.07,0.14545
"6","55d09e4934e9060005e5729a",0.880599094392198,0.372,0.321,0.085,0.136,0.017,0.07,"Male",28,"< 18.000£","Further education",4.5,4.2,"right-leaning",6,7,2,7,5,3,1,4,2,1,7,7,6,4.33333333333333,4.5,6,2,3,4,6.5,1.294697,-0.44,-0.0575,3.16,0.2726,0,0,0,0
"7","560925acd7def20005b7362a",0.744224974891195,0.404,0.153,0.097,0.035,0.035,0.276,"Male",55,"23.001£ to 30.500£","Higher education (Bachelor, Master, PhD)",4.75,5.9,"left-leaning",4,7,3,6,4,5,3,2,5,3,5,5,5,4.41666666666667,5,5,4,3.5,4,5,1.294697,-0.22,-0.0575,1.431,3.27168,0.1555,0.0729,0.36,0.1142
"8","56296779c8ffc200055134c9",0.801602719766877,0.564,0.019,0.185,0.019,0.065,0.149,"Male",49,"23.001£ to 30.500£","Higher education (Bachelor, Master, PhD)",1.75,4.2,"left-leaning",5,4,1,1,7,4,1,1,6,4,4,6,3,3.5,2.5,4,2.5,3.5,4,4.5,0.1031,-0.22,0,2.282,2.0414,0,0,0,0
"9","5655ac37d970d100058322c3",0.517241379310345,0.015,0.418,0.015,0.418,0.015,0.119,"Male",32,"18.000£ to 23.000£","Higher education (Bachelor, Master, PhD)",4.75,3.1,"left-leaning",5,5,3,5,4,7,2,2,6,6,7,6,3,4.66666666666667,4,4.5,4.5,4,6.5,4.5,0.6988837,-0.33,-0.0575,2.282,0.2726,0.1555,0.0729,0.36,0.1142
"10","566e1aec744e3e0005b4e668",0.981133778660408,0.421,0.378,0.007,0.092,0.049,0.053,"Male",43,"< 18.000£","Further education",3.75,3.5,"left-leaning",5,5,4,5,4,5,4,4,5,4,5,5,4,4.5,4.5,4.5,4.5,4.5,4.5,4.5,1.294697,-0.33,-0.0575,2.282,0.2726,0,0,0,0
"11","56a80408c89737000b22bd37",0.912869458128079,0.35,0.007,0.233,0.062,0.13,0.218,"Male",48,"> 45.001£","Higher education (Bachelor, Master, PhD)",1.5,3.1,"right-leaning",6,6,1,3,2,2,1,1,1,1,6,5,2,2.58333333333333,3.5,2.5,1.5,1,3.5,3.5,0.6988837,-0.33,-0.0575,2.282,0.2726,0.1555,0.0729,0,0.1142
"12","56d33245321cae000b68d9e4",0.549909255898367,0.171,0.345,0.119,0.222,0.016,0.128,"Male",66,"23.001£ to 30.500£","Further education",4.25,4.8,"right-leaning",10,3,1,2,1,5,6,1,6,1,5,6,7,3.66666666666667,2,1.5,5.5,3.5,3,6.5,1.294697,-0.22,0,2.282,0.2726,0.1555,0.0729,0.9,0.1142
"13","571a57e56a1c6300124bb6bd",0.86195246971109,0.328,0.24,0.067,0.02,0.155,0.188,"Female",64,"< 18.000£","Compulsory education",6,3.7,"right-leaning",7,6,3,5,7,5,2,3,4,5,7,5,6,4.83333333333333,4.5,6,3.5,3.5,6,5.5,1.294697,-0.33,-0.0575,2.282,0.2726,0.1555,0.0729,0,0.1142
"14","571a861d838a4e0013b1860a",0.58341477034762,0.14,0.005,0.223,0.15,0.15,0.331,"Male",51,"30.501£ to 45.000£","Further education",2.25,6,"left-leaning",2,7,1,4,2,7,1,1,4,1,1,7,1,3.08333333333333,4,3,4,2.5,1,4,0.6988837,-0.11,0,2.282,1.0872,0,0,2.07,0
"15","576fc3462984e70001a97fc3",0.946553798912818,0.356,0.209,0.087,0.05,0.05,0.249,"Male",32,"18.000£ to 23.000£","Higher education (Bachelor, Master, PhD)",6,3.4,"left-leaning",4,7,6,5,2,7,4,5,7,5,7,7,4,5.5,6.5,3.5,5.5,6,6,5.5,0.1031,-0.22,-0.0575,1.053,0.2726,0.1555,0,2.07,0.07775
"16","577e3a5025cb71000128727e",0.595617144698679,0.142,0.193,0.114,0.04,0.216,0.296,"Female",63,"< 18.000£","Further education",5.25,2.5,"left-leaning",5,7,3,6,7,5,1,6,6,7,5,7,4,5.33333333333333,5,6.5,3,6,6,5.5,0.1031,-0.22,-0.0575,1.431,1.0872,0.1555,0,0,0.07775
"17","577f91b84d107800016d9e69",0.841748768472906,0.469,0.091,0.136,0.023,0.098,0.183,"Male",70,"23.001£ to 30.500£","Further education",4.75,3.2,"right-leaning",6,6,4,5,5,6,6,4,5,6,6,6,7,5.5,5,5,6,4.5,6,6.5,0.6988837,-0.22,-0.0575,2.282,0.2726,0.1555,0.0729,0,0.1142
"18","58a085f6f6cc2100012af56e",0.908045977011494,0.297,0.297,0.104,0.012,0.197,0.094,"Male",46,"23.001£ to 30.500£","Higher education (Bachelor, Master, PhD)",5,3.1,"left-leaning",3,7,7,7,7,6,5,5,2,6,7,6,5,5.83333333333333,7,7,5.5,3.5,6.5,5.5,0.6988837,-0.22,-0.0575,2.282,0,0.1555,0.2909,0,0.2232
"19","5918a03738cc6d0001a4bde7",0.62224293258776,0.063,0.198,0.198,0.063,0.459,0.018,"Male",37,"> 45.001£","Higher education (Bachelor, Master, PhD)",1,2.3,"right-leaning",8,5,1,1,1,1,1,1,1,1,6,5,2,2.16666666666667,3,1,1,1,3.5,3.5,0.1031,-0.44,-0.0575,2.282,0.2726,0.1555,0,0,0.07775
"20","594a8e2eeaa18e000163f6cd",0.715182818073722,0.378,0.401,0.09,0.004,0.097,0.03,"Female",46,"< 18.000£","Higher education (Bachelor, Master, PhD)",1,3.7,"right-leaning",9,6,1,1,1,1,1,1,1,1,5,5,1,2.08333333333333,3.5,1,1,1,3,3,1.294697,-0.33,0,2.282,0.2726,0.1555,0.0729,0.36,0.1142
"21","596e6e5cd7919800014b49b8",0.879852526566905,0.549,0.137,0.069,0.069,0.034,0.142,"Male",48,"30.501£ to 45.000£","Compulsory education",3,3.9,"left-leaning",3,7,1,5,4,4,2,1,5,3,7,5,4,4,4,4.5,3,3,5,4.5,0.6988837,-0.33,-0.0575,2.282,1.0872,0.1555,0.0729,0,0.1142
"22","597b652912b52100010ca9b2",0.867670691950962,0.28,0.139,0.213,0.033,0.178,0.156,"Female",23,"30.501£ to 45.000£","Higher education (Bachelor, Master, PhD)",6,3.3,"left-leaning",3,7,5,5,5,7,4,4,6,6,7,7,5,5.66666666666667,6,5,5.5,5,6.5,6,1.294697,-0.33,-0.0575,2.282,0,0.1555,0,0.36,0.07775
"23","597c6cdf21db3a0001418541",0.781002750158663,0.211,0.01,0.111,0.031,0.232,0.406,"Male",66,"23.001£ to 30.500£","Further education",3.25,3.9,"right-leaning",7,6,1,1,1,7,1,1,5,1,4,4,1,2.75,3.5,1,4,3,2.5,2.5,1.294697,0,-0.0575,2.282,0.2726,0,0.0729,0,0.03645
"24","59839cb9554956000142d95f",0.8057672917927,0.399,0.243,0.109,0.047,0.109,0.092,"Female",52,"< 18.000£","Compulsory education",6,1.4,"left-leaning",3,5,5,6,7,6,1,7,1,3,7,6,6,5,5,6.5,3.5,4,5,6,0.6988837,-0.33,-0.0575,1.053,0,0,0,0,0
"25","59a9c0291b7a550001d6392e",0.839439655172414,0.363,0.269,0.059,0.012,0.2,0.097,"Female",41,"< 18.000£","Higher education (Bachelor, Master, PhD)",3.75,5.5,"left-leaning",3,7,1,3,1,7,3,3,4,4,7,7,5,4.33333333333333,4,2,5,3.5,5.5,6,0.6988837,-0.33,-0.0575,2.282,2.0414,0,0,0.9,0
"26","59b193aff69f3400018671ba",0.817789968652038,0.404,0.147,0.111,0.025,0.111,0.201,"Male",54,"< 18.000£","Further education",3,1.2,"right-leaning",8,7,7,6,7,6,5,4,5,7,7,5,6,6,7,6.5,5.5,4.5,7,5.5,0.1031,-0.11,-0.0575,1.053,0,0.1555,0.0729,0,0.1142
"27","59baa4f5178f1b00018289b2",0.586206896551724,0.203,0.203,0.268,0.033,0.033,0.26,"Male",57,"23.001£ to 30.500£","Further education",1.75,3.6,"right-leaning",6,5,1,1,1,4,1,1,4,1,5,6,1,2.58333333333333,3,1,2.5,2.5,3,3.5,1.294697,-0.22,-0.0575,2.282,0.2726,0,0,0,0
"28","59e4b3a1896cfc0001921095",0.883327753598929,0.285,0.285,0.114,0.164,0.035,0.117,"Male",52,"< 18.000£","Higher education (Bachelor, Master, PhD)",6,0.9,"left-leaning",1,7,6,6,7,7,4,5,5,6,7,6,5,5.91666666666667,6.5,6.5,5.5,5,6.5,5.5,0.1031,-0.22,-0.0575,0.955,0,0.1555,0,0,0.07775
"29","59f7876cbe9c0c0001486c7d",0.706504702194358,0.449,0.076,0.111,0.111,0.111,0.142,"Male",62,"< 18.000£","Compulsory education",4.25,3.2,"left-leaning",5,1,1,1,1,1,1,1,2,1,2,2,2,1.33333333333333,1,1,1,1.5,1.5,2,0.6988837,-0.11,-0.0575,2.282,0.2726,0.1555,0,0,0.07775
"30","5a01d867074b1900012512ef",0.703346173481227,0.054,0.134,0.227,0.066,0.147,0.371,"Female",30,"23.001£ to 30.500£","Further education",2.25,3.6,"left-leaning",5,5,1,5,1,7,1,1,6,1,7,5,1,3.41666666666667,3,3,4,3.5,4,3,1.294697,-0.22,-0.0575,2.282,0.2726,0,0,0.36,0
"31","5a04ccfef2e3460001edadef",0.834821428571429,0.317,0.171,0.024,0.171,0.122,0.195,"Female",68,"23.001£ to 30.500£","Compulsory education",5.75,2.9,"right-leaning",8,7,2,6,7,7,1,5,7,4,7,7,4,5.33333333333333,4.5,6.5,4,6,5.5,5.5,0.6988837,-0.11,-0.0575,1.234,1.0872,0,0,0,0
"32","5a75d51a0f1bce0001219703",0.848244796520659,0.095,0.247,0.144,0.046,0.095,0.371,"Female",66,"23.001£ to 30.500£","Compulsory education",6,3.3,"left-leaning",3,4,2,6,6,7,2,3,7,7,7,7,6,5.33333333333333,3,6,4.5,5,7,6.5,0.1031,-0.33,-0.0575,2.282,0.2726,0.1555,0,0.9,0.07775
"33","5a7ace61eea3d300016e07fd",0.620044165109563,0.015,0.345,0.08,0.033,0.08,0.449,"Male",69,"> 45.001£","Higher education (Bachelor, Master, PhD)",5.75,3.8,"left-leaning",5,7,6,6,5,7,5,7,7,7,7,7,5,6.33333333333333,6.5,5.5,6,7,7,6,0.6988837,-0.22,-0.0575,1.431,1.0872,0,0,0.9,0
"34","5a913c1e6475f900019f8e5c",0.971078976640712,0.226,0.59,0.017,0.017,0.017,0.134,"Male",65,"< 18.000£","Higher education (Bachelor, Master, PhD)",6,3.2,"left-leaning",2,7,7,7,7,7,7,7,7,7,7,7,7,7,7,7,7,7,7,7,0.6988837,-0.22,-0.0575,2.282,0.2726,0.1555,0.0729,0.36,0.1142
"35","5a9ca92b6219a30001f5351e",0.52049159514499,0.126,0.179,0.194,0.034,0.408,0.059,"Male",27,"< 18.000£","Higher education (Bachelor, Master, PhD)",4.5,4,"left-leaning",3,7,5,5,5,7,4,5,6,6,7,4,5,5.5,6,5,5.5,5.5,6.5,4.5,1.294697,-0.44,-0.0575,2.282,0,0.6201,0.2909,0,0.4555
"36","5ae5a3ff3ab2fb0001ef2b91",0.486949233716475,0.024,0.338,0.157,0.024,0.265,0.191,"Male",34,"> 45.001£","Higher education (Bachelor, Master, PhD)",2,6,"right-leaning",10,2,1,1,1,2,1,1,4,1,7,5,1,2.25,1.5,1,1.5,2.5,4,3,1.294697,-0.44,-0.0575,2.282,1.0872,0.6201,0.2909,0.9,0.4555
"37","5ae8d7b596845f0001c7948d",0.820968303726925,0.089,0.256,0.204,0.162,0.162,0.127,"Female",59,"< 18.000£","Further education",4.25,3.4,"right-leaning",7,6,1,2,3,4,1,3,7,1,7,6,3,3.66666666666667,3.5,2.5,2.5,5,4,4.5,1.294697,-0.22,-0.0575,1.234,0.2726,0,0,0.9,0
"38","5aecb87ac09cd900015d7d7b",0.751095354359678,0.413,0.227,0.07,0.107,0.07,0.113,"Male",32,"< 18.000£","Higher education (Bachelor, Master, PhD)",5.5,3.3,"left-leaning",4,4,3,6,5,7,1,2,5,4,4,5,3,4.08333333333333,3.5,5.5,4,3.5,4,4,1.294697,-0.22,-0.0575,2.282,0,0,0,0,0
"39","5af4579eb625f70001e0cfad",0.856586351175876,0.353,0.006,0.075,0.133,0.202,0.23,"Female",45,"30.501£ to 45.000£","Higher education (Bachelor, Master, PhD)",4.75,7.2,"right-leaning",6,6,2,2,1,5,3,2,4,2,4,3,2,3,4,1.5,4,3,3,2.5,1.294697,-0.33,-0.0575,2.282,0.2726,0.1555,0,3.59,0.07775
"40","5b03567dc573030001c36f1d",0.858300981959352,0.265,0.406,0.017,0.064,0.111,0.136,"Female",29,"< 18.000£","Higher education (Bachelor, Master, PhD)",6,4.2,"left-leaning",4,7,7,5,4,7,4,7,7,6,7,7,6,6.16666666666667,7,4.5,5.5,7,6.5,6.5,0.6988837,-0.22,-0.0575,0.955,0.2726,0.1555,0.2909,2.07,0.2232
"41","5b1386089663ee0001461b6e",0.539134262655906,0.27,0.08,0.042,0.148,0.339,0.121,"Male",49,"> 45.001£","Higher education (Bachelor, Master, PhD)",6,2.1,"left-leaning",3,7,5,7,6,7,3,2,7,5,7,7,5,5.66666666666667,6,6.5,5,4.5,6,6,0.1031,-0.22,-0.0575,2.282,0,0,0,0,0
"42","5b14265d30d562000155ea04",0.911330049261084,0.352,0.008,0.145,0.107,0.145,0.243,"Male",44,"30.501£ to 45.000£","Higher education (Bachelor, Master, PhD)",5.5,3.7,"right-leaning",6,7,2,7,4,7,1,1,6,4,6,7,3,4.58333333333333,4.5,5.5,4,3.5,5,5,1.294697,-0.33,-0.0575,2.282,0.2726,0,0.2909,0,0.14545
"43","5b1562981e55760001ba1e64",0.94160716998329,0.554,0.077,0.07,0.107,0.07,0.122,"Male",60,"23.001£ to 30.500£","Higher education (Bachelor, Master, PhD)",5,3.6,"right-leaning",6,7,6,7,7,6,7,4,7,1,4,4,6,5.5,6.5,7,6.5,5.5,2.5,5,1.294697,-0.22,-0.0575,2.282,0.2726,0,0,0.36,0
"44","5b19a21bfceed30001b57e6e",0.283628456042249,0.062,0.217,0.249,0.094,0.249,0.129,"Female",31,"30.501£ to 45.000£","Higher education (Bachelor, Master, PhD)",5.5,4.5,"right-leaning",6,7,4,5,1,7,1,1,6,6,7,6,4,4.58333333333333,5.5,3,4,3.5,6.5,5,1.294697,-0.22,-0.0575,2.282,0.2726,0,0,0.9,0
"45","5b2c0994f1ca3c000190196a",0.897252443297068,0.137,0.233,0.054,0.086,0.182,0.308,"Female",39,"30.501£ to 45.000£","Higher education (Bachelor, Master, PhD)",6,2.4,"right-leaning",7,3,4,5,6,6,4,7,6,7,7,7,7,5.75,3.5,5.5,5,6.5,7,7,1.294697,-0.33,-0.0575,1.234,0.2726,0,0,0,0
"46","5b4b0e8d94020800016323ed",0.836813987372511,0.321,0.321,0.155,0.061,0.112,0.03,"Male",41,"30.501£ to 45.000£","Further education",5,5,"left-leaning",5,7,5,4,3,7,3,4,4,2,7,5,3,4.5,6,3.5,5,4,4.5,4,0.6988837,-0.22,-0.0575,2.282,0,0.1555,0.0729,2.07,0.1142
"47","5b4ce12a1fa5830001016869",0.827041742286751,0.287,0.184,0.08,0.076,0.18,0.193,"Male",48,"< 18.000£","Further education",2,3.9,"right-leaning",9,5,1,5,1,5,1,1,3,1,7,3,1,2.83333333333333,3,3,3,2,4,2,1.294697,-0.11,-0.0575,2.282,0.2726,0.1555,0.0729,0,0.1142
"48","5b90696e50f7ce00016007aa",0.702300906791685,0.157,0.341,0.042,0.157,0.042,0.261,"Male",71,"> 45.001£","Higher education (Bachelor, Master, PhD)",1,17.1,"right-leaning",6,7,1,1,1,1,1,1,1,1,5,1,1,1.83333333333333,4,1,1,1,3,1,1.294697,-0.44,-0.0575,2.282,0.2726,0.1555,0.0729,13.48,0.1142
"49","5b9d05862299630001406f88",0.743316187210262,0.138,0.325,0.143,0.044,0.143,0.207,"Female",64,"< 18.000£","Further education",6,1.9,"left-leaning",2,7,7,4,5,6,6,7,4,6,7,5,7,5.91666666666667,7,4.5,6,5.5,6.5,6,0.6988837,-0.44,-0.0575,1.431,0,0.1555,0.0729,0.36,0.1142
"50","5bad50b93d5a320001f632f6",0.618752421542038,0.35,0.104,0.241,0.054,0.094,0.156,"Female",33,"> 45.001£","Higher education (Bachelor, Master, PhD)",6,4.2,"right-leaning",8,7,5,5,5,5,3,3,4,6,7,5,6,5.08333333333333,6,5,4,3.5,6.5,5.5,1.294697,-0.44,-0.0575,1.234,2.0414,0.1555,0,0,0.07775
"51","5bec992f398eb00001a24ace",0.81192457958213,0.152,0.152,0.238,0.268,0.088,0.103,"Male",27,"< 18.000£","Further education",4,2.9,"left-leaning",5,7,5,4,3,5,1,1,6,1,5,6,1,3.75,6,3.5,3,3.5,3,3.5,0.6988837,0,-0.0575,2.282,0,0,0,0,0
"52","5c083bf7133f8700012f74fe",0.793888932526903,0.079,0.17,0.101,0.146,0.236,0.267,"Female",46,"< 18.000£","Higher education (Bachelor, Master, PhD)",5.75,2.2,"right-leaning",6,4,4,5,4,5,4,4,5,4,7,4,3,4.41666666666667,4,4.5,4.5,4.5,5.5,3.5,0.1031,-0.44,-0.0575,2.282,0.2726,0,0,0,0
"53","5c097fbac15a020001bb0720",0.74175250037319,0.39,0.089,0.061,0.136,0.136,0.187,"Female",49,"< 18.000£","Further education",1.5,3.6,"right-leaning",8,7,1,6,2,6,1,1,7,1,7,7,1,3.91666666666667,4,4,3.5,4,4,4,1.294697,-0.11,-0.0575,1.431,1.0872,0,0,0,0
"54","5c1a9e662e3e4200018d9ff6",0.396078431372549,0.053,0.263,0.368,0.053,0.263,0,"Female",24,"30.501£ to 45.000£","Higher education (Bachelor, Master, PhD)",5,10.8,"right-leaning",6,7,6,6,3,6,1,3,6,4,6,7,4,4.91666666666667,6.5,4.5,3.5,4.5,5,5.5,1.294697,0,0,2.282,0.2726,0.1555,0.0729,6.74,0.1142
"55","5c3baa275a88cc000189ef36",0.505585235551238,0.188,0.188,0.237,0.095,0.095,0.196,"Male",45,"> 45.001£","Higher education (Bachelor, Master, PhD)",2,7.1,"right-leaning",6,7,2,7,1,7,1,1,7,1,7,7,1,4.08333333333333,4.5,4,4,4,4,4,1.294697,-0.22,-0.0575,2.282,0,0.1555,0.0729,3.59,0.1142
"56","5c3d48955fd1050001a99364",0.238933724627048,0.048,0.229,0.275,0.091,0.002,0.356,"Female",33,"18.000£ to 23.000£","Compulsory education",2.5,7.6,"left-leaning",4,7,1,7,4,4,1,4,4,4,7,4,1,4,4,5.5,2.5,4,5.5,2.5,1.294697,-0.22,-0.0575,2.282,4.0896,0.1555,0.0729,0,0.1142
"57","5c49d339b43d260001e4dbcb",0.317118226600985,0.15,0.128,0.358,0.08,0.198,0.086,"Male",46,"> 45.001£","Compulsory education",6,6.3,"left-leaning",5,5,4,5,5,5,5,4,5,5,5,5,5,4.83333333333333,4.5,5,5,4.5,5,5,1.294697,-0.11,-0.0575,2.282,2.0414,0,0,0.9,0
"58","5c49e145e97243000194bace",0.4981460882462,0.32,0.113,0.262,0.196,0.012,0.097,"Female",38,"< 18.000£","Further education",3.75,6.8,"right-leaning",6,4,2,1,4,4,1,1,4,1,4,4,4,2.83333333333333,3,2.5,2.5,2.5,2.5,4,1.294697,-0.22,-0.0575,2.282,3.27168,0.1555,0.0729,0.36,0.1142
"59","5c51d3e6a163ac0001721273",0.841348384103912,0.179,0.118,0.125,0.125,0.185,0.268,"Male",47,"18.000£ to 23.000£","Higher education (Bachelor, Master, PhD)",5.75,2.1,"left-leaning",4,6,2,6,6,6,2,6,7,3,7,7,5,5.25,4,6,4,6.5,5,6,0.1031,-0.22,-0.0575,1.234,1.0872,0,0,0,0
"60","5c582f95caffa2000175bc72",0.93083855799373,0.457,0.163,0.072,0.072,0.131,0.105,"Female",37,"< 18.000£","Further education",4.5,6.9,"left-leaning",5,6,3,4,3,6,2,2,6,2,6,7,3,4.16666666666667,4.5,3.5,4,4,4,5,1.294697,0,-0.0575,2.282,1.0872,0.1555,0.0729,2.07,0.1142
"61","5c780b32f2fe9400169291fb",0.60919540229885,0.126,0.217,0.241,0.217,0.103,0.095,"Male",47,"30.501£ to 45.000£","Further education",3,6.8,"right-leaning",9,4,1,1,1,3,1,1,2,1,6,2,1,2,2.5,1,2,1.5,3.5,1.5,0.6988837,-0.22,-0.0575,2.282,4.0896,0,0,0,0
"62","5c7fb5f2e87c1c00168a7de3",0.935546245568805,0.544,0.066,0.147,0.093,0.04,0.11,"Male",64,"18.000£ to 23.000£","Higher education (Bachelor, Master, PhD)",6,2.1,"left-leaning",3,7,7,7,7,7,5,7,7,7,7,7,7,6.83333333333333,7,7,6,7,7,7,1.294697,-0.33,-0.0575,1.234,0,0,0,0,0
"63","5c8a2d11f7ab04001042af3c",0.8335612986826,0.055,0.428,0.158,0.158,0.002,0.199,"Male",29,"< 18.000£","Higher education (Bachelor, Master, PhD)",5.25,4,"left-leaning",3,6,4,4,3,6,4,2,4,2,6,5,3,4.08333333333333,5,3.5,5,3,4,4,0.6988837,-0.33,-0.0575,2.282,0.2726,0.1555,0.0729,0.9,0.1142
"64","5c93b062c9d93b0015fcbc02",0.76960511679644,0.211,0.004,0.004,0.253,0.15,0.377,"Female",40,"< 18.000£","Higher education (Bachelor, Master, PhD)",6,3,"left-leaning",5,7,3,7,4,7,1,1,4,5,7,7,4,4.75,5,5.5,4,2.5,6,5.5,0.6988837,-0.22,-0.0575,2.282,0.2726,0,0,0,0
"65","5caa0d17f1622b001256f767",0.755367599219258,0.251,0.076,0.239,0.076,0.076,0.282,"Female",39,"< 18.000£","Compulsory education",5.75,6.8,"left-leaning",4,6,3,3,2,6,3,3,6,2,6,6,2,4,4.5,2.5,4.5,4.5,4,4,0.1031,-0.22,-0.0575,2.282,1.0872,0,0,3.59,0
"66","5cb001bac900f300128b3171",0.819907859835265,0.16,0.19,0.102,0.276,0.16,0.113,"Female",37,"< 18.000£","Further education",6,4.1,"right-leaning",6,4,5,5,3,7,2,7,5,5,7,5,7,5.16666666666667,4.5,4,4.5,6,6,6,1.294697,-0.44,-0.0575,1.053,0,0.1555,0.0729,2.07,0.1142
"67","5cb9051d43630e00018afa56",0.805668016194332,0.48,0.2,0.2,0.08,0.04,0,"Male",42,"30.501£ to 45.000£","Higher education (Bachelor, Master, PhD)",1.75,10.1,"right-leaning",9,3,1,5,5,3,3,1,5,6,6,3,3,3.66666666666667,2,5,3,3,6,3,1.294697,-0.11,0,2.282,1.0872,1.11645,0.8755,3.59,0.995975
"68","5ccf4c5db46c7000170d7f5a",0.905503978779841,0.191,0.055,0.353,0.081,0.217,0.103,"Female",22,"< 18.000£","Higher education (Bachelor, Master, PhD)",4.5,7.3,"left-leaning",4,7,4,5,1,5,2,1,4,3,5,5,2,3.66666666666667,5.5,3,3.5,2.5,4,3.5,1.294697,-0.22,-0.0575,2.282,0,0.1555,0.2909,3.59,0.2232
"69","5cd01e707e84a20017fddc02",0.826628352490421,0.202,0.202,0.143,0.145,0.085,0.222,"Female",66,"< 18.000£","Higher education (Bachelor, Master, PhD)",2.25,5,"right-leaning",6,7,3,3,1,5,1,1,4,5,7,7,3,3.91666666666667,5,2,3,2.5,6,5,0.6988837,-0.22,-0.0575,2.282,0,0.1555,0.0729,2.07,0.1142
"70","5ce046f0feca32001bf94033",0.920449077786688,0.193,0.132,0.233,0.233,0.05,0.159,"Female",36,"< 18.000£","Compulsory education",6,3.8,"left-leaning",3,7,5,5,5,6,2,3,3,4,7,5,4,4.66666666666667,6,5,4,3,5.5,4.5,1.294697,-0.22,-0.0575,2.282,0.2726,0.1555,0.0729,0.36,0.1142
"71","5cf62554ba314a001b11b8c4",0.651508620689655,0.102,0.102,0.165,0.342,0.089,0.201,"Female",51,"< 18.000£","Higher education (Bachelor, Master, PhD)",6,4.9,"left-leaning",3,5,5,5,5,5,5,5,5,5,5,5,5,5,5,5,5,5,5,5,0.6988837,-0.11,-0.0575,2.282,2.0414,0,0,0,0
"72","5d31c201c88f0e001a4c3cb3",0.737931034482759,0.159,0.271,0.175,0.063,0.271,0.061,"Male",62,"23.001£ to 30.500£","Compulsory education",2.75,3.3,"right-leaning",9,6,1,4,4,3,1,1,1,1,7,4,1,2.83333333333333,3.5,4,2,1,4,2.5,1.294697,-0.44,-0.0575,2.282,0.2726,0,0,0,0
"73","5d380e7c0322fd0018f3f9cd",0.724379915305505,0.069,0.335,0.107,0.159,0.121,0.21,"Female",30,"23.001£ to 30.500£","Higher education (Bachelor, Master, PhD)",4.75,5.4,"left-leaning",4,6,3,6,1,6,1,1,1,2,6,4,1,3.16666666666667,4.5,3.5,3.5,1,4,2.5,1.294697,-0.11,-0.0575,2.282,1.0872,0,0,0.9,0
"74","5d51c2618bdb8000193f36d2",0.676212741087084,0.035,0.053,0.123,0.035,0.123,0.631,"Male",32,"> 45.001£","Further education",5,4.9,"left-leaning",5,6,1,2,2,6,1,1,1,2,5,4,1,2.66666666666667,3.5,2,3.5,1,3.5,2.5,0.6988837,-0.11,-0.0575,2.282,2.0414,0,0,0,0
"75","5d531d67c208c0000167ff54",0.918574785507405,0.3,0.187,0.153,0.04,0.153,0.167,"Female",56,"23.001£ to 30.500£","Further education",6,2.2,"right-leaning",6,7,4,4,7,7,4,3,7,5,7,7,7,5.75,5.5,5.5,5.5,5,6,7,0.1031,-0.44,-0.0575,2.282,0.2726,0,0,0,0
"76","5d53bf0c2ebe880001a473d2",0.611359026369168,0.186,0.325,0.116,0.186,0.092,0.096,"Female",41,"23.001£ to 30.500£","Higher education (Bachelor, Master, PhD)",4.75,7.4,"left-leaning",2,7,3,2,2,2,1,4,5,3,7,7,4,3.91666666666667,5,2,1.5,4.5,5,5.5,1.294697,-0.22,-0.0575,1.431,1.0872,0.1555,0.0729,3.59,0.1142
"77","5d5455ee69f96b00164f77c7",0.787275376396309,0.382,0.023,0.226,0.023,0.159,0.186,"Female",38,"< 18.000£","Higher education (Bachelor, Master, PhD)",5.25,1.7,"left-leaning",1,7,4,5,5,7,3,5,7,4,5,6,4,5.16666666666667,5.5,5,5,6,4.5,5,0.6988837,-0.11,-0.0575,1.053,0,0.1555,0,0.36,0.07775
"78","5d5ab7dd5c65830001b05441",0.84819826373733,0.198,0.132,0.2,0.133,0.2,0.137,"Female",36,"23.001£ to 30.500£","Further education",4.75,4.1,"left-leaning",4,6,2,5,6,7,5,5,6,5,7,6,5,5.41666666666667,4,5.5,6,5.5,6,5.5,0.6988837,-0.11,-0.0575,2.282,1.0872,0.1555,0,0,0.07775
"79","5d753206869c8f0001b358dd",0.890339756592292,0.425,0.232,0.154,0.009,0.106,0.073,"Female",39,"< 18.000£","Higher education (Bachelor, Master, PhD)",3.5,1.5,"left-leaning",5,5,4,5,4,6,4,4,5,5,6,5,4,4.75,4.5,4.5,5,4.5,5.5,4.5,0.1031,-0.22,-0.0575,1.431,0.2726,0,0,0,0
"80","5d867e7268f35d00167729d4",0.844741293017155,0.172,0.203,0.192,0.01,0.222,0.201,"Female",50,"23.001£ to 30.500£","Further education",5.25,11.1,"left-leaning",4,4,4,5,3,5,2,2,6,4,7,7,4,4.41666666666667,4,4,3.5,4,5.5,5.5,1.294697,-0.22,-0.0575,2.282,1.0872,0,0,6.74,0
"81","5d8b8137604bb000150db6d9",0.638068965517241,0.002,0.058,0.224,0.281,0.224,0.211,"Male",19,"18.000£ to 23.000£","Compulsory education",3.75,3.6,"right-leaning",6,3,1,3,2,5,1,1,4,1,4,4,1,2.5,2,2.5,3,2.5,2.5,2.5,1.294697,-0.22,-0.0575,2.282,0.2726,0,0,0,0
"82","5da9633472811e0014ed4256",0.723166585721224,0.221,0.221,0.084,0.084,0.206,0.185,"Male",68,"< 18.000£","Further education",6,3.1,"left-leaning",5,6,6,6,6,7,4,4,5,7,7,7,6,5.91666666666667,6,6,5.5,4.5,7,6.5,0.1031,-0.33,-0.0575,2.282,1.0872,0,0,0,0
"83","5dc860e9dcc83f5d2d85ec67",0.871750949579206,0.003,0.406,0.156,0.105,0.105,0.226,"Female",41,"< 18.000£","Higher education (Bachelor, Master, PhD)",5,3.3,"left-leaning",5,7,5,5,5,6,4,7,7,7,7,7,5,6,6,5,5,7,7,6,1.294697,-0.22,-0.0575,0.955,0.2726,0.1555,0,0.9,0.07775
"84","5de78a8e36d8257071f28d9f",0.866869951665748,0.467,0.146,0.032,0.103,0.139,0.113,"Male",59,"> 45.001£","Compulsory education",6,2.6,"right-leaning",6,7,5,5,6,7,2,2,6,4,7,7,7,5.41666666666667,6,5.5,4.5,4,5.5,7,1.294697,-0.11,-0.0575,1.053,0.2726,0.1555,0,0,0.07775
"85","5dee0f970fdb274ae30f0846",0.606600985221675,0.137,0.137,0.049,0.189,0.096,0.392,"Male",51,"> 45.001£","Higher education (Bachelor, Master, PhD)",2.75,3.3,"right-leaning",7,6,2,4,4,5,4,3,4,6,6,5,6,4.58333333333333,4,4,4.5,3.5,6,5.5,0.1031,-0.44,-0.0575,2.282,0.2726,0.1555,0.0729,0.9,0.1142
"86","5e07b62f3ccda211e4485812",0.600927448707234,0.043,0.229,0.069,0.08,0.18,0.4,"Female",54,"< 18.000£","Higher education (Bachelor, Master, PhD)",5.5,3.6,"left-leaning",5,7,5,5,4,6,5,5,6,4,7,7,4,5.41666666666667,6,4.5,5.5,5.5,5.5,5.5,1.294697,-0.22,-0.0575,1.234,1.0872,0.1555,0.0729,0.36,0.1142
"87","5e0a2c6ca1f3612bc1edd2bc",0.897160568993192,0.027,0.252,0.161,0.086,0.236,0.238,"Female",42,"> 45.001£","Higher education (Bachelor, Master, PhD)",5.25,5.6,"left-leaning",5,7,4,4,2,7,4,5,6,4,6,4,4,4.75,5.5,3,5.5,5.5,5,4,0.6988837,-0.11,-0.0575,2.282,0.2726,0.1555,0.2909,2.07,0.2232
"88","5e16ef52a2c696c9ecf3c849",0.602575294631165,0.238,0.107,0.286,0.024,0.155,0.19,"Male",57,"30.501£ to 45.000£","Compulsory education",2,6.3,"right-leaning",6,4,1,1,1,4,1,1,1,2,7,6,1,2.5,2.5,1,2.5,1,4.5,3.5,1.294697,-0.33,-0.0575,2.282,1.0872,0,0,2.07,0
"89","5e206b02d63ca0000bc99207",0.571981119706307,0.069,0.169,0.036,0.169,0.268,0.288,"Female",34,"18.000£ to 23.000£","Further education",5.5,3.6,"left-leaning",3,7,5,7,7,7,1,1,7,7,7,7,7,5.83333333333333,6,7,4,4,7,7,1.294697,-0.22,-0.0575,2.282,0.2726,0,0,0,0
"90","5e3ec7559b43781188725eea",0.724137931034483,0.011,0.138,0.179,0.011,0.242,0.419,"Female",32,"> 45.001£","Higher education (Bachelor, Master, PhD)",4.75,4.5,"right-leaning",7,5,4,5,2,6,3,3,5,5,5,6,4,4.41666666666667,4.5,3.5,4.5,4,5,5,1.294697,-0.22,-0.0575,2.282,0.2726,0,0,0.9,0
"91","5e510d0760dd0913e45370dc",0.70883035459838,0.015,0.303,0.214,0.015,0.174,0.279,"Female",68,"< 18.000£","Compulsory education",6,3.7,"right-leaning",7,6,5,4,4,6,4,2,5,4,7,5,5,4.75,5.5,4,5,3.5,5.5,5,0.6988837,-0.44,-0.0575,2.282,0.2726,0,0,0.9,0
"92","5e67f9a00785170a0fc039b2",0.709975369458128,0.246,0.083,0.026,0.081,0.353,0.211,"Male",45,"23.001£ to 30.500£","Further education",4,4.1,"left-leaning",5,7,3,2,1,7,1,1,3,6,6,6,2,3.75,5,1.5,4,2,6,4,0.6988837,0,-0.0575,2.282,0.2726,0,0,0.9,0
"93","5e766b0ba02ca51dfa1de797",0.798660382039196,0.159,0.238,0.039,0.319,0.08,0.165,"Male",60,"> 45.001£","Higher education (Bachelor, Master, PhD)",5.75,1.8,"left-leaning",5,5,7,7,7,7,1,4,2,4,7,7,7,5.41666666666667,6,7,4,3,5.5,7,0.6988837,-0.33,-0.0575,1.234,0.2726,0,0,0.36,0
"94","5e8f28c5d73dcd03c21314dc",0.910855110561311,0.493,0.141,0.094,0.055,0.094,0.124,"Female",46,"30.501£ to 45.000£","Higher education (Bachelor, Master, PhD)",6,3.5,"left-leaning",4,7,6,6,7,7,4,5,6,5,7,6,7,6.08333333333333,6.5,6.5,5.5,5.5,6,6.5,0.6988837,-0.33,-0.0575,2.282,0,0.6201,0.2909,0,0.4555
"95","5e9f0bc126557006ea49d1f4",0.735122358175751,0.189,0.231,0.231,0.189,0.142,0.019,"Male",69,"> 45.001£","Higher education (Bachelor, Master, PhD)",1.75,2.3,"right-leaning",6,4,2,3,2,5,1,1,1,1,5,4,1,2.5,3,2.5,3,1,3,2.5,0.1031,-0.33,-0.0575,2.282,0.2726,0,0,0,0
"96","5ea051f6ef1e88000bbae035",0.920349684312773,0.221,0.342,0.084,0.023,0.145,0.185,"Male",71,"< 18.000£","Compulsory education",2.25,5.5,"right-leaning",6,5,1,4,1,5,1,1,5,1,5,5,3,3.08333333333333,3,2.5,3,3,3,4,1.294697,-0.33,-0.0575,2.282,0.2726,0,0,2.07,0
"97","5ea31e2cfe333e274552c8d6",0.695984286337844,0.372,0.372,0.023,0.023,0.023,0.186,"Female",73,"18.000£ to 23.000£","Higher education (Bachelor, Master, PhD)",4,3.7,"left-leaning",5,7,5,3,3,5,4,3,4,4,4,4,5,4.25,6,3,4.5,3.5,4,4.5,1.294697,-0.33,-0.0575,2.282,0.2726,0.1555,0.0729,0,0.1142
"98","5eaab7bc385332016e089dda",0.493227271021725,0.146,0.02,0.232,0.106,0.148,0.348,"Male",37,"23.001£ to 30.500£","Higher education (Bachelor, Master, PhD)",4,4.8,"right-leaning",8,6,3,5,4,6,3,2,5,2,6,6,5,4.41666666666667,4.5,4.5,4.5,3.5,4,5.5,0.6988837,-0.22,-0.0575,2.282,1.0872,0.1555,0,0.9,0.07775
"99","5eac2b53f9860926271f3436",0.592823514442041,0.316,0.02,0.276,0.128,0.128,0.133,"Male",24,"< 18.000£","Higher education (Bachelor, Master, PhD)",5,4.5,"right-leaning",6,7,1,6,3,7,3,4,5,5,6,6,6,4.91666666666667,4,4.5,5,4.5,5.5,6,1.294697,-0.22,-0.0575,2.282,0.2726,0,0.0729,0.9,0.03645
"100","5ead6fe25ed0c73fa418e825",0.904126388688501,0.348,0.211,0.028,0.096,0.096,0.221,"Female",35,"< 18.000£","Higher education (Bachelor, Master, PhD)",5.5,2.2,"left-leaning",4,6,3,5,4,6,4,6,6,5,6,6,4,5.08333333333333,4.5,4.5,5,6,5.5,5,0.1031,-0.22,-0.0575,1.053,1.0872,0.1555,0.0729,0.36,0.1142
"101","5eaf0f7a12e7015e515672f5",0.571636716852841,0.029,0.28,0.029,0.091,0.095,0.477,"Female",21,"> 45.001£","Higher education (Bachelor, Master, PhD)",4.25,9.8,"left-leaning",5,7,3,4,1,2,1,1,2,3,5,4,1,2.83333333333333,5,2.5,1.5,1.5,4,2.5,0.6988837,-0.11,-0.0575,2.282,0,0.1555,0.0729,6.74,0.1142
"102","5ebe6f716af68007472aff9a",0.777746754153288,0.142,0.289,0.078,0.152,0.005,0.334,"Female",56,"30.501£ to 45.000£","Higher education (Bachelor, Master, PhD)",6,2.6,"left-leaning",4,7,2,7,5,7,4,4,7,6,7,7,6,5.75,4.5,6,5.5,5.5,6.5,6.5,0.6988837,-0.33,-0.0575,1.234,1.0872,0,0,0,0
"103","5ec28a6332a7510637436a57",0.570564438451165,0.109,0.011,0.109,0.087,0.185,0.5,"Female",48,"> 45.001£","Higher education (Bachelor, Master, PhD)",1,9.9,"right-leaning",7,6,1,1,1,3,1,1,2,1,6,4,1,2.33333333333333,3.5,1,2,1.5,3.5,2.5,0.6988837,0,-0.0575,2.282,0.2726,0,0,6.74,0
"104","5ecae23b40dae00008174c32",0.574526779163609,0.235,0.202,0.133,0.234,0.066,0.129,"Male",52,"23.001£ to 30.500£","Higher education (Bachelor, Master, PhD)",4.75,3.3,"right-leaning",7,7,3,4,3,6,5,2,3,7,7,5,5,4.75,5,3.5,5.5,2.5,7,5,0.1031,-0.22,-0.0575,2.282,0.2726,0,0,0.9,0
"105","5ecb75a89b41896d3d07e48c",0.832614942528736,0.315,0.146,0.023,0.023,0.305,0.187,"Female",29,"< 18.000£","Compulsory education",5.75,5,"right-leaning",8,5,2,3,5,6,1,1,3,5,6,6,6,4.08333333333333,3.5,4,3.5,2,5.5,6,0.6988837,-0.22,-0.0575,2.282,2.0414,0.1555,0.0729,0.36,0.1142
"106","5edac0f64bdac171a36a04fb",0.798867730313947,0.382,0.003,0.068,0.068,0.196,0.283,"Male",30,"< 18.000£","Higher education (Bachelor, Master, PhD)",3.75,3.6,"left-leaning",5,7,3,3,3,5,2,1,4,5,6,5,3,3.91666666666667,5,3,3.5,2.5,5.5,4,0.6988837,-0.44,-0.0575,2.282,1.0872,0,0,0.36,0
"107","5edec1fe543b8816c672b069",0.897638039666036,0.119,0.197,0.169,0.222,0.091,0.202,"Male",29,"18.000£ to 23.000£","Higher education (Bachelor, Master, PhD)",3.75,3.1,"right-leaning",8,5,3,2,2,5,1,1,1,3,6,5,2,3,4,2,3,1,4.5,3.5,0.6988837,-0.11,-0.0575,2.282,0.2726,0,0,0,0
"108","5efa06a1126bfa7f11506169",0.934103970741902,0.487,0.122,0.132,0.013,0.06,0.186,"Female",41,"30.501£ to 45.000£","Higher education (Bachelor, Master, PhD)",6,5.5,"left-leaning",3,7,5,7,6,7,2,5,6,6,6,6,5,5.66666666666667,6,6.5,4.5,5.5,6,5.5,0.6988837,-0.22,-0.0575,0.955,0.2726,0.1555,0.0729,3.59,0.1142
"109","5f19675f002f9a01e273dc57",0.786001128405961,0.354,0.245,0.046,0.083,0.046,0.226,"Female",52,"< 18.000£","Higher education (Bachelor, Master, PhD)",5.75,5.3,"left-leaning",3,7,4,4,1,4,5,5,5,6,7,6,6,5,5.5,2.5,4.5,5,6.5,6,1.294697,-0.44,-0.0575,2.282,0,0.1555,0,2.07,0.07775
"110","5f2b3239b986da551f26bec7",0.832491397613295,0.112,0.112,0.05,0.482,0.058,0.186,"Male",33,"30.501£ to 45.000£","Further education",3.25,2,"right-leaning",6,6,3,2,1,5,1,1,1,1,6,6,1,2.83333333333333,4.5,1.5,3,1,3.5,3.5,0.6988837,0,-0.0575,1.053,0.2726,0,0,0,0
"111","5f4650bde0e1d7016717bb5e",0.759308379998035,0.241,0.241,0.099,0.042,0.268,0.109,"Female",50,"30.501£ to 45.000£","Higher education (Bachelor, Master, PhD)",5.5,9.1,"left-leaning",4,7,4,7,2,6,2,2,2,5,7,6,3,4.41666666666667,5.5,4.5,4,2,6,4.5,1.294697,-0.22,-0.0575,2.282,1.0872,1.11645,0,3.59,0.558225
"112","5f490578022f3f2d80b83975",0.803914730371856,0.219,0.257,0.051,0.013,0.205,0.255,"Female",44,"< 18.000£","Further education",4,3.7,"left-leaning",4,7,1,5,3,6,1,1,7,1,7,7,1,3.91666666666667,4,4,3.5,4,4,4,1.294697,-0.11,-0.0575,2.282,0.2726,0,0,0,0
"113","5f4eae624562c70dbee13cd2",0.965182457315032,0.499,0.099,0.187,0.073,0.016,0.126,"Female",58,"23.001£ to 30.500£","Higher education (Bachelor, Master, PhD)",6,4.2,"left-leaning",4,7,4,6,6,7,5,6,7,5,7,7,6,6.08333333333333,5.5,6,6,6.5,6,6.5,0.1031,-0.33,-0.0575,1.431,0.2726,0.6201,0.0729,2.07,0.3465
"114","5f5a785cfbf1061461451d9a",0.778456763179592,0.458,0.005,0.131,0.131,0.131,0.144,"Female",55,"30.501£ to 45.000£","Higher education (Bachelor, Master, PhD)",4.75,9.3,"right-leaning",6,7,3,4,1,5,1,1,7,6,7,7,1,4.16666666666667,5,2.5,3,4,6.5,4,0.6988837,0,-0.0575,2.282,0,1.8662,0.8755,3.59,1.37085
"115","5f70670e26f83062b8e73a09",0.214787590530753,0.029,0.029,0.27,0.091,0.332,0.249,"Female",57,"> 45.001£","Higher education (Bachelor, Master, PhD)",5.75,2.7,"right-leaning",6,7,5,5,5,6,1,5,5,5,6,6,4,5,6,5,3.5,5,5.5,5,0.6988837,-0.11,-0.0575,1.053,1.0872,0,0,0,0
"116","5fa450d5cec1de08e31b8a58",0.831357151187653,0.054,0.12,0.243,0.045,0.309,0.228,"Male",43,"23.001£ to 30.500£","Higher education (Bachelor, Master, PhD)",2.75,5.3,"left-leaning",5,5,1,4,3,4,1,1,2,1,5,4,1,2.66666666666667,3,3.5,2.5,1.5,3,2.5,1.294697,-0.22,-0.0575,2.282,1.0872,0,0,0.9,0
"117","5fac822590be0627d4f09b47",0.95707956077827,0.213,0.153,0.263,0.204,0.085,0.082,"Female",26,"< 18.000£","Higher education (Bachelor, Master, PhD)",5.75,3.9,"left-leaning",5,7,3,5,3,7,1,5,7,1,7,7,2,4.58333333333333,5,4,4,6,4,4.5,0.6988837,-0.11,-0.0575,2.282,0,0.1555,0.0729,0.9,0.1142
"118","5fd4d10b2f970406fe63ad96",0.79879198491579,0.498,0.044,0.145,0.107,0.107,0.099,"Male",59,"23.001£ to 30.500£","Compulsory education",5.5,2.6,"left-leaning",4,7,7,6,7,7,4,5,6,7,7,6,7,6.33333333333333,7,6.5,5.5,5.5,7,6.5,0.6988837,-0.33,-0.0575,2.282,0,0,0,0,0
"119","5fd7b5c1b6d6ef043967330c",0.700725952813067,0.249,0.194,0.026,0.136,0.191,0.205,"Male",59,"> 45.001£","Higher education (Bachelor, Master, PhD)",2.5,4.4,"right-leaning",7,6,1,2,2,2,2,1,2,2,5,5,4,2.83333333333333,3.5,2,2,1.5,3.5,4.5,1.294697,-0.22,-0.0575,2.282,1.0872,0,0,0,0
"120","6009aabebe921302cf083b53",0.664608743663103,0.133,0.32,0.007,0.054,0.241,0.245,"Female",57,"< 18.000£","Higher education (Bachelor, Master, PhD)",6,3.9,"left-leaning",3,7,6,6,6,7,5,5,7,5,7,7,4,6,6.5,6,6,6,6,5.5,1.294697,-0.11,-0.0575,2.282,0.2726,0.1555,0.0729,0.36,0.1142
"121","600c415a8f1fb8334df20e2a",0.649623464130004,0.031,0.209,0.211,0.031,0.271,0.248,"Male",34,"23.001£ to 30.500£","Further education",6,4.9,"left-leaning",3,6,5,6,6,7,2,4,7,2,7,7,4,5.25,5.5,6,4.5,5.5,4.5,5.5,0.6988837,0,-0.0575,2.282,1.0872,0,0,0.9,0
"122","600c50439b60d826f3052f7d",0.848324658425504,0.156,0.095,0.239,0.118,0.179,0.214,"Female",36,"18.000£ to 23.000£","Higher education (Bachelor, Master, PhD)",6,4.2,"left-leaning",2,5,6,6,5,6,3,6,7,4,7,6,5,5.5,5.5,5.5,4.5,6.5,5.5,5.5,1.294697,-0.11,-0.0575,1.053,1.0872,0,0,0.9,0
"123","6026b621a46afb3bc557fe0b",0.441478779840849,0.388,0.314,0.091,0.017,0.058,0.133,"Female",32,"23.001£ to 30.500£","Further education",4.25,8.2,"left-leaning",5,4,5,4,4,4,4,3,4,4,4,4,3,3.91666666666667,4.5,4,4,3.5,4,3.5,0.1031,-0.11,-0.0575,2.282,3.27168,1.8662,0.8755,0.36,1.37085
"124","6033aebb7228c70967a3ab43",0.700281934504446,0.23,0.23,0.155,0.059,0.112,0.213,"Male",33,"> 45.001£","Higher education (Bachelor, Master, PhD)",4.25,7.3,"left-leaning",3,6,2,5,2,6,2,2,6,4,7,6,2,4.16666666666667,4,3.5,4,4,5.5,4,1.294697,-0.22,-0.0575,2.282,0.2726,0.1555,0,3.59,0.07775
"125","60358f36069759a81559481c",0.83353950827277,0.088,0.088,0.232,0.072,0.2,0.321,"Female",25,"18.000£ to 23.000£","Further education",4.75,7.3,"left-leaning",1,6,6,4,1,5,2,2,5,5,7,5,5,4.41666666666667,6,2.5,3.5,3.5,6,5,1.294697,-0.22,-0.0575,2.282,0.2726,0.1555,0,3.59,0.07775
"126","6043e7baeea596429e6dd9e3",0.799756371814093,0.284,0.08,0.166,0.043,0.084,0.344,"Female",54,"< 18.000£","Compulsory education",3,3.7,"right-leaning",6,7,2,3,2,7,1,1,7,1,7,6,1,3.75,4.5,2.5,4,4,4,3.5,1.294697,-0.22,-0.0575,2.282,0.2726,0.1555,0,0,0.07775
"127","60455b1578f6f36a3e8ea81c",0.591611717652146,0.228,0.228,0.007,0.007,0.163,0.367,"Male",37,"23.001£ to 30.500£","Higher education (Bachelor, Master, PhD)",5.75,4,"left-leaning",1,7,7,5,5,7,3,5,7,6,6,5,3,5.5,7,5,5,6,6,4,1.294697,-0.22,0,2.282,0,0.6201,0.0729,0,0.3465
"128","605c9274dc5f3a6bffa23b54",0.921217994810392,0.475,0.257,0.07,0.003,0.07,0.125,"Female",30,"< 18.000£","Further education",5.25,3.1,"left-leaning",5,5,4,2,6,7,3,3,7,5,7,6,4,4.91666666666667,4.5,4,5,5,6,5,0.6988837,-0.11,-0.0575,2.282,0.2726,0,0,0,0
"129","6070388ecc8d1f63c6349b7b",0.656086729362591,0.224,0.07,0.29,0.121,0.033,0.262,"Female",24,"18.000£ to 23.000£","Higher education (Bachelor, Master, PhD)",6,4.6,"left-leaning",1,6,1,4,3,6,1,3,6,1,7,6,1,3.75,3.5,3.5,3.5,4.5,4,3.5,1.294697,-0.11,-0.0575,2.282,0.2726,0,0,0.9,0
"130","60aa9b9abb58b220b9e3e9d7",0.762309542902967,0.455,0.228,0.028,0.057,0.113,0.118,"Male",47,"> 45.001£","Higher education (Bachelor, Master, PhD)",5.25,3.2,"right-leaning",6,6,7,5,4,6,4,3,6,6,7,7,6,5.58333333333333,6.5,4.5,5,4.5,6.5,6.5,0.1031,-0.33,-0.0575,2.282,0.2726,0,0.0729,0.9,0.03645
"131","60afd4165298851467d2a22a",0.858439201451906,0.033,0.439,0.111,0.046,0.111,0.26,"Female",25,"< 18.000£","Higher education (Bachelor, Master, PhD)",3.5,18,"right-leaning",6,7,1,6,1,7,1,1,3,1,7,1,1,3.08333333333333,4,3.5,4,2,4,1,1.294697,0,-0.0575,2.282,0.2726,0.1555,0.5463,13.48,0.3509
"132","60be448c7a00c44fbb47500e",0.318620689655172,0.275,0.104,0.124,0.295,0.124,0.079,"Female",32,"< 18.000£","Higher education (Bachelor, Master, PhD)",4.25,3,"left-leaning",5,3,3,6,1,7,1,1,7,6,6,7,4,4.33333333333333,3,3.5,4,4,6,5.5,0.6988837,-0.22,-0.0575,2.282,0.2726,0,0,0,0
"133","60c9ab402f1c532d26288def",0.713294296248102,0.206,0.206,0.317,0.032,0.143,0.096,"Male",39,"> 45.001£","Higher education (Bachelor, Master, PhD)",5.75,4,"right-leaning",6,6,1,4,4,6,1,5,6,6,7,7,5,4.83333333333333,3.5,4,3.5,5.5,6.5,6,0.6988837,-0.11,-0.0575,2.282,0.2726,0,0,0.9,0
"134","60e0ac8e365f0b68f81e4ba2",0.576059381753265,0.359,0.149,0.2,0.08,0.01,0.202,"Female",61,"18.000£ to 23.000£","Further education",5.25,5.9,"left-leaning",5,7,4,5,1,7,7,2,4,3,7,2,1,4.16666666666667,5.5,3,7,3,5,1.5,1.294697,-0.11,-0.0575,1.431,1.0872,0.1555,0.0729,2.07,0.1142
"135","60ea0498cfbeface04b33ed0",0.892984542211653,0.31,0.218,0.078,0.078,0.2,0.115,"Female",55,"23.001£ to 30.500£","Further education",3.75,3.6,"right-leaning",7,5,5,5,5,6,2,2,5,2,6,5,3,4.25,5,5,4,3.5,4,4,1.294697,-0.22,-0.0575,2.282,0.2726,0,0,0,0
"136","60fbdcf31484efee3cf8d03b",0.802491424444846,0.262,0.218,0.003,0.091,0.047,0.378,"Female",22,"23.001£ to 30.500£","Higher education (Bachelor, Master, PhD)",3.75,3.4,"left-leaning",3,7,4,4,1,6,1,1,5,3,4,4,1,3.41666666666667,5.5,2.5,3.5,3,3.5,2.5,0.6988837,-0.22,-0.0575,2.282,0,0.1555,0.5463,0,0.3509
"137","61037333eaacd23a3460ffc2",0.851492094328423,0.271,0.231,0.12,0.042,0.159,0.178,"Male",43,"< 18.000£","Further education",6,2,"left-leaning",3,6,7,6,5,7,1,1,6,4,7,6,2,4.83333333333333,6.5,5.5,4,3.5,5.5,4,0.1031,-0.33,-0.0575,2.282,0,0,0,0,0
"138","610d5b907f2c451c9972a3eb",0.666365769994584,0.088,0.258,0.167,0.088,0.082,0.317,"Male",41,"30.501£ to 45.000£","Compulsory education",3,3.5,"right-leaning",7,5,1,1,1,5,1,1,1,1,6,1,1,2.08333333333333,3,1,3,1,3.5,1,0.1031,-0.11,-0.0575,2.282,0.2726,0.1555,0,0.9,0.07775
"139","6111b4dd6f6ac03b5e1a44ba",0.83433908045977,0.285,0.062,0.161,0.071,0.205,0.215,"Male",38,"30.501£ to 45.000£","Higher education (Bachelor, Master, PhD)",5.75,5.8,"right-leaning",6,7,3,5,3,7,1,2,7,5,7,7,3,4.75,5,4,4,4.5,6,5,0.6988837,-0.44,-0.0575,2.282,3.27168,0,0,0,0
"140","611e1cf011c9f05d6990d4ae",0.883359456635319,0.282,0.197,0.228,0.027,0.143,0.123,"Female",30,"< 18.000£","Further education",5.75,1.1,"left-leaning",3,7,4,7,2,7,2,2,7,5,7,7,2,4.91666666666667,5.5,4.5,4.5,4.5,6,4.5,0.1031,-0.22,-0.0575,1.053,0.2726,0,0,0,0
"141","61289487d8a63660ac5b1b9e",0.616484440706476,0.053,0.359,0.246,0.053,0.165,0.124,"Male",32,"23.001£ to 30.500£","Further education",3.75,4.2,"right-leaning",6,7,5,6,1,7,1,2,6,2,7,7,2,4.41666666666667,6,3.5,4,4,4.5,4.5,0.6988837,0,-0.0575,2.282,1.0872,0.1555,0.0729,0.36,0.1142
"142","612dcfb8c22343ecae65b26b",0.921280911484183,0.193,0.193,0.189,0.062,0.253,0.11,"Male",49,"30.501£ to 45.000£","Further education",5.25,4,"left-leaning",5,7,2,6,2,7,1,1,2,5,7,7,6,4.41666666666667,4.5,4,4,1.5,6,6.5,0.6988837,-0.33,-0.0575,1.234,2.0414,0.1555,0.2909,0,0.2232
"143","613a39b4ebe56cbaf3dbfdc7",0.804620552546788,0.004,0.315,0.141,0.141,0.186,0.214,"Female",34,"23.001£ to 30.500£","Higher education (Bachelor, Master, PhD)",6,4,"left-leaning",1,7,5,6,5,7,6,7,7,5,7,7,7,6.33333333333333,6,5.5,6.5,7,6,7,0.6988837,0,-0.0575,1.053,0,0.1555,0.0729,2.07,0.1142
"144","6147568a852e8ede83722b7e",0.664777639035635,0.439,0.115,0.079,0.079,0.144,0.143,"Male",30,"30.501£ to 45.000£","Compulsory education",3.75,7.1,"left-leaning",5,3,3,4,3,3,4,3,3,4,3,3,4,3.33333333333333,3,3.5,3.5,3,3.5,3.5,1.294697,-0.11,-0.0575,2.282,1.0872,1.11645,0.5463,0.9,0.831375
"145","6149a0903f726fd4d9b1df7f",0.941550893894946,0.199,0.05,0.136,0.099,0.173,0.344,"Male",62,"> 45.001£","Compulsory education",4,7.9,"left-leaning",5,5,2,4,2,6,2,2,5,5,7,5,3,4,3.5,3,4,3.5,6,4,1.294697,-0.33,-0.0575,2.282,1.0872,0,0,3.59,0
"146","615f09d51152027754156b2b",0.775679039461161,0.186,0.41,0.017,0.263,0.039,0.085,"Male",53,"< 18.000£","Higher education (Bachelor, Master, PhD)",4,3,"left-leaning",5,6,1,5,5,2,1,1,6,2,6,6,3,3.66666666666667,3.5,5,1.5,3.5,4,4.5,0.6988837,-0.22,-0.0575,2.282,0.2726,0,0,0.36,0
"147","61605d5958194ce00c7b9c91",0.813218390804598,0.434,0.018,0.041,0.018,0.16,0.328,"Female",38,"18.000£ to 23.000£","Further education",4.75,3.8,"left-leaning",5,7,2,5,2,6,2,2,6,2,6,6,3,4.08333333333333,4.5,3.5,4,4,4,4.5,1.294697,0,-0.0575,2.282,0.2726,0,0,0.36,0
"148","61f2ae2da09e72f23cbafa4f",0.867963454170351,0.222,0.251,0.072,0.072,0.043,0.34,"Male",25,"< 18.000£","Higher education (Bachelor, Master, PhD)",4,4.7,"left-leaning",5,5,4,4,3,4,5,6,5,4,5,6,5,4.66666666666667,4.5,3.5,4.5,5.5,4.5,5.5,1.294697,0,-0.0575,3.16,0.2726,0,0,0,0
"149","61fa9016d42cb19beec49061",0.711942150990233,0.227,0.312,0.159,0.116,0.116,0.071,"Male",50,"< 18.000£","Higher education (Bachelor, Master, PhD)",5.25,6.5,"left-leaning",5,7,5,7,2,5,4,3,3,5,6,3,4,4.5,6,4.5,4.5,3,5.5,3.5,0.6988837,-0.22,-0.0575,2.282,0,0.1555,0.0729,3.59,0.1142
"150","61fa9090d42cb19beec49175",0.405890804597701,0.224,0.027,0.278,0.14,0.111,0.219,"Female",29,"23.001£ to 30.500£","Further education",5.5,3.3,"left-leaning",4,6,5,5,5,4,1,1,2,1,5,5,1,3.41666666666667,5.5,5,2.5,1.5,3,3,1.294697,-0.22,-0.0575,2.282,0,0,0,0,0
"151","62029b31ef1cb18a1337c7be",0.652597701149425,0.236,0.115,0.246,0.055,0.065,0.282,"Female",49,"< 18.000£","Further education",5.25,4.3,"left-leaning",5,4,1,4,4,2,1,1,4,2,7,4,1,2.91666666666667,2.5,4,1.5,2.5,4.5,2.5,1.294697,-0.33,-0.0575,2.282,1.0872,0,0,0,0
"152","6274f9115634950cf5970f1c",0.89474801061008,0.306,0.147,0.139,0.012,0.171,0.224,"Male",43,"< 18.000£","Higher education (Bachelor, Master, PhD)",6,1.5,"left-leaning",1,6,7,5,7,6,3,7,6,5,6,4,5,5.58333333333333,6.5,6,4.5,6.5,5.5,4.5,0.6988837,-0.22,-0.0575,1.053,0,0,0.0729,0,0.03645
"153","6277fb597942c07d74b16b98",0.540045977011494,0.23,0.371,0.123,0.089,0.052,0.136,"Female",33,"> 45.001£","Higher education (Bachelor, Master, PhD)",6,10.5,"left-leaning",3,7,6,7,5,7,6,7,6,5,7,7,7,6.41666666666667,6.5,6,6.5,6.5,6,7,1.294697,-0.22,-0.0575,2.282,0.2726,0.1555,0.0729,6.74,0.1142
"154","627e76aae54a59191fa81f08",0.657131661442006,0.194,0.237,0.285,0.068,0.024,0.192,"Female",22,"18.000£ to 23.000£","Higher education (Bachelor, Master, PhD)",5.5,4.8,"left-leaning",2,7,6,5,4,5,6,5,5,6,7,6,6,5.66666666666667,6.5,4.5,5.5,5,6.5,6,1.294697,-0.11,-0.0575,1.431,1.0872,0.1555,0.0729,0.9,0.1142
"155","62a0f6d97132dba61b6ea5b1",0.757081280788177,0.165,0.134,0.208,0.115,0.208,0.171,"Male",31,"30.501£ to 45.000£","Higher education (Bachelor, Master, PhD)",6,5.9,"left-leaning",5,7,5,7,5,7,5,4,6,5,6,6,5,5.66666666666667,6,6,6,5,5.5,5.5,0.6988837,-0.22,-0.0575,2.282,1.0872,0,0,2.07,0
"156","62a133f31c71d01e25386981",0.78945947769755,0.356,0.256,0.057,0.093,0.093,0.145,"Female",47,"30.501£ to 45.000£","Higher education (Bachelor, Master, PhD)",4,3.8,"right-leaning",6,5,3,5,2,5,3,2,5,4,6,5,4,4.08333333333333,4,3.5,4,3.5,5,4.5,0.6988837,-0.33,-0.0575,2.282,0.2726,0,0,0.9,0
"157","62b0a3fa60084743d22ad31c",0.876256157635468,0.188,0.188,0.057,0.127,0.267,0.174,"Female",33,"18.000£ to 23.000£","Further education",5,8.4,"left-leaning",5,5,4,2,1,7,1,1,1,5,7,3,3,3.33333333333333,4.5,1.5,4,1,6,3,1.294697,-0.22,-0.0575,2.282,4.0896,0,0.0729,0.9,0.03645
"158","62b5d90d09660072824f68cf",0.615486374459829,0.446,0.233,0.02,0.123,0.051,0.127,"Male",37,"30.501£ to 45.000£","Higher education (Bachelor, Master, PhD)",5,5.3,"left-leaning",3,7,2,6,3,6,3,3,6,3,5,7,5,4.66666666666667,4.5,4.5,4.5,4.5,4,6,0.6988837,-0.22,-0.0575,2.282,0.2726,0.1555,0.0729,2.07,0.1142
"159","62b84bc871daedd6295f2a55",0.870711260910898,0.486,0.068,0.111,0.051,0.111,0.173,"Female",55,"< 18.000£","Higher education (Bachelor, Master, PhD)",6,6.3,"left-leaning",5,6,1,4,2,6,1,1,5,1,5,5,1,3.16666666666667,3.5,3,3.5,3,3,3,0.6988837,-0.11,-0.0575,1.431,4.0896,0.1555,0.0729,0,0.1142
"160","62bcbc7df297dff85dfa7857",0.436457174638487,0.157,0.278,0.084,0.205,0.084,0.191,"Male",61,"30.501£ to 45.000£","Higher education (Bachelor, Master, PhD)",6,7.7,"right-leaning",6,6,2,4,1,6,1,1,6,2,5,6,2,3.5,4,2.5,3.5,3.5,3.5,4,0.6988837,-0.11,-0.0575,2.282,1.0872,0.1555,0.0729,3.59,0.1142
"161","62c7e2035db496124cf69b56",0.471682340647858,0.252,0.252,0.178,0.006,0.117,0.195,"Female",45,"30.501£ to 45.000£","Higher education (Bachelor, Master, PhD)",5.75,4.6,"left-leaning",4,6,4,2,2,6,2,1,7,7,7,7,4,4.58333333333333,5,2,4,4,7,5.5,0.1031,-0.11,-0.0575,2.282,0.2726,0,0.0729,2.07,0.03645
"162","62d133d8355730e56a6722dc",0.687644298800923,0.434,0.129,0.068,0.054,0.129,0.185,"Male",33,"> 45.001£","Further education",5.5,5.5,"right-leaning",7,4,3,5,4,5,1,2,3,4,5,5,3,3.66666666666667,3.5,4.5,3,2.5,4.5,4,1.294697,-0.33,-0.0575,2.282,0.2726,0,0,2.07,0
"163","62e154b0682e270b4acdf5ee",0.691683569979716,0.201,0.166,0.15,0.115,0.15,0.218,"Male",32,"23.001£ to 30.500£","Further education",2.75,3.3,"left-leaning",5,4,3,5,2,5,3,1,6,2,5,5,2,3.58333333333333,3.5,3.5,4,3.5,3.5,3.5,1.294697,-0.33,-0.0575,2.282,0,0.1555,0,0,0.07775
"164","62e98117d8254c5e98e64592",0.802405773857257,0.019,0.177,0.019,0.256,0.06,0.469,"Female",51,"> 45.001£","Further education",3,10,"right-leaning",6,4,4,4,4,4,4,4,4,4,4,4,4,4,4,4,4,4,4,4,1.294697,-0.22,-0.0575,2.282,0,0,0,6.74,0
"165","62fb794d58e8f2902c9a5f13",0.451508620689655,0.054,0.124,0.143,0.214,0.035,0.43,"Female",26,"30.501£ to 45.000£","Higher education (Bachelor, Master, PhD)",3,4.8,"left-leaning",3,6,2,4,2,4,4,2,2,2,4,4,5,3.41666666666667,4,3,4,2,3,4.5,1.294697,-0.22,-0.0575,1.431,0.2726,0,0,2.07,0
"166","62fb7bd5e0c65f772ce189c8",0.872233455380076,0.155,0.502,0.044,0.006,0.143,0.151,"Female",47,"30.501£ to 45.000£","Higher education (Bachelor, Master, PhD)",6,1.5,"left-leaning",4,5,7,5,7,7,5,7,7,7,6,7,7,6.41666666666667,6,6,6,7,6.5,7,0.1031,-0.11,-0.0575,1.053,0.2726,0.1555,0.0729,0,0.1142
"167","62fcedae37fcdac16269c7f0",0.699274047186933,0.353,0.233,0.124,0.184,0.065,0.041,"Male",20,"18.000£ to 23.000£","Higher education (Bachelor, Master, PhD)",5,3.8,"left-leaning",5,7,1,5,1,6,1,2,5,1,7,7,3,3.83333333333333,4,3,3.5,3.5,4,5,0.6988837,-0.33,-0.0575,2.282,0.2726,0,0,0.9,0
"168","631121b9300114184c43848c",0.740075966336486,0.192,0.147,0.172,0.126,0.263,0.1,"Male",42,"23.001£ to 30.500£","Higher education (Bachelor, Master, PhD)",3.5,4,"left-leaning",3,5,2,5,5,6,1,1,7,2,7,7,2,4.16666666666667,3.5,5,3.5,4,4.5,4.5,1.294697,0,-0.0575,2.282,0.2726,0.1555,0.0729,0,0.1142
"169","631625a868c124694850420c",0.715392303848076,0.028,0.075,0.247,0.178,0.144,0.327,"Male",22,"< 18.000£","Further education",2.25,3.2,"right-leaning",6,6,3,4,2,5,1,1,5,3,5,4,3,3.5,4.5,3,3,3,4,3.5,1.294697,-0.33,-0.0575,2.282,0,0,0,0,0
"170","6319fb160fc7f174e5861d1d",0.880029769288018,0.353,0.197,0.076,0.154,0.08,0.14,"Female",37,"30.501£ to 45.000£","Higher education (Bachelor, Master, PhD)",5,7.4,"right-leaning",6,6,2,4,2,6,2,2,5,2,6,6,2,3.75,4,3,4,3.5,4,4,0.6988837,-0.22,0,2.282,1.0872,0,0,3.59,0
"171","634825209775febdbe9c9825",0.632062275740437,0.007,0.131,0.55,0.069,0.054,0.188,"Male",46,"23.001£ to 30.500£","Further education",6,2.5,"left-leaning",3,7,3,4,1,7,1,1,7,1,7,7,1,3.91666666666667,5,2.5,4,4,4,4,0.1031,0,-0.0575,2.282,0,0.1555,0,0,0.07775
"172","637f7c23658dbd7bcdd9e193",0.629591454272863,0.203,0.12,0.296,0.171,0.171,0.04,"Male",19,"< 18.000£","Further education",2.75,7,"right-leaning",8,7,1,6,1,6,2,1,6,2,5,7,2,3.83333333333333,4,3.5,4,3.5,3.5,4.5,1.294697,-0.33,-0.0575,2.282,0,0.1555,0.0729,3.59,0.1142
"173","637f8e8b4aab8c4f8af7e09b",0.828364013481981,0.274,0.158,0.188,0.015,0.015,0.35,"Male",49,"30.501£ to 45.000£","Higher education (Bachelor, Master, PhD)",4.5,4.9,"left-leaning",5,7,1,4,2,5,2,2,7,4,7,7,2,4.16666666666667,4,3,3.5,4.5,5.5,4.5,0.6988837,-0.11,-0.0575,1.053,3.27168,0,0,0,0
"174","637fa9a2ca0c2fa078910c4b",0.872714649386716,0.369,0.22,0.078,0.128,0.177,0.027,"Male",36,"< 18.000£","Higher education (Bachelor, Master, PhD)",5.5,3.8,"right-leaning",7,5,3,4,3,6,3,2,5,5,6,4,2,4,4,3.5,4.5,3.5,5.5,3,1.294697,0,-0.0575,2.282,0.2726,0,0,0.36,0
"175","6380e6f4701835df21c0d764",0.449417135403929,0.033,0.418,0.121,0.264,0.121,0.042,"Male",39,"> 45.001£","Further education",1,5.4,"left-leaning",4,7,1,4,1,7,1,1,1,1,7,7,1,3.25,4,2.5,4,1,4,4,0.1031,-0.22,-0.0575,2.282,3.27168,0,0,0,0
"176","63a445e39a2fcc9bc2558d74",0.821153643361805,0.383,0.199,0.108,0.015,0.169,0.127,"Male",69,"18.000£ to 23.000£","Compulsory education",6,2.6,"left-leaning",5,6,2,6,3,7,3,3,6,6,6,6,4,4.83333333333333,4,4.5,5,4.5,6,5,0.6988837,-0.33,-0.0575,1.234,1.0872,0,0,0,0
"177","63c014d48a1fb74f916f4158",0.86863711001642,0.233,0.375,0.123,0.091,0.051,0.127,"Female",59,"< 18.000£","Further education",6,1,"left-leaning",3,7,6,5,5,6,4,6,5,5,5,5,6,5.41666666666667,6.5,5,5,5.5,5,5.5,0.1031,-0.22,-0.0575,1.053,0,0.1555,0,0,0.07775
"178","63ced8d2c8d001d1d5057196",0.713254310344828,0.384,0.283,0.031,0.121,0.02,0.16,"Male",43,"> 45.001£","Higher education (Bachelor, Master, PhD)",6,11,"left-leaning",4,7,5,5,4,6,6,6,6,6,6,6,6,5.75,6,4.5,6,6,6,6,0.6988837,-0.11,-0.0575,1.431,2.0414,0.1555,0.0729,6.74,0.1142
"179","63d141f040c855b7fb494d13",0.649878185907047,0.102,0.079,0.209,0.261,0.131,0.218,"Female",31,"30.501£ to 45.000£","Further education",3.25,6.9,"right-leaning",6,4,1,1,1,5,1,1,5,1,7,7,5,3.25,2.5,1,3,3,4,6,1.294697,-0.44,-0.0575,2.282,0.2726,0,0,3.59,0
"180","63d148b0da246ce02c8bd22b",0.893970806008039,0.165,0.301,0.209,0.039,0.107,0.178,"Female",31,"< 18.000£","Higher education (Bachelor, Master, PhD)",6,4.1,"left-leaning",2,6,6,6,5,7,4,7,7,3,7,7,4,5.75,6,5.5,5.5,7,5,5.5,1.294697,-0.11,-0.0575,0.955,1.0872,0,0,0.9,0
"181","63d69163ecd60f16ced6c9c4",0.95567421513124,0.203,0.387,0.104,0.135,0.074,0.097,"Male",26,"< 18.000£","Further education",4.25,3.5,"left-leaning",5,3,2,6,4,6,1,1,7,1,6,6,3,3.83333333333333,2.5,5,3.5,4,3.5,4.5,1.294697,-0.22,0,2.282,0,0.1555,0,0,0.07775
"182","63d79c350c185ab8036d2a68",0.875650410089073,0.595,0.082,0.009,0.082,0.009,0.223,"Male",34,"23.001£ to 30.500£","Higher education (Bachelor, Master, PhD)",6,1.9,"left-leaning",1,6,7,7,7,7,1,5,6,6,7,7,7,6.08333333333333,6.5,7,4,5.5,6.5,7,0.6988837,0,-0.0575,1.053,0,0.1555,0.0729,0.36,0.1142
"183","63e52aac7a653a43be0247aa",0.658430627206082,0.502,0.192,0.068,0.006,0.179,0.051,"Male",34,"> 45.001£","Higher education (Bachelor, Master, PhD)",6,3.5,"left-leaning",3,6,6,3,5,6,5,5,4,5,7,4,5,5.08333333333333,6,4,5.5,4.5,6,4.5,1.294697,0,-0.0575,2.282,0,0,0,0.36,0
"184","63e538e14e8b1ae8b460d8bf",0.649303008070433,0.134,0.134,0.307,0.043,0.043,0.34,"Male",37,"> 45.001£","Further education",6,2.2,"left-leaning",1,7,7,7,5,7,1,7,7,7,7,7,7,6.33333333333333,7,6,4,7,7,7,0.1031,-0.33,-0.0575,1.234,0.2726,0,0.0729,0.9,0.03645
"185","63ea42db4a818f990ef95828",0.752454898378625,0.005,0.193,0.005,0.136,0.324,0.337,"Male",36,"> 45.001£","Higher education (Bachelor, Master, PhD)",5,5.7,"left-leaning",2,6,4,6,6,7,1,2,7,4,7,7,6,5.25,5,6,4,4.5,5.5,6.5,0.6988837,-0.22,-0.0575,2.282,0.2726,0.6201,0,2.07,0.31005
"186","63ea95f2da4247bb899a1119",0.801130811112662,0.152,0.152,0.194,0.223,0.108,0.171,"Female",37,"< 18.000£","Higher education (Bachelor, Master, PhD)",5.75,3.6,"left-leaning",4,6,4,4,2,6,3,3,6,6,6,6,4,4.66666666666667,5,3,4.5,4.5,6,5,1.294697,-0.22,-0.0575,2.282,0.2726,0,0,0,0
"187","63f77cac11a2ddb8e7276c44",0.256063983217517,0.137,0.093,0.022,0.324,0.137,0.286,"Female",62,"< 18.000£","Further education",4.25,5,"right-leaning",6,6,1,1,1,3,1,1,1,1,5,5,1,2.25,3.5,1,2,1,3,3,1.294697,0,-0.0575,1.431,0.2726,0,0,2.07,0
"188","6421c5ce0498d13b6d20419c",0.234439384081544,0.346,0.346,0.091,0.006,0.164,0.047,"Female",32,"23.001£ to 30.500£","Further education",5,4.1,"left-leaning",5,5,4,5,5,6,2,2,5,4,6,4,5,4.41666666666667,4.5,5,4,3.5,5,4.5,0.6988837,0,-0.0575,2.282,0.2726,0,0,0.9,0
"189","6480c46e98f143d5415295e1",0.799568965517242,0.392,0.033,0.033,0.245,0.033,0.264,"Male",62,"< 18.000£","Compulsory education",2.25,4.4,"right-leaning",6,4,1,4,4,6,1,1,3,5,7,5,4,3.75,2.5,4,3.5,2,6,4.5,1.294697,-0.22,-0.0575,2.282,1.0872,0,0,0,0
"190","64835b5840bc93bf8c400aeb",0.782736894379093,0.289,0.138,0.104,0.135,0.104,0.23,"Female",58,"18.000£ to 23.000£","Higher education (Bachelor, Master, PhD)",5.75,3.3,"right-leaning",6,6,5,6,6,6,3,6,6,6,6,6,6,5.66666666666667,5.5,6,4.5,6,6,6,1.294697,-0.22,-0.0575,1.234,1.0872,0,0,0,0
"191","64842953934f4be66c7f6fc2",0.854739297018158,0.289,0.152,0.192,0.014,0.192,0.161,"Female",54,"> 45.001£","Compulsory education",4.75,8.9,"left-leaning",5,6,4,3,4,4,3,5,2,4,6,2,4,3.91666666666667,5,3.5,3.5,3.5,5,3,1.294697,-0.22,-0.0575,3.16,1.0872,0,0,3.59,0
"192","64fb2212b9a3b757d0d70767",0.877943381250551,0.139,0.28,0.142,0.095,0.142,0.201,"Female",57,"30.501£ to 45.000£","Further education",6,1.6,"right-leaning",6,7,5,6,7,7,7,7,7,7,7,7,7,6.75,6,6.5,7,7,7,7,0.6988837,-0.33,-0.0575,1.053,0.2726,0,0,0,0
"193","651be6560ce8a69af588fb31",0.682650862068965,0.292,0.292,0.114,0.089,0.114,0.098,"Male",54,"> 45.001£","Further education",5,4.1,"right-leaning",6,7,1,6,2,5,2,1,5,2,4,6,6,3.91666666666667,4,4,3.5,3,3,6,0.6988837,0,-0.0575,2.282,1.0872,0,0.0729,0.36,0.03645
"194","651c11304182690d4a93ef00",0.781759250922841,0.327,0.114,0.206,0.046,0.153,0.154,"Male",62,"< 18.000£","Higher education (Bachelor, Master, PhD)",6,2.4,"left-leaning",4,7,3,6,6,6,2,3,6,3,6,6,3,4.75,5,6,4,4.5,4.5,4.5,0.1031,-0.22,-0.0575,2.282,0.2726,0,0,0,0
"195","652c3417a11e952e735149b6",0.443965517241379,0.107,0.033,0.213,0.318,0.033,0.296,"Female",44,"30.501£ to 45.000£","Further education",6,6.8,"right-leaning",10,5,5,7,1,7,1,2,1,2,5,3,2,3.41666666666667,5,4,4,1.5,3.5,2.5,0.6988837,-0.11,-0.0575,3.16,1.0872,0,0,2.07,0
"196","653bb95b0268ecbcadfb3c08",0.917849898580122,0.347,0.226,0.138,0.077,0.077,0.134,"Female",48,"< 18.000£","Higher education (Bachelor, Master, PhD)",6,3.2,"left-leaning",4,7,2,4,6,7,2,5,7,5,7,6,6,5.33333333333333,4.5,5,4.5,6,6,6,0.6988837,0,-0.0575,2.282,0.2726,0,0,0.36,0
