"","participant.label","(Intercept)","high.impact","low.impact","diff","gender","age","income","education","cc_concern.mean","total_co2","conservative_liberal.binary","conservative_liberal","policy.car.sub","policy.car.tax","policy.flying.sub","policy.flying.tax","policy.RE.sub","policy.RE.tax","policy.meat.tax","policy.meat.sub","policy.recycle.tax","policy.recycle.sub","policy.regional_food.sub","policy.regional_food.tax","policy.support.total","policy.car","policy.flying","policy.RE","policy.meat","policy.recycle","policy.regional_food","footprint.electricity","footprint.regional","footprint.recycling","footprint.diet","footprint.travel.car","footprint.travel.bus","footprint.travel.train","footprint.flying","footprint.public.transport"
"1","54232b4bfdf99b328c91b253",2.40539544657724,0.744588380843461,1.12871661273911,-0.38,"Male",38,"30.501£ to 45.000£","Higher education (Bachelor, Master, PhD)",5,7.4,"left-leaning",3,6,3,5,4,7,4,6,6,6,7,6,4,5.33333333333333,4.5,4.5,5.5,6,6.5,5,1.294697,-0.22,-0.0575,1.431,3.27168,0.6201,1.0944,0.36,0.85725
"2","542926d2fdf99b0b7ac2904e",3.3894654706826,0.690583299780726,0.687347703133177,0,"Female",51,"< 18.000£","Further education",3.25,4.6,"left-leaning",5,6,2,5,3,5,2,1,6,1,6,6,2,3.75,4,4,3.5,3.5,3.5,4,1.294697,0,-0.0575,2.282,1.0872,0,0,0,0
"3","547272b4fdf99b44c5647418",0.984967366376174,1.09576742035497,1.80880195364524,-0.71,"Male",59,"< 18.000£","Higher education (Bachelor, Master, PhD)",5.75,2.1,"left-leaning",3,7,6,5,7,5,3,5,3,4,7,3,6,5.08333333333333,6.5,6,4,4,5.5,4.5,0.1031,-0.44,-0.0575,1.431,1.0872,0,0,0.36,0
"4","54aefa06fdf99b09c01b37f4",1.50150767269114,0.541973629337519,0.847083450441153,-0.31,"Female",50,"23.001£ to 30.500£","Higher education (Bachelor, Master, PhD)",6,3.3,"left-leaning",3,7,5,7,7,7,4,7,7,7,7,7,7,6.58333333333333,6,7,5.5,7,7,7,0.1031,-0.11,-0.0575,2.282,1.0872,0,0,0,0
"5","559d96aefdf99b1e448268e5",2.24653372324277,0.658144366219535,0.769592605525988,-0.11,"Female",42,"> 45.001£","Higher education (Bachelor, Master, PhD)",5,5.3,"left-leaning",3,7,5,7,6,7,4,4,6,4,7,5,4,5.5,6,6.5,5.5,5,5.5,4.5,0.6988837,-0.22,-0.0575,2.282,0.2726,0,0.2909,2.07,0.14545
"6","55d09e4934e9060005e5729a",0.727707055240902,0.573516406844871,0.994692936342962,-0.42,"Male",28,"< 18.000£","Further education",4.5,4.2,"right-leaning",6,7,2,7,5,3,1,4,2,1,7,7,6,4.33333333333333,4.5,6,2,3,4,6.5,1.294697,-0.44,-0.0575,3.16,0.2726,0,0,0,0
"7","560925acd7def20005b7362a",2.62950588138095,0.619891907145526,0.84241075591813,-0.22,"Male",55,"23.001£ to 30.500£","Higher education (Bachelor, Master, PhD)",4.75,5.9,"left-leaning",4,7,3,6,4,5,3,2,5,3,5,5,5,4.41666666666667,5,5,4,3.5,4,5,1.294697,-0.22,-0.0575,1.431,3.27168,0.1555,0.0729,0.36,0.1142
"8","56296779c8ffc200055134c9",2.06420518291287,0.426665921663455,0.656846605475337,-0.23,"Male",49,"23.001£ to 30.500£","Higher education (Bachelor, Master, PhD)",1.75,4.2,"left-leaning",5,4,1,1,7,4,1,1,6,4,4,6,3,3.5,2.5,4,2.5,3.5,4,4.5,0.1031,-0.22,0,2.282,2.0414,0,0,0,0
"9","5655ac37d970d100058322c3",3.15848389175301,0.269578768729429,0.304596310661482,-0.04,"Male",32,"18.000£ to 23.000£","Higher education (Bachelor, Master, PhD)",4.75,3.1,"left-leaning",5,5,3,5,4,7,2,2,6,6,7,6,3,4.66666666666667,4,4.5,4.5,4,6.5,4.5,0.6988837,-0.33,-0.0575,2.282,0.2726,0.1555,0.0729,0.36,0.1142
"10","566e1aec744e3e0005b4e668",1.81090464768066,0.787872717393324,1.2227368654293,-0.43,"Male",43,"< 18.000£","Further education",3.75,3.5,"left-leaning",5,5,4,5,4,5,4,4,5,4,5,5,4,4.5,4.5,4.5,4.5,4.5,4.5,4.5,1.294697,-0.33,-0.0575,2.282,0.2726,0,0,0,0
"11","56a80408c89737000b22bd37",1.00239673981912,0.801328079259984,1.22975347995823,-0.43,"Male",48,"> 45.001£","Higher education (Bachelor, Master, PhD)",1.5,3.1,"right-leaning",6,6,1,3,2,2,1,1,1,1,6,5,2,2.58333333333333,3.5,2.5,1.5,1,3.5,3.5,0.6988837,-0.33,-0.0575,2.282,0.2726,0.1555,0.0729,0,0.1142
"12","56d33245321cae000b68d9e4",3.15182482122037,0.555044294981574,0.634775276759656,-0.08,"Male",66,"23.001£ to 30.500£","Further education",4.25,4.8,"right-leaning",10,3,1,2,1,5,6,1,6,1,5,6,7,3.66666666666667,2,1.5,5.5,3.5,3,6.5,1.294697,-0.22,0,2.282,0.2726,0.1555,0.0729,0.9,0.1142
"13","571a57e56a1c6300124bb6bd",2.02934380251335,0.731723754846194,1.05962524578854,-0.33,"Female",64,"< 18.000£","Compulsory education",6,3.7,"right-leaning",7,6,3,5,7,5,2,3,4,5,7,5,6,4.83333333333333,4.5,6,3.5,3.5,6,5.5,1.294697,-0.33,-0.0575,2.282,0.2726,0.1555,0.0729,0,0.1142
"14","571a861d838a4e0013b1860a",2.13221380613033,0.48473472668152,0.599164532224573,-0.11,"Male",51,"30.501£ to 45.000£","Further education",2.25,6,"left-leaning",2,7,1,4,2,7,1,1,4,1,1,7,1,3.08333333333333,4,3,4,2.5,1,4,0.6988837,-0.11,0,2.282,1.0872,0,0,2.07,0
"15","576fc3462984e70001a97fc3",1.45337752117476,0.821144425204039,1.2448895570996,-0.42,"Male",32,"18.000£ to 23.000£","Higher education (Bachelor, Master, PhD)",6,3.4,"left-leaning",4,7,6,5,2,7,4,5,7,5,7,7,4,5.5,6.5,3.5,5.5,6,6,5.5,0.1031,-0.22,-0.0575,1.053,0.2726,0.1555,0,2.07,0.07775
"16","577e3a5025cb71000128727e",2.47147785861988,0.639675126243694,0.819673531473143,-0.18,"Female",63,"< 18.000£","Further education",5.25,2.5,"left-leaning",5,7,3,6,7,5,1,6,6,7,5,7,4,5.33333333333333,5,6.5,3,6,6,5.5,0.1031,-0.22,-0.0575,1.431,1.0872,0.1555,0,0,0.07775
"17","577f91b84d107800016d9e69",2.00873898379231,0.845750610243815,1.26039169083855,-0.41,"Male",70,"23.001£ to 30.500£","Further education",4.75,3.2,"right-leaning",6,6,4,5,5,6,6,4,5,6,6,6,7,5.5,5,5,6,4.5,6,6.5,0.6988837,-0.22,-0.0575,2.282,0.2726,0.1555,0.0729,0,0.1142
"18","58a085f6f6cc2100012af56e",1.97720713865911,1.00807568030048,1.49808084810267,-0.49,"Male",46,"23.001£ to 30.500£","Higher education (Bachelor, Master, PhD)",5,3.1,"left-leaning",3,7,7,7,7,6,5,5,2,6,7,6,5,5.83333333333333,7,7,5.5,3.5,6.5,5.5,0.6988837,-0.22,-0.0575,2.282,0,0.1555,0.2909,0,0.2232
"19","5918a03738cc6d0001a4bde7",3.15156337767872,0.320695853800705,0.300869527219908,0.02,"Male",37,"> 45.001£","Higher education (Bachelor, Master, PhD)",1,2.3,"right-leaning",8,5,1,1,1,1,1,1,1,1,6,5,2,2.16666666666667,3,1,1,1,3.5,3.5,0.1031,-0.44,-0.0575,2.282,0.2726,0.1555,0,0,0.07775
"20","594a8e2eeaa18e000163f6cd",4.10883704952233,0.264389105931887,0.270968107825533,-0.01,"Female",46,"< 18.000£","Higher education (Bachelor, Master, PhD)",1,3.7,"right-leaning",9,6,1,1,1,1,1,1,1,1,5,5,1,2.08333333333333,3.5,1,1,1,3,3,1.294697,-0.33,0,2.282,0.2726,0.1555,0.0729,0.36,0.1142
"21","596e6e5cd7919800014b49b8",2.30668604528635,0.671251030596932,1.00515631896131,-0.33,"Male",48,"30.501£ to 45.000£","Compulsory education",3,3.9,"left-leaning",3,7,1,5,4,4,2,1,5,3,7,5,4,4,4,4.5,3,3,5,4.5,0.6988837,-0.33,-0.0575,2.282,1.0872,0.1555,0.0729,0,0.1142
"22","597b652912b52100010ca9b2",2.60156501505573,0.873832655256988,1.24891617967291,-0.38,"Female",23,"30.501£ to 45.000£","Higher education (Bachelor, Master, PhD)",6,3.3,"left-leaning",3,7,5,5,5,7,4,4,6,6,7,7,5,5.66666666666667,6,5,5.5,5,6.5,6,1.294697,-0.33,-0.0575,2.282,0,0.1555,0,0.36,0.07775
"23","597c6cdf21db3a0001418541",1.66130518312519,0.72449686967339,0.909234887526614,-0.18,"Male",66,"23.001£ to 30.500£","Further education",3.25,3.9,"right-leaning",7,6,1,1,1,7,1,1,5,1,4,4,1,2.75,3.5,1,4,3,2.5,2.5,1.294697,0,-0.0575,2.282,0.2726,0,0.0729,0,0.03645
"24","59839cb9554956000142d95f",2.47064679156011,0.817268741528825,1.23860505576582,-0.42,"Female",52,"< 18.000£","Compulsory education",6,1.4,"left-leaning",3,5,5,6,7,6,1,7,1,3,7,6,6,5,5,6.5,3.5,4,5,6,0.6988837,-0.33,-0.0575,1.053,0,0,0,0,0
"25","59a9c0291b7a550001d6392e",2.23810516503716,0.74130343303764,1.06035735898369,-0.32,"Female",41,"< 18.000£","Higher education (Bachelor, Master, PhD)",3.75,5.5,"left-leaning",3,7,1,3,1,7,3,3,4,4,7,7,5,4.33333333333333,4,2,5,3.5,5.5,6,0.6988837,-0.33,-0.0575,2.282,2.0414,0,0,0.9,0
"26","59b193aff69f3400018671ba",2.50826545019422,0.497599352678785,0.66825589917514,-0.17,"Male",54,"< 18.000£","Further education",3,1.2,"right-leaning",8,7,7,6,7,6,5,4,5,7,7,5,6,6,7,6.5,5.5,4.5,7,5.5,0.1031,-0.11,-0.0575,1.053,0,0.1555,0.0729,0,0.1142
"27","59baa4f5178f1b00018289b2",1.2888938878177,0.20642983191041,0.343629321215601,-0.14,"Male",57,"23.001£ to 30.500£","Further education",1.75,3.6,"right-leaning",6,5,1,1,1,4,1,1,4,1,5,6,1,2.58333333333333,3,1,2.5,2.5,3,3.5,1.294697,-0.22,-0.0575,2.282,0.2726,0,0,0,0
"28","59e4b3a1896cfc0001921095",3.12154221019045,0.734799791117769,0.999385454645569,-0.26,"Male",52,"< 18.000£","Higher education (Bachelor, Master, PhD)",6,0.9,"left-leaning",1,7,6,6,7,7,4,5,5,6,7,6,5,5.91666666666667,6.5,6.5,5.5,5,6.5,5.5,0.1031,-0.22,-0.0575,0.955,0,0.1555,0,0,0.07775
"29","59f7876cbe9c0c0001486c7d",4.15816706519356,0.599466825965406,0.665413487639984,-0.07,"Male",62,"< 18.000£","Compulsory education",4.25,3.2,"left-leaning",5,1,1,1,1,1,1,1,2,1,2,2,2,1.33333333333333,1,1,1,1.5,1.5,2,0.6988837,-0.11,-0.0575,2.282,0.2726,0.1555,0,0,0.07775
"30","5a01d867074b1900012512ef",2.46814832335356,0.782407889369766,0.984763014522231,-0.2,"Female",30,"23.001£ to 30.500£","Further education",2.25,3.6,"left-leaning",5,5,1,5,1,7,1,1,6,1,7,5,1,3.41666666666667,3,3,4,3.5,4,3,1.294697,-0.22,-0.0575,2.282,0.2726,0,0,0.36,0
"31","5a04ccfef2e3460001edadef",2.95825844098823,0.734333713724181,0.890376705234469,-0.16,"Female",68,"23.001£ to 30.500£","Compulsory education",5.75,2.9,"right-leaning",8,7,2,6,7,7,1,5,7,4,7,7,4,5.33333333333333,4.5,6.5,4,6,5.5,5.5,0.6988837,-0.11,-0.0575,1.234,1.0872,0,0,0,0
"32","5a75d51a0f1bce0001219703",1.28223481728506,0.491895358162555,0.673808287313775,-0.18,"Female",66,"23.001£ to 30.500£","Compulsory education",6,3.3,"left-leaning",3,4,2,6,6,7,2,3,7,7,7,7,6,5.33333333333333,3,6,4.5,5,7,6.5,0.1031,-0.33,-0.0575,2.282,0.2726,0.1555,0,0.9,0.07775
"33","5a7ace61eea3d300016e07fd",3.03844332472112,0.761534730162728,0.922692940391392,-0.16,"Male",69,"> 45.001£","Higher education (Bachelor, Master, PhD)",5.75,3.8,"left-leaning",5,7,6,6,5,7,5,7,7,7,7,7,5,6.33333333333333,6.5,5.5,6,7,7,6,0.6988837,-0.22,-0.0575,1.431,1.0872,0,0,0.9,0
"34","5a913c1e6475f900019f8e5c",2.71494651155498,0.667342220075832,0.96099851604117,-0.29,"Male",65,"< 18.000£","Higher education (Bachelor, Master, PhD)",6,3.2,"left-leaning",2,7,7,7,7,7,7,7,7,7,7,7,7,7,7,7,7,7,7,7,0.6988837,-0.22,-0.0575,2.282,0.2726,0.1555,0.0729,0.36,0.1142
"35","5a9ca92b6219a30001f5351e",2.83134672983047,0.680588670408247,0.839416085671703,-0.16,"Male",27,"< 18.000£","Higher education (Bachelor, Master, PhD)",4.5,4,"left-leaning",3,7,5,5,5,7,4,5,6,6,7,4,5,5.5,6,5,5.5,5.5,6.5,4.5,1.294697,-0.44,-0.0575,2.282,0,0.6201,0.2909,0,0.4555
"36","5ae5a3ff3ab2fb0001ef2b91",5.17491344849559,0.126894259928457,-0.00868251277329035,0.14,"Male",34,"> 45.001£","Higher education (Bachelor, Master, PhD)",2,6,"right-leaning",10,2,1,1,1,2,1,1,4,1,7,5,1,2.25,1.5,1,1.5,2.5,4,3,1.294697,-0.44,-0.0575,2.282,1.0872,0.6201,0.2909,0.9,0.4555
"37","5ae8d7b596845f0001c7948d",2.2888385047999,0.770666330327255,1.03835224773385,-0.27,"Female",59,"< 18.000£","Further education",4.25,3.4,"right-leaning",7,6,1,2,3,4,1,3,7,1,7,6,3,3.66666666666667,3.5,2.5,2.5,5,4,4.5,1.294697,-0.22,-0.0575,1.234,0.2726,0,0,0.9,0
"38","5aecb87ac09cd900015d7d7b",1.10277090874317,0.803299047943475,1.27076903221148,-0.47,"Male",32,"< 18.000£","Higher education (Bachelor, Master, PhD)",5.5,3.3,"left-leaning",4,4,3,6,5,7,1,2,5,4,4,5,3,4.08333333333333,3.5,5.5,4,3.5,4,4,1.294697,-0.22,-0.0575,2.282,0,0,0,0,0
"39","5af4579eb625f70001e0cfad",2.48282041856192,0.502580103942083,0.573285057112696,-0.07,"Female",45,"30.501£ to 45.000£","Higher education (Bachelor, Master, PhD)",4.75,7.2,"right-leaning",6,6,2,2,1,5,3,2,4,2,4,3,2,3,4,1.5,4,3,3,2.5,1.294697,-0.33,-0.0575,2.282,0.2726,0.1555,0,3.59,0.07775
"40","5b03567dc573030001c36f1d",2.91111608003347,0.796586494489361,1.08119808297497,-0.28,"Female",29,"< 18.000£","Higher education (Bachelor, Master, PhD)",6,4.2,"left-leaning",4,7,7,5,4,7,4,7,7,6,7,7,6,6.16666666666667,7,4.5,5.5,7,6.5,6.5,0.6988837,-0.22,-0.0575,0.955,0.2726,0.1555,0.2909,2.07,0.2232
"41","5b1386089663ee0001461b6e",2.94041090050178,0.833749013454502,0.923572634007003,-0.09,"Male",49,"> 45.001£","Higher education (Bachelor, Master, PhD)",6,2.1,"left-leaning",3,7,5,7,6,7,3,2,7,5,7,7,5,5.66666666666667,6,6.5,5,4.5,6,6,0.1031,-0.22,-0.0575,2.282,0,0,0,0,0
"42","5b14265d30d562000155ea04",1.99822749091004,0.805252017260297,1.08784864090632,-0.28,"Male",44,"30.501£ to 45.000£","Higher education (Bachelor, Master, PhD)",5.5,3.7,"right-leaning",6,7,2,7,4,7,1,1,6,4,6,7,3,4.58333333333333,4.5,5.5,4,3.5,5,5,1.294697,-0.33,-0.0575,2.282,0.2726,0,0.2909,0,0.14545
"43","5b1562981e55760001ba1e64",1.67140114247757,0.853792270299474,1.29124369960519,-0.44,"Male",60,"23.001£ to 30.500£","Higher education (Bachelor, Master, PhD)",5,3.6,"right-leaning",6,7,6,7,7,6,7,4,7,1,4,4,6,5.5,6.5,7,6.5,5.5,2.5,5,1.294697,-0.22,-0.0575,2.282,0.2726,0,0,0.36,0
"44","5b19a21bfceed30001b57e6e",3.78737116757081,0.606851496459899,0.682593645655531,-0.08,"Female",31,"30.501£ to 45.000£","Higher education (Bachelor, Master, PhD)",5.5,4.5,"right-leaning",6,7,4,5,1,7,1,1,6,6,7,6,4,4.58333333333333,5.5,3,4,3.5,6.5,5,1.294697,-0.22,-0.0575,2.282,0.2726,0,0,0.9,0
"45","5b2c0994f1ca3c000190196a",2.4164271930292,0.969963007181491,1.21375285469002,-0.24,"Female",39,"30.501£ to 45.000£","Higher education (Bachelor, Master, PhD)",6,2.4,"right-leaning",7,3,4,5,6,6,4,7,6,7,7,7,7,5.75,3.5,5.5,5,6.5,7,7,1.294697,-0.33,-0.0575,1.234,0.2726,0,0,0,0
"46","5b4b0e8d94020800016323ed",1.02190904793874,0.630546397966623,1.11401280966115,-0.48,"Male",41,"30.501£ to 45.000£","Further education",5,5,"left-leaning",5,7,5,4,3,7,3,4,4,2,7,5,3,4.5,6,3.5,5,4,4.5,4,0.6988837,-0.22,-0.0575,2.282,0,0.1555,0.0729,2.07,0.1142
"47","5b4ce12a1fa5830001016869",2.53313822479477,0.620739808874263,0.760745708009197,-0.14,"Male",48,"< 18.000£","Further education",2,3.9,"right-leaning",9,5,1,5,1,5,1,1,3,1,7,3,1,2.83333333333333,3,3,3,2,4,2,1.294697,-0.11,-0.0575,2.282,0.2726,0.1555,0.0729,0,0.1142
"48","5b90696e50f7ce00016007aa",3.41298429114008,0.522620488899598,0.530957537180419,-0.01,"Male",71,"> 45.001£","Higher education (Bachelor, Master, PhD)",1,17.1,"right-leaning",6,7,1,1,1,1,1,1,1,1,5,1,1,1.83333333333333,4,1,1,1,3,1,1.294697,-0.44,-0.0575,2.282,0.2726,0.1555,0.0729,13.48,0.1142
"49","5b9d05862299630001406f88",2.1019311951004,0.664490222817718,0.963774710110488,-0.3,"Female",64,"< 18.000£","Further education",6,1.9,"left-leaning",2,7,7,4,5,6,6,7,4,6,7,5,7,5.91666666666667,7,4.5,6,5.5,6.5,6,0.6988837,-0.44,-0.0575,1.431,0,0.1555,0.0729,0.36,0.1142
"50","5bad50b93d5a320001f632f6",2.43526252407728,0.653629692349828,0.973572196999535,-0.32,"Female",33,"> 45.001£","Higher education (Bachelor, Master, PhD)",6,4.2,"right-leaning",8,7,5,5,5,5,3,3,4,6,7,5,6,5.08333333333333,6,5,4,3.5,6.5,5.5,1.294697,-0.44,-0.0575,1.234,2.0414,0.1555,0,0,0.07775
"51","5bec992f398eb00001a24ace",1.79139233956104,0.958654398686683,1.33847753572638,-0.38,"Male",27,"< 18.000£","Further education",4,2.9,"left-leaning",5,7,5,4,3,5,1,1,6,1,5,6,1,3.75,6,3.5,3,3.5,3,3.5,0.6988837,0,-0.0575,2.282,0,0,0,0,0
"52","5c083bf7133f8700012f74fe",2.80023041822716,0.75411693282235,0.867639480789483,-0.11,"Female",46,"< 18.000£","Higher education (Bachelor, Master, PhD)",5.75,2.2,"right-leaning",6,4,4,5,4,5,4,4,5,4,7,4,3,4.41666666666667,4,4.5,4.5,4.5,5.5,3.5,0.1031,-0.44,-0.0575,2.282,0.2726,0,0,0,0
"53","5c097fbac15a020001bb0720",1.32661990000523,0.444254133064672,0.650557425850752,-0.21,"Female",49,"< 18.000£","Further education",1.5,3.6,"right-leaning",8,7,1,6,2,6,1,1,7,1,7,7,1,3.91666666666667,4,4,3.5,4,4,4,1.294697,-0.11,-0.0575,1.431,1.0872,0,0,0,0
"54","5c1a9e662e3e4200018d9ff6",4.20463244907678,0.391662411661922,0.350152122506076,0.04,"Female",24,"30.501£ to 45.000£","Higher education (Bachelor, Master, PhD)",5,10.8,"right-leaning",6,7,6,6,3,6,1,3,6,4,6,7,4,4.91666666666667,6.5,4.5,3.5,4.5,5,5.5,1.294697,0,0,2.282,0.2726,0.1555,0.0729,6.74,0.1142
"55","5c3baa275a88cc000189ef36",1.32068717649256,0.27845320303461,0.439845913491229,-0.16,"Male",45,"> 45.001£","Higher education (Bachelor, Master, PhD)",2,7.1,"right-leaning",6,7,2,7,1,7,1,1,7,1,7,7,1,4.08333333333333,4.5,4,4,4,4,4,1.294697,-0.22,-0.0575,2.282,0,0.1555,0.0729,3.59,0.1142
"56","5c3d48955fd1050001a99364",2.55540781114898,0.435346571913605,0.477434521434641,-0.04,"Female",33,"18.000£ to 23.000£","Compulsory education",2.5,7.6,"left-leaning",4,7,1,7,4,4,1,4,4,4,7,4,1,4,4,5.5,2.5,4,5.5,2.5,1.294697,-0.22,-0.0575,2.282,4.0896,0.1555,0.0729,0,0.1142
"57","5c49d339b43d260001e4dbcb",3.0818899868281,0.333993430345674,0.441096341995215,-0.11,"Male",46,"> 45.001£","Compulsory education",6,6.3,"left-leaning",5,5,4,5,5,5,5,4,5,5,5,5,5,4.83333333333333,4.5,5,5,4.5,5,5,1.294697,-0.11,-0.0575,2.282,2.0414,0,0,0.9,0
"58","5c49e145e97243000194bace",4.32852280494468,-0.058150279542937,-0.520540798254243,0.46,"Female",38,"< 18.000£","Further education",3.75,6.8,"right-leaning",6,4,2,1,4,4,1,1,4,1,4,4,4,2.83333333333333,3,2.5,2.5,2.5,2.5,4,1.294697,-0.22,-0.0575,2.282,3.27168,0.1555,0.0729,0.36,0.1142
"59","5c51d3e6a163ac0001721273",2.45295334106188,0.593538792435714,0.728429472852271,-0.13,"Male",47,"18.000£ to 23.000£","Higher education (Bachelor, Master, PhD)",5.75,2.1,"left-leaning",4,6,2,6,6,6,2,6,7,3,7,7,5,5.25,4,6,4,6.5,5,6,0.1031,-0.22,-0.0575,1.234,1.0872,0,0,0,0
"60","5c582f95caffa2000175bc72",2.22124541511233,0.623800717666624,0.886568558838273,-0.26,"Female",37,"< 18.000£","Further education",4.5,6.9,"left-leaning",5,6,3,4,3,6,2,2,6,2,6,7,3,4.16666666666667,4.5,3.5,4,4,4,5,1.294697,0,-0.0575,2.282,1.0872,0.1555,0.0729,2.07,0.1142
"61","5c780b32f2fe9400169291fb",2.34362772684892,0.206030008208592,0.310367174977226,-0.1,"Male",47,"30.501£ to 45.000£","Further education",3,6.8,"right-leaning",9,4,1,1,1,3,1,1,2,1,6,2,1,2,2.5,1,2,1.5,3.5,1.5,0.6988837,-0.22,-0.0575,2.282,4.0896,0,0,0,0
"62","5c7fb5f2e87c1c00168a7de3",2.94623890397464,0.72587710248749,1.01232519220151,-0.29,"Male",64,"18.000£ to 23.000£","Higher education (Bachelor, Master, PhD)",6,2.1,"left-leaning",3,7,7,7,7,7,5,7,7,7,7,7,7,6.83333333333333,7,7,6,7,7,7,1.294697,-0.33,-0.0575,1.234,0,0,0,0,0
"63","5c8a2d11f7ab04001042af3c",2.0926689363214,0.641422055913727,0.918152680800051,-0.28,"Male",29,"< 18.000£","Higher education (Bachelor, Master, PhD)",5.25,4,"left-leaning",3,6,4,4,3,6,4,2,4,2,6,5,3,4.08333333333333,5,3.5,5,3,4,4,0.6988837,-0.33,-0.0575,2.282,0.2726,0.1555,0.0729,0.9,0.1142
"64","5c93b062c9d93b0015fcbc02",2.27473603310965,0.63855205928894,0.696992931310957,-0.06,"Female",40,"< 18.000£","Higher education (Bachelor, Master, PhD)",6,3,"left-leaning",5,7,3,7,4,7,1,1,4,5,7,7,4,4.75,5,5.5,4,2.5,6,5.5,0.6988837,-0.22,-0.0575,2.282,0.2726,0,0,0,0
"65","5caa0d17f1622b001256f767",2.09641400511761,0.409892485145089,0.543597435604625,-0.13,"Female",39,"< 18.000£","Compulsory education",5.75,6.8,"left-leaning",4,6,3,3,2,6,3,3,6,2,6,6,2,4,4.5,2.5,4.5,4.5,4,4,0.1031,-0.22,-0.0575,2.282,1.0872,0,0,3.59,0
"66","5cb001bac900f300128b3171",3.91469841225846,0.571799732133267,0.524088503071956,0.05,"Female",37,"< 18.000£","Further education",6,4.1,"right-leaning",6,4,5,5,3,7,2,7,5,5,7,5,7,5.16666666666667,4.5,4,4.5,6,6,6,1.294697,-0.44,-0.0575,1.053,0,0.1555,0.0729,2.07,0.1142
"67","5cb9051d43630e00018afa56",2.13788771961497,0.700008064537938,1.23128860210516,-0.53,"Male",42,"30.501£ to 45.000£","Higher education (Bachelor, Master, PhD)",1.75,10.1,"right-leaning",9,3,1,5,5,3,3,1,5,6,6,3,3,3.66666666666667,2,5,3,3,6,3,1.294697,-0.11,0,2.282,1.0872,1.11645,0.8755,3.59,0.995975
"68","5ccf4c5db46c7000170d7f5a",1.57810157761606,0.477558967721272,0.710583419107419,-0.23,"Female",22,"< 18.000£","Higher education (Bachelor, Master, PhD)",4.5,7.3,"left-leaning",4,7,4,5,1,5,2,1,4,3,5,5,2,3.66666666666667,5.5,3,3.5,2.5,4,3.5,1.294697,-0.22,-0.0575,2.282,0,0.1555,0.2909,3.59,0.2232
"69","5cd01e707e84a20017fddc02",2.58444382158924,0.521981498705105,0.741221629987746,-0.22,"Female",66,"< 18.000£","Higher education (Bachelor, Master, PhD)",2.25,5,"right-leaning",6,7,3,3,1,5,1,1,4,5,7,7,3,3.91666666666667,5,2,3,2.5,6,5,0.6988837,-0.22,-0.0575,2.282,0,0.1555,0.0729,2.07,0.1142
"70","5ce046f0feca32001bf94033",3.82842671502465,0.70194303448809,0.824432267241596,-0.12,"Female",36,"< 18.000£","Compulsory education",6,3.8,"left-leaning",3,7,5,5,5,6,2,3,3,4,7,5,4,4.66666666666667,6,5,4,3,5.5,4.5,1.294697,-0.22,-0.0575,2.282,0.2726,0.1555,0.0729,0.36,0.1142
"71","5cf62554ba314a001b11b8c4",2.6770637758656,0.468842318737779,0.442123616031291,0.03,"Female",51,"< 18.000£","Higher education (Bachelor, Master, PhD)",6,4.9,"left-leaning",3,5,5,5,5,5,5,5,5,5,5,5,5,5,5,5,5,5,5,5,0.6988837,-0.11,-0.0575,2.282,2.0414,0,0,0,0
"72","5d31c201c88f0e001a4c3cb3",3.9394664668192,0.421267347331668,0.494619357740994,-0.07,"Male",62,"23.001£ to 30.500£","Compulsory education",2.75,3.3,"right-leaning",9,6,1,4,4,3,1,1,1,1,7,4,1,2.83333333333333,3.5,4,2,1,4,2.5,1.294697,-0.44,-0.0575,2.282,0.2726,0,0,0,0
"73","5d380e7c0322fd0018f3f9cd",3.57762201448537,0.814189833369793,0.888846261378335,-0.07,"Female",30,"23.001£ to 30.500£","Higher education (Bachelor, Master, PhD)",4.75,5.4,"left-leaning",4,6,3,6,1,6,1,1,1,2,6,4,1,3.16666666666667,4.5,3.5,3.5,1,4,2.5,1.294697,-0.11,-0.0575,2.282,1.0872,0,0,0.9,0
"74","5d51c2618bdb8000193f36d2",2.52194975484096,0.434689582352441,0.463762670683557,-0.03,"Male",32,"> 45.001£","Further education",5,4.9,"left-leaning",5,6,1,2,2,6,1,1,1,2,5,4,1,2.66666666666667,3.5,2,3.5,1,3.5,2.5,0.6988837,-0.11,-0.0575,2.282,2.0414,0,0,0,0
"75","5d531d67c208c0000167ff54",1.65287662491958,0.807655936491495,1.19999964098431,-0.39,"Female",56,"23.001£ to 30.500£","Further education",6,2.2,"right-leaning",6,7,4,4,7,7,4,3,7,5,7,7,7,5.75,5.5,5.5,5.5,5,6,7,0.1031,-0.44,-0.0575,2.282,0.2726,0,0,0,0
"76","5d53bf0c2ebe880001a473d2",3.2664555518229,0.365984285879946,0.473778633749714,-0.11,"Female",41,"23.001£ to 30.500£","Higher education (Bachelor, Master, PhD)",4.75,7.4,"left-leaning",2,7,3,2,2,2,1,4,5,3,7,7,4,3.91666666666667,5,2,1.5,4.5,5,5.5,1.294697,-0.22,-0.0575,1.431,1.0872,0.1555,0.0729,3.59,0.1142
"77","5d5455ee69f96b00164f77c7",2.45987385513618,0.542421707364439,0.732156256293844,-0.19,"Female",38,"< 18.000£","Higher education (Bachelor, Master, PhD)",5.25,1.7,"left-leaning",1,7,4,5,5,7,3,5,7,4,5,6,4,5.16666666666667,5.5,5,5,6,4.5,5,0.6988837,-0.11,-0.0575,1.053,0,0.1555,0,0.36,0.07775
"78","5d5ab7dd5c65830001b05441",1.93490235710198,0.895553716192765,1.22932120589481,-0.33,"Female",36,"23.001£ to 30.500£","Further education",4.75,4.1,"left-leaning",4,6,2,5,6,7,5,5,6,5,7,6,5,5.41666666666667,4,5.5,6,5.5,6,5.5,0.6988837,-0.11,-0.0575,2.282,1.0872,0.1555,0,0,0.07775
"79","5d753206869c8f0001b358dd",2.58069875279303,0.753511069473743,1.11577687518317,-0.36,"Female",39,"< 18.000£","Higher education (Bachelor, Master, PhD)",3.5,1.5,"left-leaning",5,5,4,5,4,6,4,4,5,5,6,5,4,4.75,4.5,4.5,5,4.5,5.5,4.5,0.1031,-0.22,-0.0575,1.431,0.2726,0,0,0,0
"80","5d867e7268f35d00167729d4",1.64954708965326,0.950388699617566,1.3650891240334,-0.41,"Female",50,"23.001£ to 30.500£","Further education",5.25,11.1,"left-leaning",4,4,4,5,3,5,2,2,6,4,7,7,4,4.41666666666667,4,4,3.5,4,5.5,5.5,1.294697,-0.22,-0.0575,2.282,1.0872,0,0,6.74,0
"81","5d8b8137604bb000150db6d9",3.97828498960816,0.715846474381668,0.716521687623213,0,"Male",19,"18.000£ to 23.000£","Compulsory education",3.75,3.6,"right-leaning",6,3,1,3,2,5,1,1,4,1,4,4,1,2.5,2,2.5,3,2.5,2.5,2.5,1.294697,-0.22,-0.0575,2.282,0.2726,0,0,0,0
"82","5da9633472811e0014ed4256",3.48182661493092,0.686916527639759,0.809662246697791,-0.12,"Male",68,"< 18.000£","Further education",6,3.1,"left-leaning",5,6,6,6,6,7,4,4,5,7,7,7,6,5.91666666666667,6,6,5.5,4.5,7,6.5,0.1031,-0.33,-0.0575,2.282,1.0872,0,0,0,0
"83","5dc860e9dcc83f5d2d85ec67",3.371774653698,0.750674199694841,0.932490427280441,-0.18,"Female",41,"< 18.000£","Higher education (Bachelor, Master, PhD)",5,3.3,"left-leaning",5,7,5,5,5,6,4,7,7,7,7,7,5,6,6,5,5,7,7,6,1.294697,-0.22,-0.0575,0.955,0.2726,0.1555,0,0.9,0.07775
"84","5de78a8e36d8257071f28d9f",1.85997321981023,0.888601996245975,1.283276495704,-0.39,"Male",59,"> 45.001£","Compulsory education",6,2.6,"right-leaning",6,7,5,5,6,7,2,2,6,4,7,7,7,5.41666666666667,6,5.5,4.5,4,5.5,7,1.294697,-0.11,-0.0575,1.053,0.2726,0.1555,0,0,0.07775
"85","5dee0f970fdb274ae30f0846",2.51128417197046,0.717336238192356,0.834591132437412,-0.12,"Male",51,"> 45.001£","Higher education (Bachelor, Master, PhD)",2.75,3.3,"right-leaning",7,6,2,4,4,5,4,3,4,6,6,5,6,4.58333333333333,4,4,4.5,3.5,6,5.5,0.1031,-0.44,-0.0575,2.282,0.2726,0.1555,0.0729,0.9,0.1142
"86","5e07b62f3ccda211e4485812",2.87640878962219,0.778499078848668,0.940605211602087,-0.16,"Female",54,"< 18.000£","Higher education (Bachelor, Master, PhD)",5.5,3.6,"left-leaning",5,7,5,5,4,6,5,5,6,4,7,7,4,5.41666666666667,6,4.5,5.5,5.5,5.5,5.5,1.294697,-0.22,-0.0575,1.234,1.0872,0.1555,0.0729,0.36,0.1142
"87","5e0a2c6ca1f3612bc1edd2bc",2.10661468450981,0.81286072676825,1.04756520184821,-0.23,"Female",42,"> 45.001£","Higher education (Bachelor, Master, PhD)",5.25,5.6,"left-leaning",5,7,4,4,2,7,4,5,6,4,6,4,4,4.75,5.5,3,5.5,5.5,5,4,0.6988837,-0.11,-0.0575,2.282,0.2726,0.1555,0.2909,2.07,0.2232
"88","5e16ef52a2c696c9ecf3c849",2.36475543265327,0.560700035172705,0.777412229006707,-0.22,"Male",57,"30.501£ to 45.000£","Compulsory education",2,6.3,"right-leaning",6,4,1,1,1,4,1,1,1,2,7,6,1,2.5,2.5,1,2.5,1,4.5,3.5,1.294697,-0.33,-0.0575,2.282,1.0872,0,0,2.07,0
"89","5e206b02d63ca0000bc99207",2.8909241613287,0.537995693237192,0.317180458817823,0.22,"Female",34,"18.000£ to 23.000£","Further education",5.5,3.6,"left-leaning",3,7,5,7,7,7,1,1,7,7,7,7,7,5.83333333333333,6,7,4,4,7,7,1.294697,-0.22,-0.0575,2.282,0.2726,0,0,0,0
"90","5e3ec7559b43781188725eea",3.03651711354631,0.598552670544897,0.67133193237619,-0.07,"Female",32,"> 45.001£","Higher education (Bachelor, Master, PhD)",4.75,4.5,"right-leaning",7,5,4,5,2,6,3,3,5,5,5,6,4,4.41666666666667,4.5,3.5,4.5,4,5,5,1.294697,-0.22,-0.0575,2.282,0.2726,0,0,0.9,0
"91","5e510d0760dd0913e45370dc",1.40706622727978,0.705803590684087,1.01677941054742,-0.31,"Female",68,"< 18.000£","Compulsory education",6,3.7,"right-leaning",7,6,5,4,4,6,4,2,5,4,7,5,5,4.75,5.5,4,5,3.5,5.5,5,0.6988837,-0.44,-0.0575,2.282,0.2726,0,0,0.9,0
"92","5e67f9a00785170a0fc039b2",3.96335145085815,0.761325818628481,0.794093895492997,-0.03,"Male",45,"23.001£ to 30.500£","Further education",4,4.1,"left-leaning",5,7,3,2,1,7,1,1,3,6,6,6,2,3.75,5,1.5,4,2,6,4,0.6988837,0,-0.0575,2.282,0.2726,0,0,0.9,0
"93","5e766b0ba02ca51dfa1de797",2.64745814190721,0.794149448412279,0.931173781310613,-0.14,"Male",60,"> 45.001£","Higher education (Bachelor, Master, PhD)",5.75,1.8,"left-leaning",5,5,7,7,7,7,1,4,2,4,7,7,7,5.41666666666667,6,7,4,3,5.5,7,0.6988837,-0.33,-0.0575,1.234,0.2726,0,0,0.36,0
"94","5e8f28c5d73dcd03c21314dc",3.09927262383625,0.920193028078426,1.28269664122012,-0.36,"Female",46,"30.501£ to 45.000£","Higher education (Bachelor, Master, PhD)",6,3.5,"left-leaning",4,7,6,6,7,7,4,5,6,5,7,6,7,6.08333333333333,6.5,6.5,5.5,5.5,6,6.5,0.6988837,-0.33,-0.0575,2.282,0,0.6201,0.2909,0,0.4555
"95","5e9f0bc126557006ea49d1f4",3.5229315323332,0.185189975847438,0.28617040243275,-0.1,"Male",69,"> 45.001£","Higher education (Bachelor, Master, PhD)",1.75,2.3,"right-leaning",6,4,2,3,2,5,1,1,1,1,5,4,1,2.5,3,2.5,3,1,3,2.5,0.1031,-0.33,-0.0575,2.282,0.2726,0,0,0,0
"96","5ea051f6ef1e88000bbae035",1.43459156007511,0.540659650215191,0.819739748938985,-0.28,"Male",71,"< 18.000£","Compulsory education",2.25,5.5,"right-leaning",6,5,1,4,1,5,1,1,5,1,5,5,3,3.08333333333333,3,2.5,3,3,3,4,1.294697,-0.33,-0.0575,2.282,0.2726,0,0,2.07,0
"97","5ea31e2cfe333e274552c8d6",2.63117064901412,0.548525525582488,0.759866014393585,-0.21,"Female",73,"18.000£ to 23.000£","Higher education (Bachelor, Master, PhD)",4,3.7,"left-leaning",5,7,5,3,3,5,4,3,4,4,4,4,5,4.25,6,3,4.5,3.5,4,4.5,1.294697,-0.33,-0.0575,2.282,0.2726,0.1555,0.0729,0,0.1142
"98","5eaab7bc385332016e089dda",2.66764742709837,0.768919400657223,0.939873098406942,-0.17,"Male",37,"23.001£ to 30.500£","Higher education (Bachelor, Master, PhD)",4,4.8,"right-leaning",8,6,3,5,4,6,3,2,5,2,6,6,5,4.41666666666667,4.5,4.5,4.5,3.5,4,5.5,0.6988837,-0.22,-0.0575,2.282,1.0872,0.1555,0,0.9,0.07775
"99","5eac2b53f9860926271f3436",2.27530829014138,0.510430851830168,0.699473964539347,-0.19,"Male",24,"< 18.000£","Higher education (Bachelor, Master, PhD)",5,4.5,"right-leaning",6,7,1,6,3,7,3,4,5,5,6,6,6,4.91666666666667,4,4.5,5,4.5,5.5,6,1.294697,-0.22,-0.0575,2.282,0.2726,0,0.0729,0.9,0.03645
"100","5ead6fe25ed0c73fa418e825",1.977622672189,0.919278872657918,1.28861508595633,-0.37,"Female",35,"< 18.000£","Higher education (Bachelor, Master, PhD)",5.5,2.2,"left-leaning",4,6,3,5,4,6,4,6,6,5,6,6,4,5.08333333333333,4.5,4.5,5,6,5.5,5,0.1031,-0.22,-0.0575,1.053,1.0872,0.1555,0.0729,0.36,0.1142
"101","5eaf0f7a12e7015e515672f5",2.75849789370176,0.513473761255859,0.601360871810014,-0.09,"Female",21,"> 45.001£","Higher education (Bachelor, Master, PhD)",4.25,9.8,"left-leaning",5,7,3,4,1,2,1,1,2,3,5,4,1,2.83333333333333,5,2.5,1.5,1.5,4,2.5,0.6988837,-0.11,-0.0575,2.282,0,0.1555,0.0729,6.74,0.1142
"102","5ebe6f716af68007472aff9a",1.22223921874333,0.43946429396895,0.650191369253179,-0.21,"Female",56,"30.501£ to 45.000£","Higher education (Bachelor, Master, PhD)",6,2.6,"left-leaning",4,7,2,7,5,7,4,4,7,6,7,7,6,5.75,4.5,6,5.5,5.5,6.5,6.5,0.6988837,-0.33,-0.0575,1.234,1.0872,0,0,0,0
"103","5ec28a6332a7510637436a57",2.06238369177786,0.5373567030427,0.527444551625152,0.01,"Female",48,"> 45.001£","Higher education (Bachelor, Master, PhD)",1,9.9,"right-leaning",7,6,1,1,1,3,1,1,2,1,6,4,1,2.33333333333333,3.5,1,2,1.5,3.5,2.5,0.6988837,0,-0.0575,2.282,0.2726,0,0,6.74,0
"104","5ecae23b40dae00008174c32",2.2573066596667,0.932991400383923,1.27604140499797,-0.34,"Male",52,"23.001£ to 30.500£","Higher education (Bachelor, Master, PhD)",4.75,3.3,"right-leaning",7,7,3,4,3,6,5,2,3,7,7,5,5,4.75,5,3.5,5.5,2.5,7,5,0.1031,-0.22,-0.0575,2.282,0.2726,0,0,0.9,0
"105","5ecb75a89b41896d3d07e48c",3.11103071730818,0.694301198134251,0.826842404713338,-0.13,"Female",29,"< 18.000£","Compulsory education",5.75,5,"right-leaning",8,5,2,3,5,6,1,1,3,5,6,6,6,4.08333333333333,3.5,4,3.5,2,5.5,6,0.6988837,-0.22,-0.0575,2.282,2.0414,0.1555,0.0729,0.36,0.1142
"106","5edac0f64bdac171a36a04fb",2.97485674737141,0.617487987914328,0.730259755840138,-0.11,"Male",30,"< 18.000£","Higher education (Bachelor, Master, PhD)",3.75,3.6,"left-leaning",5,7,3,3,3,5,2,1,4,5,6,5,3,3.91666666666667,5,3,3.5,2.5,5.5,4,0.6988837,-0.44,-0.0575,2.282,1.0872,0,0,0.36,0
"107","5edec1fe543b8816c672b069",1.77880054551572,1.07831899490877,1.45794498946503,-0.38,"Male",29,"18.000£ to 23.000£","Higher education (Bachelor, Master, PhD)",3.75,3.1,"right-leaning",8,5,3,2,2,5,1,1,1,3,6,5,2,3,4,2,3,1,4.5,3.5,0.6988837,-0.11,-0.0575,2.282,0.2726,0,0,0,0
"108","5efa06a1126bfa7f11506169",2.08491735518734,0.870132756270134,1.33335742165116,-0.46,"Female",41,"30.501£ to 45.000£","Higher education (Bachelor, Master, PhD)",6,5.5,"left-leaning",3,7,5,7,6,7,2,5,6,6,6,6,5,5.66666666666667,6,6.5,4.5,5.5,6,5.5,0.6988837,-0.22,-0.0575,0.955,0.2726,0.1555,0.0729,3.59,0.1142
"109","5f19675f002f9a01e273dc57",2.48625730738167,0.917341030820311,1.28547283528944,-0.37,"Female",52,"< 18.000£","Higher education (Bachelor, Master, PhD)",5.75,5.3,"left-leaning",3,7,4,4,1,4,5,5,5,6,7,6,6,5,5.5,2.5,4.5,5,6.5,6,1.294697,-0.44,-0.0575,2.282,0,0.1555,0,2.07,0.07775
"110","5f2b3239b986da551f26bec7",2.73664384087745,0.610070190573949,0.675206296238226,-0.07,"Male",33,"30.501£ to 45.000£","Further education",3.25,2,"right-leaning",6,6,3,2,1,5,1,1,1,1,6,6,1,2.83333333333333,4.5,1.5,3,1,3.5,3.5,0.6988837,0,-0.0575,1.053,0.2726,0,0,0,0
"111","5f4650bde0e1d7016717bb5e",2.22525192745019,0.626619588078854,0.845919063182593,-0.22,"Female",50,"30.501£ to 45.000£","Higher education (Bachelor, Master, PhD)",5.5,9.1,"left-leaning",4,7,4,7,2,6,2,2,2,5,7,6,3,4.41666666666667,5.5,4.5,4,2,6,4.5,1.294697,-0.22,-0.0575,2.282,1.0872,1.11645,0,3.59,0.558225
"112","5f490578022f3f2d80b83975",1.50978214090852,0.781959811342847,1.09969020866954,-0.32,"Female",44,"< 18.000£","Further education",4,3.7,"left-leaning",4,7,1,5,3,6,1,1,7,1,7,7,1,3.91666666666667,4,4,3.5,4,4,4,1.294697,-0.11,-0.0575,2.282,0.2726,0,0,0,0
"113","5f4eae624562c70dbee13cd2",1.83317423403486,0.602479480432666,0.939425678854745,-0.34,"Female",58,"23.001£ to 30.500£","Higher education (Bachelor, Master, PhD)",6,4.2,"left-leaning",4,7,4,6,6,7,5,6,7,5,7,7,6,6.08333333333333,5.5,6,6,6.5,6,6.5,0.1031,-0.33,-0.0575,1.431,0.2726,0.6201,0.0729,2.07,0.3465
"114","5f5a785cfbf1061461451d9a",1.67348144364062,0.693629081093873,0.999233195934303,-0.31,"Female",55,"30.501£ to 45.000£","Higher education (Bachelor, Master, PhD)",4.75,9.3,"right-leaning",6,7,3,4,1,5,1,1,7,6,7,7,1,4.16666666666667,5,2.5,3,4,6.5,4,0.6988837,0,-0.0575,2.282,0,1.8662,0.8755,3.59,1.37085
"115","5f70670e26f83062b8e73a09",2.80896978992284,0.308488217364604,0.245450011020426,0.06,"Female",57,"> 45.001£","Higher education (Bachelor, Master, PhD)",5.75,2.7,"right-leaning",6,7,5,5,5,6,1,5,5,5,6,6,4,5,6,5,3.5,5,5.5,5,0.6988837,-0.11,-0.0575,1.053,1.0872,0,0,0,0
"116","5fa450d5cec1de08e31b8a58",2.98672219439677,0.949089847974453,1.15168278055918,-0.2,"Male",43,"23.001£ to 30.500£","Higher education (Bachelor, Master, PhD)",2.75,5.3,"left-leaning",5,5,1,4,3,4,1,1,2,1,5,4,1,2.66666666666667,3,3.5,2.5,1.5,3,2.5,1.294697,-0.22,-0.0575,2.282,1.0872,0,0,0.9,0
"117","5fac822590be0627d4f09b47",1.83010614231019,0.979560684739606,1.43842091144358,-0.46,"Female",26,"< 18.000£","Higher education (Bachelor, Master, PhD)",5.75,3.9,"left-leaning",5,7,3,5,3,7,1,5,7,1,7,7,2,4.58333333333333,5,4,4,6,4,4.5,0.6988837,-0.11,-0.0575,2.282,0,0.1555,0.0729,0.9,0.1142
"118","5fd4d10b2f970406fe63ad96",2.0796616087462,0.849883459778374,1.24708589668504,-0.4,"Male",59,"23.001£ to 30.500£","Compulsory education",5.5,2.6,"left-leaning",4,7,7,6,7,7,4,5,6,7,7,6,7,6.33333333333333,7,6.5,5.5,5.5,7,6.5,0.6988837,-0.33,-0.0575,2.282,0,0,0,0,0
"119","5fd7b5c1b6d6ef043967330c",3.57528026978068,0.740004581394525,0.84695101550947,-0.11,"Male",59,"> 45.001£","Higher education (Bachelor, Master, PhD)",2.5,4.4,"right-leaning",7,6,1,2,2,2,2,1,2,2,5,5,4,2.83333333333333,3.5,2,2,1.5,3.5,4.5,1.294697,-0.22,-0.0575,2.282,1.0872,0,0,0,0
"120","6009aabebe921302cf083b53",2.41215923714968,0.732795695588393,0.920496600805955,-0.19,"Female",57,"< 18.000£","Higher education (Bachelor, Master, PhD)",6,3.9,"left-leaning",3,7,6,6,6,7,5,5,7,5,7,7,4,6,6.5,6,6,6,6,5.5,1.294697,-0.11,-0.0575,2.282,0.2726,0.1555,0.0729,0.36,0.1142
"121","600c415a8f1fb8334df20e2a",2.68591050111471,0.580707293284333,0.697211407488066,-0.12,"Male",34,"23.001£ to 30.500£","Further education",6,4.9,"left-leaning",3,6,5,6,6,7,2,4,7,2,7,7,4,5.25,5.5,6,4.5,5.5,4.5,5.5,0.6988837,0,-0.0575,2.282,1.0872,0,0,0.9,0
"122","600c50439b60d826f3052f7d",1.85305270573594,0.939719081317251,1.27954971226243,-0.34,"Female",36,"18.000£ to 23.000£","Higher education (Bachelor, Master, PhD)",6,4.2,"left-leaning",2,5,6,6,5,6,3,6,7,4,7,6,5,5.5,5.5,5.5,4.5,6.5,5.5,5.5,1.294697,-0.11,-0.0575,1.053,1.0872,0,0,0.9,0
"123","6026b621a46afb3bc557fe0b",2.88998837422912,0.441916467525247,0.614153028945486,-0.17,"Female",32,"23.001£ to 30.500£","Further education",4.25,8.2,"left-leaning",5,4,5,4,4,4,4,3,4,4,4,4,3,3.91666666666667,4.5,4,4,3.5,4,3.5,0.1031,-0.11,-0.0575,2.282,3.27168,1.8662,0.8755,0.36,1.37085
"124","6033aebb7228c70967a3ab43",2.60890106265991,0.733918762543146,1.04317720096814,-0.31,"Male",33,"> 45.001£","Higher education (Bachelor, Master, PhD)",4.25,7.3,"left-leaning",3,6,2,5,2,6,2,2,6,4,7,6,2,4.16666666666667,4,3.5,4,4,5.5,4,1.294697,-0.22,-0.0575,2.282,0.2726,0.1555,0,3.59,0.07775
"125","60358f36069759a81559481c",2.18513480060953,0.911428124769835,1.16242617852968,-0.25,"Female",25,"18.000£ to 23.000£","Further education",4.75,7.3,"left-leaning",1,6,6,4,1,5,2,2,5,5,7,5,5,4.41666666666667,6,2.5,3.5,3.5,6,5,1.294697,-0.22,-0.0575,2.282,0.2726,0.1555,0,3.59,0.07775
"126","6043e7baeea596429e6dd9e3",2.5777847510566,0.807447024957248,1.07140059608592,-0.26,"Female",54,"< 18.000£","Compulsory education",3,3.7,"right-leaning",6,7,2,3,2,7,1,1,7,1,7,6,1,3.75,4.5,2.5,4,4,4,3.5,1.294697,-0.22,-0.0575,2.282,0.2726,0.1555,0,0,0.07775
"127","60455b1578f6f36a3e8ea81c",2.66337947121886,0.531752089064124,0.646616844522875,-0.11,"Male",37,"23.001£ to 30.500£","Higher education (Bachelor, Master, PhD)",5.75,4,"left-leaning",1,7,7,5,5,7,3,5,7,6,6,5,3,5.5,7,5,5,6,6,4,1.294697,-0.22,0,2.282,0,0.6201,0.0729,0,0.3465
"128","605c9274dc5f3a6bffa23b54",1.60573426396482,0.869908717256674,1.39082101872481,-0.52,"Female",30,"< 18.000£","Further education",5.25,3.1,"left-leaning",5,5,4,2,6,7,3,3,7,5,7,6,4,4.91666666666667,4.5,4,5,5,6,5,0.6988837,-0.11,-0.0575,2.282,0.2726,0,0,0,0
"129","6070388ecc8d1f63c6349b7b",1.82557674288902,0.50804493196564,0.811258908019765,-0.3,"Female",24,"18.000£ to 23.000£","Higher education (Bachelor, Master, PhD)",6,4.6,"left-leaning",1,6,1,4,3,6,1,3,6,1,7,6,1,3.75,3.5,3.5,3.5,4.5,4,3.5,1.294697,-0.11,-0.0575,2.282,0.2726,0,0,0.9,0
"130","60aa9b9abb58b220b9e3e9d7",3.54088379285946,0.359447517114192,0.374933427825234,-0.02,"Male",47,"> 45.001£","Higher education (Bachelor, Master, PhD)",5.25,3.2,"right-leaning",6,6,7,5,4,6,4,3,6,6,7,7,6,5.58333333333333,6.5,4.5,5,4.5,6.5,6.5,0.1031,-0.33,-0.0575,2.282,0.2726,0,0.0729,0.9,0.03645
"131","60afd4165298851467d2a22a",2.90185382125447,0.773518327585372,1.03557605366453,-0.26,"Female",25,"< 18.000£","Higher education (Bachelor, Master, PhD)",3.5,18,"right-leaning",6,7,1,6,1,7,1,1,3,1,7,1,1,3.08333333333333,4,3.5,4,2,4,1,1.294697,0,-0.0575,2.282,0.2726,0.1555,0.5463,13.48,0.3509
"132","60be448c7a00c44fbb47500e",2.75116184609758,0.653387653969699,0.807099850514779,-0.15,"Female",32,"< 18.000£","Higher education (Bachelor, Master, PhD)",4.25,3,"left-leaning",5,3,3,6,1,7,1,1,7,6,6,7,4,4.33333333333333,3,3.5,4,4,6,5.5,0.6988837,-0.22,-0.0575,2.282,0.2726,0,0,0,0
"133","60c9ab402f1c532d26288def",2.70375804160117,0.481291993554011,0.664015478715532,-0.18,"Male",39,"> 45.001£","Higher education (Bachelor, Master, PhD)",5.75,4,"right-leaning",6,6,1,4,4,6,1,5,6,6,7,7,5,4.83333333333333,3.5,4,3.5,5.5,6.5,6,0.6988837,-0.11,-0.0575,2.282,0.2726,0,0,0.9,0
"134","60e0ac8e365f0b68f81e4ba2",2.15365232542476,0.476935105005992,0.734784869942697,-0.26,"Female",61,"18.000£ to 23.000£","Further education",5.25,5.9,"left-leaning",5,7,4,5,1,7,7,2,4,3,7,2,1,4.16666666666667,5.5,3,7,3,5,1.5,1.294697,-0.11,-0.0575,1.431,1.0872,0.1555,0.0729,2.07,0.1142
"135","60ea0498cfbeface04b33ed0",2.20272089755433,0.577664383858644,0.795324500217401,-0.22,"Female",55,"23.001£ to 30.500£","Further education",3.75,3.6,"right-leaning",7,5,5,5,5,6,2,2,5,2,6,5,3,4.25,5,5,4,3.5,4,4,1.294697,-0.22,-0.0575,2.282,0.2726,0,0,0,0
"136","60fbdcf31484efee3cf8d03b",2.03735682718907,0.737361495670655,0.978326254477183,-0.24,"Female",22,"23.001£ to 30.500£","Higher education (Bachelor, Master, PhD)",3.75,3.4,"left-leaning",3,7,4,4,1,6,1,1,5,3,4,4,1,3.41666666666667,5.5,2.5,3.5,3,3.5,2.5,0.6988837,-0.22,-0.0575,2.282,0,0.1555,0.5463,0,0.3509
"137","61037333eaacd23a3460ffc2",1.53923368487868,0.779797930491781,1.1540115550763,-0.37,"Male",43,"< 18.000£","Further education",6,2,"left-leaning",3,6,7,6,5,7,1,1,6,4,7,6,2,4.83333333333333,6.5,5.5,4,3.5,5.5,4,0.1031,-0.33,-0.0575,2.282,0,0,0,0,0
"138","610d5b907f2c451c9972a3eb",1.38593852147542,0.351133563719975,0.549734356517942,-0.2,"Male",41,"30.501£ to 45.000£","Compulsory education",3,3.5,"right-leaning",7,5,1,1,1,5,1,1,1,1,6,1,1,2.08333333333333,3,1,3,1,3.5,1,0.1031,-0.11,-0.0575,2.282,0.2726,0.1555,0,0.9,0.07775
"139","6111b4dd6f6ac03b5e1a44ba",1.21323840350598,0.650744568245828,0.93847508948249,-0.29,"Male",38,"30.501£ to 45.000£","Higher education (Bachelor, Master, PhD)",5.75,5.8,"right-leaning",6,7,3,5,3,7,1,2,7,5,7,7,3,4.75,5,4,4,4.5,6,5,0.6988837,-0.44,-0.0575,2.282,3.27168,0,0,0,0
"140","611e1cf011c9f05d6990d4ae",1.17702306896338,0.664699134351961,1.09237375500888,-0.43,"Female",30,"< 18.000£","Further education",5.75,1.1,"left-leaning",3,7,4,7,2,7,2,2,7,5,7,7,2,4.91666666666667,5.5,4.5,4.5,4.5,6,4.5,0.1031,-0.22,-0.0575,1.053,0.2726,0,0,0,0
"141","61289487d8a63660ac5b1b9e",3.04619490585519,0.532824029806322,0.507488199540287,0.03,"Male",32,"23.001£ to 30.500£","Further education",3.75,4.2,"right-leaning",6,7,5,6,1,7,1,2,6,2,7,7,2,4.41666666666667,6,3.5,4,4,4.5,4.5,0.6988837,0,-0.0575,2.282,1.0872,0.1555,0.0729,0.36,0.1142
"142","612dcfb8c22343ecae65b26b",1.28041595966367,0.886406988549023,1.2997245405244,-0.41,"Male",49,"30.501£ to 45.000£","Further education",5.25,4,"left-leaning",5,7,2,6,2,7,1,1,2,5,7,7,6,4.41666666666667,4.5,4,4,1.5,6,6.5,0.6988837,-0.33,-0.0575,1.234,2.0414,0.1555,0.2909,0,0.2232
"143","613a39b4ebe56cbaf3dbfdc7",1.94790968467719,0.687092312328116,0.900387990009821,-0.21,"Female",34,"23.001£ to 30.500£","Higher education (Bachelor, Master, PhD)",6,4,"left-leaning",1,7,5,6,5,7,6,7,7,5,7,7,7,6.33333333333333,6,5.5,6.5,7,6,7,0.6988837,0,-0.0575,1.053,0,0.1555,0.0729,2.07,0.1142
"144","6147568a852e8ede83722b7e",2.39987825659445,0.489990643170833,0.708539338233247,-0.22,"Male",30,"30.501£ to 45.000£","Compulsory education",3.75,7.1,"left-leaning",5,3,3,4,3,3,4,3,3,4,3,3,4,3.33333333333333,3,3.5,3.5,3,3.5,3.5,1.294697,-0.11,-0.0575,2.282,1.0872,1.11645,0.5463,0.9,0.831375
"145","6149a0903f726fd4d9b1df7f",1.36668765689746,0.756263686194202,0.999380776354767,-0.24,"Male",62,"> 45.001£","Compulsory education",4,7.9,"left-leaning",5,5,2,4,2,6,2,2,5,5,7,5,3,4,3.5,3,4,3.5,6,4,1.294697,-0.33,-0.0575,2.282,1.0872,0,0,3.59,0
"146","615f09d51152027754156b2b",2.8982628424465,0.681902649530575,0.866759787173872,-0.18,"Male",53,"< 18.000£","Higher education (Bachelor, Master, PhD)",4,3,"left-leaning",5,6,1,5,5,2,1,1,6,2,6,6,3,3.66666666666667,3.5,5,1.5,3.5,4,4.5,0.6988837,-0.22,-0.0575,2.282,0.2726,0,0,0.36,0
"147","61605d5958194ce00c7b9c91",2.80881569993461,0.631633466188037,0.788821522706512,-0.16,"Female",38,"18.000£ to 23.000£","Further education",4.75,3.8,"left-leaning",5,7,2,5,2,6,2,2,6,2,6,6,3,4.08333333333333,4.5,3.5,4,4,4,4.5,1.294697,0,-0.0575,2.282,0.2726,0,0,0.36,0
"148","61f2ae2da09e72f23cbafa4f",7.24223043498913,-0.309572600406332,-0.887337959143988,0.58,"Male",25,"< 18.000£","Higher education (Bachelor, Master, PhD)",4,4.7,"left-leaning",5,5,4,4,3,4,5,6,5,4,5,6,5,4.66666666666667,4.5,3.5,4.5,5.5,4.5,5.5,1.294697,0,-0.0575,3.16,0.2726,0,0,0,0
"149","61fa9016d42cb19beec49061",1.65454139255274,0.736289554928458,1.11745489945977,-0.38,"Male",50,"< 18.000£","Higher education (Bachelor, Master, PhD)",5.25,6.5,"left-leaning",5,7,5,7,2,5,4,3,3,5,6,3,4,4.5,6,4.5,4.5,3,5.5,3.5,0.6988837,-0.22,-0.0575,2.282,0,0.1555,0.0729,3.59,0.1142
"150","61fa9090d42cb19beec49175",3.02257136535791,0.427113999690374,0.541919411328027,-0.11,"Female",29,"23.001£ to 30.500£","Further education",5.5,3.3,"left-leaning",4,6,5,5,5,4,1,1,2,1,5,5,1,3.41666666666667,5.5,5,2.5,1.5,3,3,1.294697,-0.22,-0.0575,2.282,0,0,0,0,0
"151","62029b31ef1cb18a1337c7be",1.05219165896867,0.450790901830427,0.749402631775233,-0.3,"Female",49,"< 18.000£","Further education",5.25,4.3,"left-leaning",5,4,1,4,4,2,1,1,4,2,7,4,1,2.91666666666667,2.5,4,1.5,2.5,4.5,2.5,1.294697,-0.33,-0.0575,2.282,1.0872,0,0,0,0
"152","6274f9115634950cf5970f1c",2.3802118584866,0.983917573287625,1.36765152021641,-0.38,"Male",43,"< 18.000£","Higher education (Bachelor, Master, PhD)",6,1.5,"left-leaning",1,6,7,5,7,6,3,7,6,5,6,4,5,5.58333333333333,6.5,6,4.5,6.5,5.5,4.5,0.6988837,-0.22,-0.0575,1.053,0,0,0.0729,0,0.03645
"153","6277fb597942c07d74b16b98",2.72228255915916,0.527428327361992,0.755259537336405,-0.23,"Female",33,"> 45.001£","Higher education (Bachelor, Master, PhD)",6,10.5,"left-leaning",3,7,6,7,5,7,6,7,6,5,7,7,7,6.41666666666667,6.5,6,6.5,6.5,6,7,1.294697,-0.22,-0.0575,2.282,0.2726,0.1555,0.0729,6.74,0.1142
"154","627e76aae54a59191fa81f08",2.52304489895601,0.775265257255403,1.13405520299144,-0.36,"Female",22,"18.000£ to 23.000£","Higher education (Bachelor, Master, PhD)",5.5,4.8,"left-leaning",2,7,6,5,4,5,6,5,5,6,7,6,6,5.66666666666667,6.5,4.5,5.5,5,6.5,6,1.294697,-0.11,-0.0575,1.431,1.0872,0.1555,0.0729,0.9,0.1142
"155","62a0f6d97132dba61b6ea5b1",2.06181406825974,0.949298759508698,1.28028182545758,-0.33,"Male",31,"30.501£ to 45.000£","Higher education (Bachelor, Master, PhD)",6,5.9,"left-leaning",5,7,5,7,5,7,5,4,6,5,6,6,5,5.66666666666667,6,6,6,5,5.5,5.5,0.6988837,-0.22,-0.0575,2.282,1.0872,0,0,2.07,0
"156","62a133f31c71d01e25386981",2.9075251012255,0.704970816434566,0.912381816484308,-0.21,"Female",47,"30.501£ to 45.000£","Higher education (Bachelor, Master, PhD)",4,3.8,"right-leaning",6,5,3,5,2,5,3,2,5,4,6,5,4,4.08333333333333,4,3.5,4,3.5,5,4.5,0.6988837,-0.33,-0.0575,2.282,0.2726,0,0,0.9,0
"157","62b0a3fa60084743d22ad31c",2.28025322309244,0.893149796961567,1.11717020581682,-0.22,"Female",33,"18.000£ to 23.000£","Further education",5,8.4,"left-leaning",5,5,4,2,1,7,1,1,1,5,7,3,3,3.33333333333333,4.5,1.5,4,1,6,3,1.294697,-0.22,-0.0575,2.282,4.0896,0,0.0729,0.9,0.03645
"158","62b5d90d09660072824f68cf",2.74882010139288,0.579202401994431,0.765204604645916,-0.19,"Male",37,"30.501£ to 45.000£","Higher education (Bachelor, Master, PhD)",5,5.3,"left-leaning",3,7,2,6,3,6,3,3,6,3,5,7,5,4.66666666666667,4.5,4.5,4.5,4.5,4,6,0.6988837,-0.22,-0.0575,2.282,0.2726,0.1555,0.0729,2.07,0.1142
"159","62b84bc871daedd6295f2a55",2.70969076511384,0.647092923584074,0.874726991075054,-0.23,"Female",55,"< 18.000£","Higher education (Bachelor, Master, PhD)",6,6.3,"left-leaning",5,6,1,4,2,6,1,1,5,1,5,5,1,3.16666666666667,3.5,3,3.5,3,3,3,0.6988837,-0.11,-0.0575,1.431,4.0896,0.1555,0.0729,0,0.1142
"160","62bcbc7df297dff85dfa7857",3.37744593366902,0.682126688544035,0.809296190100218,-0.13,"Male",61,"30.501£ to 45.000£","Higher education (Bachelor, Master, PhD)",6,7.7,"right-leaning",6,6,2,4,1,6,1,1,6,2,5,6,2,3.5,4,2.5,3.5,3.5,3.5,4,0.6988837,-0.11,-0.0575,2.282,1.0872,0.1555,0.0729,3.59,0.1142
"161","62c7e2035db496124cf69b56",4.2177471302054,0.740694697801576,0.898496167846918,-0.16,"Female",45,"30.501£ to 45.000£","Higher education (Bachelor, Master, PhD)",5.75,4.6,"left-leaning",4,6,4,2,2,6,2,1,7,7,7,7,4,4.58333333333333,5,2,4,4,7,5.5,0.1031,-0.11,-0.0575,2.282,0.2726,0,0.0729,2.07,0.03645
"162","62d133d8355730e56a6722dc",3.16800759407367,0.526995376814286,0.684124089511663,-0.16,"Male",33,"> 45.001£","Further education",5.5,5.5,"right-leaning",7,4,3,5,4,5,1,2,3,4,5,5,3,3.66666666666667,3.5,4.5,3,2.5,4.5,4,1.294697,-0.33,-0.0575,2.282,0.2726,0,0,2.07,0
"163","62e154b0682e270b4acdf5ee",1.56577122711239,0.831572005124221,1.16395662238582,-0.33,"Male",32,"23.001£ to 30.500£","Further education",2.75,3.3,"left-leaning",5,4,3,5,2,5,3,1,6,2,5,5,2,3.58333333333333,3.5,3.5,4,3.5,3.5,3.5,1.294697,-0.33,-0.0575,2.282,0,0.1555,0,0,0.07775
"164","62e98117d8254c5e98e64592",4.09733776607843,0.440808528049707,0.305409786811251,0.14,"Female",51,"> 45.001£","Further education",3,10,"right-leaning",6,4,4,4,4,4,4,4,4,4,4,4,4,4,4,4,4,4,4,4,1.294697,-0.22,-0.0575,2.282,0,0,0,6.74,0
"165","62fb794d58e8f2902c9a5f13",3.72544935785425,0.391438372648464,0.407615719579732,-0.02,"Female",26,"30.501£ to 45.000£","Higher education (Bachelor, Master, PhD)",3,4.8,"left-leaning",3,6,2,4,2,4,4,2,2,2,4,4,5,3.41666666666667,4,3,4,2,3,4.5,1.294697,-0.22,-0.0575,1.431,0.2726,0,0,2.07,0
"166","62fb7bd5e0c65f772ce189c8",2.5754430063519,0.733261772981982,1.02950535021706,-0.3,"Female",47,"30.501£ to 45.000£","Higher education (Bachelor, Master, PhD)",6,1.5,"left-leaning",4,5,7,5,7,7,5,7,7,7,6,7,7,6.41666666666667,6,6,6,7,6.5,7,0.1031,-0.11,-0.0575,1.053,0.2726,0.1555,0.0729,0,0.1142
"167","62fcedae37fcdac16269c7f0",0.979604266381615,0.518024433858905,0.845253167453288,-0.33,"Male",20,"18.000£ to 23.000£","Higher education (Bachelor, Master, PhD)",5,3.8,"left-leaning",5,7,1,5,1,6,1,2,5,1,7,7,3,3.83333333333333,4,3,3.5,3.5,4,5,0.6988837,-0.33,-0.0575,2.282,0.2726,0,0,0.9,0
"168","631121b9300114184c43848c",1.59730307224559,0.669246935067555,0.926267465121698,-0.26,"Male",42,"23.001£ to 30.500£","Higher education (Bachelor, Master, PhD)",3.5,4,"left-leaning",3,5,2,5,5,6,1,1,7,2,7,7,2,4.16666666666667,3.5,5,3.5,4,4.5,4.5,1.294697,0,-0.0575,2.282,0.2726,0.1555,0.0729,0,0.1142
"169","631625a868c124694850420c",2.4910948867793,0.742566285947411,0.825891815341083,-0.08,"Male",22,"< 18.000£","Further education",2.25,3.2,"right-leaning",6,6,3,4,2,5,1,1,5,3,5,4,3,3.5,4.5,3,3,3,4,3.5,1.294697,-0.33,-0.0575,2.282,0,0,0,0,0
"170","6319fb160fc7f174e5861d1d",1.92095660891358,0.724115045338241,1.09990868484665,-0.38,"Female",37,"30.501£ to 45.000£","Higher education (Bachelor, Master, PhD)",5,7.4,"right-leaning",6,6,2,4,2,6,2,2,5,2,6,6,2,3.75,4,3,4,3.5,4,4,0.6988837,-0.22,0,2.282,1.0872,0,0,3.59,0
"171","634825209775febdbe9c9825",1.59428435046935,0.449510049553985,0.759932231859427,-0.31,"Male",46,"23.001£ to 30.500£","Further education",6,2.5,"left-leaning",3,7,3,4,1,7,1,1,7,1,7,7,1,3.91666666666667,5,2.5,4,4,4,4,0.1031,0,-0.0575,2.282,0,0.1555,0,0,0.07775
"172","637f7c23658dbd7bcdd9e193",2.18045131120013,0.763057620819301,1.07863568679195,-0.32,"Male",19,"< 18.000£","Further education",2.75,7,"right-leaning",8,7,1,6,1,6,2,1,6,2,5,7,2,3.83333333333333,4,3.5,4,3.5,3.5,4.5,1.294697,-0.33,-0.0575,2.282,0,0.1555,0.0729,3.59,0.1142
"173","637f8e8b4aab8c4f8af7e09b",1.93229916885563,0.587020023036629,0.853520210486202,-0.27,"Male",49,"30.501£ to 45.000£","Higher education (Bachelor, Master, PhD)",4.5,4.9,"left-leaning",5,7,1,4,2,5,2,2,7,4,7,7,2,4.16666666666667,4,3,3.5,4.5,5.5,4.5,0.6988837,-0.11,-0.0575,1.053,3.27168,0,0,0,0
"174","637fa9a2ca0c2fa078910c4b",3.4946798525179,0.801600372598543,1.02410054249889,-0.22,"Male",36,"< 18.000£","Higher education (Bachelor, Master, PhD)",5.5,3.8,"right-leaning",7,5,3,4,3,6,3,2,5,5,6,4,2,4,4,3.5,4.5,3.5,5.5,3,1.294697,0,-0.0575,2.282,0.2726,0,0,0.36,0
"175","6380e6f4701835df21c0d764",1.98568506681314,0.32809852366187,0.541985628793868,-0.21,"Male",39,"> 45.001£","Further education",1,5.4,"left-leaning",4,7,1,4,1,7,1,1,1,1,7,7,1,3.25,4,2.5,4,1,4,4,0.1031,-0.22,-0.0575,2.282,3.27168,0,0,0,0
"176","63a445e39a2fcc9bc2558d74",1.78119166016885,0.555686157063522,0.834509769482788,-0.28,"Male",69,"18.000£ to 23.000£","Compulsory education",6,2.6,"left-leaning",5,6,2,6,3,7,3,3,6,6,6,6,4,4.83333333333333,4,4.5,5,4.5,6,5,0.6988837,-0.33,-0.0575,1.234,1.0872,0,0,0,0
"177","63c014d48a1fb74f916f4158",2.04927164416285,0.47214526591027,0.734418813345124,-0.26,"Female",59,"< 18.000£","Further education",6,1,"left-leaning",3,7,6,5,5,6,4,6,5,5,5,5,6,5.41666666666667,6.5,5,5,5.5,5,5.5,0.1031,-0.22,-0.0575,1.053,0,0.1555,0,0,0.07775
"178","63ced8d2c8d001d1d5057196",2.8458647350506,0.723906133803996,0.971309639948256,-0.25,"Male",43,"> 45.001£","Higher education (Bachelor, Master, PhD)",6,11,"left-leaning",4,7,5,5,4,6,6,6,6,6,6,6,6,5.75,6,4.5,6,6,6,6,0.6988837,-0.11,-0.0575,1.431,2.0414,0.1555,0.0729,6.74,0.1142
"179","63d141f040c855b7fb494d13",3.99415694897138,1.05026720485402,1.09729521668658,-0.05,"Female",31,"30.501£ to 45.000£","Further education",3.25,6.9,"right-leaning",6,4,1,1,1,5,1,1,5,1,7,7,5,3.25,2.5,1,3,3,4,6,1.294697,-0.44,-0.0575,2.282,0.2726,0,0,3.59,0
"180","63d148b0da246ce02c8bd22b",1.57628271999467,0.87207059810774,1.33649967231805,-0.46,"Female",31,"< 18.000£","Higher education (Bachelor, Master, PhD)",6,4.1,"left-leaning",2,6,6,6,5,7,4,7,7,3,7,7,4,5.75,6,5.5,5.5,7,5,5.5,1.294697,-0.11,-0.0575,0.955,1.0872,0,0,0.9,0
"181","63d69163ecd60f16ced6c9c4",1.09543486113899,0.943212940657315,1.47650801091625,-0.53,"Male",26,"< 18.000£","Further education",4.25,3.5,"left-leaning",5,3,2,6,4,6,1,1,7,1,6,6,3,3.83333333333333,2.5,5,3.5,4,3.5,4.5,1.294697,-0.22,0,2.282,0,0.1555,0,0,0.07775
"182","63d79c350c185ab8036d2a68",3.95466144911088,0.61013644426572,0.750952899410954,-0.14,"Male",34,"23.001£ to 30.500£","Higher education (Bachelor, Master, PhD)",6,1.9,"left-leaning",1,6,7,7,7,7,1,5,6,6,7,7,7,6.08333333333333,6.5,7,4,5.5,6.5,7,0.6988837,0,-0.0575,1.053,0,0.1555,0.0729,0.36,0.1142
"183","63e52aac7a653a43be0247aa",1.8537790527559,0.488452625035045,0.738659233804734,-0.25,"Male",34,"> 45.001£","Higher education (Bachelor, Master, PhD)",6,3.5,"left-leaning",3,6,6,3,5,6,5,5,4,5,7,4,5,5.08333333333333,6,4,5.5,4.5,6,4.5,1.294697,0,-0.0575,2.282,0,0,0,0.36,0
"184","63e538e14e8b1ae8b460d8bf",2.70776455393903,0.484110863966241,0.623365983059851,-0.14,"Male",37,"> 45.001£","Further education",6,2.2,"left-leaning",1,7,7,7,5,7,1,7,7,7,7,7,7,6.33333333333333,7,6,4,7,7,7,0.1031,-0.33,-0.0575,1.234,0.2726,0,0.0729,0.9,0.03645
"185","63ea42db4a818f990ef95828",1.69517877296309,0.63635705159199,0.713440976131359,-0.08,"Male",36,"> 45.001£","Higher education (Bachelor, Master, PhD)",5,5.7,"left-leaning",2,6,4,6,6,7,1,2,7,4,7,7,6,5.25,5,6,4,4.5,5.5,6.5,0.6988837,-0.22,-0.0575,2.282,0.2726,0.6201,0,2.07,0.31005
"186","63ea95f2da4247bb899a1119",1.59589974815409,0.974961757811458,1.34271795618599,-0.37,"Female",37,"< 18.000£","Higher education (Bachelor, Master, PhD)",5.75,3.6,"left-leaning",4,6,4,4,2,6,3,3,6,6,6,6,4,4.66666666666667,5,3,4.5,4.5,6,5,1.294697,-0.22,-0.0575,2.282,0.2726,0,0,0,0
"187","63f77cac11a2ddb8e7276c44",6.30785659013646,0.587531482867866,0.404341033981159,0.18,"Female",62,"< 18.000£","Further education",4.25,5,"right-leaning",6,6,1,1,1,3,1,1,1,1,5,5,1,2.25,3.5,1,2,1,3,3,1.294697,0,-0.0575,1.431,0.2726,0,0,2.07,0
"188","6421c5ce0498d13b6d20419c",3.75157136655809,0.532009254923469,0.627026549035583,-0.1,"Female",32,"23.001£ to 30.500£","Further education",5,4.1,"left-leaning",5,5,4,5,5,6,2,2,5,4,6,4,5,4.41666666666667,4.5,5,4,3.5,5,4.5,0.6988837,0,-0.0575,2.282,0.2726,0,0,0.9,0
"189","6480c46e98f143d5415295e1",4.59462984132906,0.575965708513711,0.548656010504807,0.03,"Male",62,"< 18.000£","Compulsory education",2.25,4.4,"right-leaning",6,4,1,4,4,6,1,1,3,5,7,5,4,3.75,2.5,4,3.5,2,6,4.5,1.294697,-0.22,-0.0575,2.282,1.0872,0,0,0,0
"190","64835b5840bc93bf8c400aeb",2.82427212576794,1.05485100430296,1.37906081391622,-0.32,"Female",58,"18.000£ to 23.000£","Higher education (Bachelor, Master, PhD)",5.75,3.3,"right-leaning",6,6,5,6,6,6,3,6,6,6,6,6,6,5.66666666666667,5.5,6,4.5,6,6,6,1.294697,-0.22,-0.0575,1.234,1.0872,0,0,0,0
"191","64842953934f4be66c7f6fc2",7.06760410584488,-0.172943655498312,-0.749958234194644,0.58,"Female",54,"> 45.001£","Compulsory education",4.75,8.9,"left-leaning",5,6,4,3,4,4,3,5,2,4,6,2,4,3.91666666666667,5,3.5,3.5,3.5,5,3,1.294697,-0.22,-0.0575,3.16,1.0872,0,0,3.59,0
"192","64fb2212b9a3b757d0d70767",2.54599146238174,0.73542365383305,0.975184003810293,-0.24,"Female",57,"30.501£ to 45.000£","Further education",6,1.6,"right-leaning",6,7,5,6,7,7,7,7,7,7,7,7,7,6.75,6,6.5,7,7,7,7,0.6988837,-0.33,-0.0575,1.053,0.2726,0,0,0,0
"193","651be6560ce8a69af588fb31",2.927452942875,0.445392327498641,0.58717538404089,-0.14,"Male",54,"> 45.001£","Further education",5,4.1,"right-leaning",6,7,1,6,2,5,2,1,5,2,4,6,6,3.91666666666667,4,4,3.5,3,3,6,0.6988837,0,-0.0575,2.282,1.0872,0,0.0729,0.36,0.03645
"194","651c11304182690d4a93ef00",1.4196580213251,0.586138994462006,0.897311956808772,-0.31,"Male",62,"< 18.000£","Higher education (Bachelor, Master, PhD)",6,2.4,"left-leaning",4,7,3,6,6,6,2,3,6,3,6,6,3,4.75,5,6,4,4.5,4.5,4.5,0.1031,-0.22,-0.0575,2.282,0.2726,0,0,0,0
"195","652c3417a11e952e735149b6",1.91486716189906,0.597638515124389,0.677250377112398,-0.08,"Female",44,"30.501£ to 45.000£","Further education",6,6.8,"right-leaning",10,5,5,7,1,7,1,2,1,2,5,3,2,3.41666666666667,5,4,4,1.5,3.5,2.5,0.6988837,-0.11,-0.0575,3.16,1.0872,0,0,2.07,0
"196","653bb95b0268ecbcadfb3c08",1.29274631016733,0.532393951146074,0.846351337246008,-0.31,"Female",48,"< 18.000£","Higher education (Bachelor, Master, PhD)",6,3.2,"left-leaning",4,7,2,4,6,7,2,5,7,5,7,6,6,5.33333333333333,4.5,5,4.5,6,6,6,0.6988837,0,-0.0575,2.282,0.2726,0,0,0.36,0
