"","participant.label","(Intercept)","flying.weight","diet.weight","electricity.weight","commute.weight","regional.weight","recycling.weight","gender","age","income","education","cc_concern.mean","total_co2","conservative_liberal.binary","conservative_liberal","policy.car","policy.flying","policy.recycle","policy.RE","policy.meat","policy.regional_food","footprint.electricity","footprint.regional","footprint.recycling","footprint.diet","footprint.travel.car","footprint.travel.bus","footprint.travel.train","footprint.flying","footprint.public.transport"
"1","54232b4bfdf99b328c91b253",2.51895666325669,2.21148717344523,0.646766691786906,0.842610771444381,0.320164060541411,0.583300575785336,0.808209737417058,"Male",38,"30.501£ to 45.000£","Higher education (Bachelor, Master, PhD)",5,7.4,"left-leaning",3,4.5,4.5,6.5,5.5,6,5,1.294697,-0.22,-0.0575,1.431,3.27168,0.6201,1.0944,0.36,0.85725
"2","542926d2fdf99b0b7ac2904e",2.84322686558675,0.747210057818548,1.49498171152378,0.128931443464621,0.405685619293792,0.812721401419809,1.52105859902142,"Female",51,"< 18.000£","Further education",3.25,4.6,"left-leaning",5,4,4,3.5,3.5,3.5,4,1.294697,0,-0.0575,2.282,1.0872,0,0,0,0
"3","547272b4fdf99b44c5647418",1.0487407304528,3.83167029221329,1.36124616592207,1.09942089937272,0.372658103122229,0.87155168620367,1.10564138322194,"Male",59,"< 18.000£","Higher education (Bachelor, Master, PhD)",5.75,2.1,"left-leaning",3,6.5,6,5.5,4,4,4.5,0.1031,-0.44,-0.0575,1.431,1.0872,0,0,0.36,0
"4","54aefa06fdf99b09c01b37f4",1.41566582818359,0.950956605756508,0.791363821515489,0.704283890750107,0.206251617587617,0.577172327244845,0.968410369906313,"Female",50,"23.001£ to 30.500£","Higher education (Bachelor, Master, PhD)",6,3.3,"left-leaning",3,6,7,7,5.5,7,7,0.1031,-0.11,-0.0575,2.282,1.0872,0,0,0,0
"5","559d96aefdf99b1e448268e5",2.07465057209889,0.526881357787163,0.929643848580303,0.607553721029148,0.485149934983019,0.717591232397824,1.24887902698913,"Female",42,"> 45.001£","Higher education (Bachelor, Master, PhD)",5,5.3,"left-leaning",3,6,6.5,5.5,5.5,5,4.5,0.6988837,-0.22,-0.0575,2.282,0.2726,0,0.2909,2.07,0.14545
"6","55d09e4934e9060005e5729a",0.819790308377655,1.49821011137163,1.11415135173255,0.516790145935635,0.121083065189489,0.464435091147549,0.733363841090314,"Male",28,"< 18.000£","Further education",4.5,4.2,"right-leaning",6,4.5,6,4,2,3,6.5,1.294697,-0.44,-0.0575,3.16,0.2726,0,0,0,0
"7","560925acd7def20005b7362a",2.60714380181369,1.46888843751414,0.723798561815872,0.522804610058611,0.2968159850198,0.523441402488022,0.871390362583811,"Male",55,"23.001£ to 30.500£","Higher education (Bachelor, Master, PhD)",4.75,5.9,"left-leaning",4,5,5,4,4,3.5,5,1.294697,-0.22,-0.0575,1.431,3.27168,0.1555,0.0729,0.36,0.1142
"8","56296779c8ffc200055134c9",2.16970690631495,1.42738982622608,0.1793892396012,0.540946858323613,0.0876997507606826,0.258919733108629,0.502514955860253,"Male",49,"23.001£ to 30.500£","Higher education (Bachelor, Master, PhD)",1.75,4.2,"left-leaning",5,2.5,4,4,2.5,3.5,4.5,0.1031,-0.22,0,2.282,2.0414,0,0,0,0
"9","5655ac37d970d100058322c3",3.26869222767772,0.203862373555672,0.428881128473267,0.161601179628545,0.068579237325071,0.178444603326719,0.407529329445741,"Male",32,"18.000£ to 23.000£","Higher education (Bachelor, Master, PhD)",4.75,3.1,"left-leaning",5,4,4.5,6.5,4.5,4,4.5,0.6988837,-0.33,-0.0575,2.282,0.2726,0.1555,0.0729,0.36,0.1142
"10","566e1aec744e3e0005b4e668",1.93151913388666,2.03720455445845,1.59424514885723,0.437956102975382,0.285058933991556,0.622832753481824,0.846785084764334,"Male",43,"< 18.000£","Further education",3.75,3.5,"left-leaning",5,4.5,4.5,4.5,4.5,4.5,4.5,1.294697,-0.33,-0.0575,2.282,0.2726,0,0,0,0
"11","56a80408c89737000b22bd37",0.874028863491935,2.21018897035004,0.498559946707859,1.18095157119242,0.377342132694932,0.765501455471289,1.2127637211783,"Male",48,"> 45.001£","Higher education (Bachelor, Master, PhD)",1.5,3.1,"right-leaning",6,3.5,2.5,3.5,1.5,1,3.5,0.6988837,-0.33,-0.0575,2.282,0.2726,0.1555,0.0729,0,0.1142
"12","56d33245321cae000b68d9e4",3.33912777602658,-0.29645080308636,1.12179295484549,0.340851280829914,0.556127928364455,0.564545463396008,0.885076227095402,"Male",66,"23.001£ to 30.500£","Further education",4.25,4.8,"right-leaning",10,2,1.5,3,5.5,3.5,6.5,1.294697,-0.22,0,2.282,0.2726,0.1555,0.0729,0.9,0.1142
"13","571a57e56a1c6300124bb6bd",1.91781884433063,1.68634925219471,1.23809793423552,0.586047423449403,0.281059339011103,0.687424543949641,1.06314667044853,"Female",64,"< 18.000£","Compulsory education",6,3.7,"right-leaning",7,4.5,6,6,3.5,3.5,5.5,1.294697,-0.33,-0.0575,2.282,0.2726,0.1555,0.0729,0,0.1142
"14","571a861d838a4e0013b1860a",2.09466042889317,0.60302245417863,0.302704078677853,0.643047245602915,0.318109626369121,0.465715862814615,0.887586992070907,"Male",51,"30.501£ to 45.000£","Further education",2.25,6,"left-leaning",2,4,3,1,4,2.5,4,0.6988837,-0.11,0,2.282,1.0872,0,0,2.07,0
"15","576fc3462984e70001a97fc3",1.26841676838563,2.09269101750962,1.31236118322641,0.708370594701983,0.336631040934105,0.795994544162856,1.25043350231059,"Male",32,"18.000£ to 23.000£","Higher education (Bachelor, Master, PhD)",6,3.4,"left-leaning",4,6.5,3.5,6,5.5,6,5.5,0.1031,-0.22,-0.0575,1.053,0.2726,0.1555,0,2.07,0.07775
"16","577e3a5025cb71000128727e",2.28123118764453,0.87071688701364,1.00448229032169,0.581251507522022,0.348013530445219,0.690724488253059,1.15739933240944,"Female",63,"< 18.000£","Further education",5.25,2.5,"left-leaning",5,5,6.5,6,3,6,5.5,0.1031,-0.22,-0.0575,1.431,1.0872,0.1555,0,0,0.07775
"17","577f91b84d107800016d9e69",1.96363018073395,2.60383768887995,0.825838061131904,0.875200717329382,0.352175145099989,0.706083442245555,1.04468548327876,"Male",70,"23.001£ to 30.500£","Further education",4.75,3.2,"right-leaning",6,5,5,6,6,4.5,6.5,0.6988837,-0.22,-0.0575,2.282,0.2726,0.1555,0.0729,0,0.1142
"18","58a085f6f6cc2100012af56e",1.9616660662474,2.17617242991472,1.87185399427337,0.795818091681719,0.483461188210836,0.95869448838397,1.26910934514742,"Male",46,"23.001£ to 30.500£","Higher education (Bachelor, Master, PhD)",5,3.1,"left-leaning",3,7,7,6.5,5.5,3.5,5.5,0.6988837,-0.22,-0.0575,2.282,0,0.1555,0.2909,0,0.2232
"19","5918a03738cc6d0001a4bde7",3.30049923596553,0.294875857606736,-0.0196033291465376,0.4260176833487,0.186783147880989,0.196911586334906,0.438669706130388,"Male",37,"> 45.001£","Higher education (Bachelor, Master, PhD)",1,2.3,"right-leaning",8,3,1,3.5,1,1,3.5,0.1031,-0.44,-0.0575,2.282,0.2726,0.1555,0,0,0.07775
"20","594a8e2eeaa18e000163f6cd",4.54427807668844,2.32741844132682,-1.7299651511618,0.683452953752479,0.0625907175475469,-0.239990775412735,-0.228316136411382,"Female",46,"< 18.000£","Higher education (Bachelor, Master, PhD)",1,3.7,"right-leaning",9,3.5,1,3,1,1,3,1.294697,-0.33,0,2.282,0.2726,0.1555,0.0729,0.36,0.1142
"21","596e6e5cd7919800014b49b8",2.40297992237352,2.18460354179283,0.71059727186092,0.557736273953564,0.241934798530898,0.463342983596975,0.709602249467761,"Male",48,"30.501£ to 45.000£","Compulsory education",3,3.9,"left-leaning",3,4,4.5,5,3,3,4.5,0.6988837,-0.33,-0.0575,2.282,1.0872,0.1555,0.0729,0,0.1142
"22","597b652912b52100010ca9b2",2.57759119378728,1.92232324909475,1.02060851102504,0.966218066191555,0.482539224762099,0.837841238643251,1.16952995815488,"Female",23,"30.501£ to 45.000£","Higher education (Bachelor, Master, PhD)",6,3.3,"left-leaning",3,6,5,6.5,5.5,5,6,1.294697,-0.33,-0.0575,2.282,0,0.1555,0,0.36,0.07775
"23","597c6cdf21db3a0001418541",1.22077100423024,1.30838955739151,0.701043724625045,0.855538606025105,0.406463332064678,0.828367494017656,1.50424157601468,"Male",66,"23.001£ to 30.500£","Further education",3.25,3.9,"right-leaning",7,3.5,1,2.5,4,3,2.5,1.294697,0,-0.0575,2.282,0.2726,0,0.0729,0,0.03645
"24","59839cb9554956000142d95f",2.52204287653026,2.23478399663882,1.28420530520955,0.659114364107029,0.30812615551306,0.686204517590101,0.919079013959191,"Female",52,"< 18.000£","Compulsory education",6,1.4,"left-leaning",3,5,6.5,5,3.5,4,6,0.6988837,-0.33,-0.0575,1.053,0,0,0,0,0
"25","59a9c0291b7a550001d6392e",2.26383867600872,1.70779992231639,1.22022159076355,0.563174172098574,0.307214913244899,0.631850389619331,0.917382456962512,"Female",41,"< 18.000£","Higher education (Bachelor, Master, PhD)",3.75,5.5,"left-leaning",3,4,2,5.5,5,3.5,6,0.6988837,-0.33,-0.0575,2.282,2.0414,0,0,0.9,0
"26","59b193aff69f3400018671ba",2.56095177077612,1.09412122436235,0.529276389267142,0.463339616923992,0.206903890736887,0.383747045375669,0.676816775163159,"Male",54,"< 18.000£","Further education",3,1.2,"right-leaning",8,7,6.5,7,5.5,4.5,5.5,0.1031,-0.11,-0.0575,1.053,0,0.1555,0.0729,0,0.1142
"27","59baa4f5178f1b00018289b2",1.32125055877168,0.265826559515409,0.249564941145846,0.354737722142586,-0.0598695624972845,0.153562024742622,0.464107954983422,"Male",57,"23.001£ to 30.500£","Further education",1.75,3.6,"right-leaning",6,3,1,3,2.5,2.5,3.5,1.294697,-0.22,-0.0575,2.282,0.2726,0,0,0,0
"28","59e4b3a1896cfc0001921095",3.34112567089321,1.3595702829878,1.07312518951125,0.495970314220868,0.499171673199389,0.587765670384774,0.816493495730701,"Male",52,"< 18.000£","Higher education (Bachelor, Master, PhD)",6,0.9,"left-leaning",1,6.5,6.5,6.5,5.5,5,5.5,0.1031,-0.22,-0.0575,0.955,0,0.1555,0,0,0.07775
"29","59f7876cbe9c0c0001486c7d",4.38342898780105,1.17624688375499,0.400353986116423,0.430919611236908,0.44021973687808,0.393004351291497,0.595245949131513,"Male",62,"< 18.000£","Compulsory education",4.25,3.2,"left-leaning",5,1,1,1.5,1,1.5,2,0.6988837,-0.11,-0.0575,2.282,0.2726,0.1555,0,0,0.07775
"30","5a01d867074b1900012512ef",2.217999233777,0.720143958001195,0.993861110882869,0.880646564064916,0.62159120919033,0.932906788755524,1.52305139726166,"Female",30,"23.001£ to 30.500£","Further education",2.25,3.6,"left-leaning",5,3,3,4,4,3.5,3,1.294697,-0.22,-0.0575,2.282,0.2726,0,0,0.36,0
"31","5a04ccfef2e3460001edadef",2.98557611382962,1.43711338875564,0.939923103762556,0.448399866884933,0.475133385533126,0.594910518821524,0.95729346251155,"Female",68,"23.001£ to 30.500£","Compulsory education",5.75,2.9,"right-leaning",8,4.5,6.5,5.5,4,6,5.5,0.6988837,-0.11,-0.0575,1.234,1.0872,0,0,0,0
"32","5a75d51a0f1bce0001219703",0.984746709939783,-0.0396311196776926,1.1003411225825,0.539127292701545,0.282610672099804,0.689742741017696,1.28489695493486,"Female",66,"23.001£ to 30.500£","Compulsory education",6,3.3,"left-leaning",3,3,6,7,4.5,5,6.5,0.1031,-0.33,-0.0575,2.282,0.2726,0.1555,0,0.9,0.07775
"33","5a7ace61eea3d300016e07fd",2.73403887051755,0.517592409207688,1.58790290717083,0.449136552615582,0.565770789509424,0.921431885131853,1.51584480430044,"Male",69,"> 45.001£","Higher education (Bachelor, Master, PhD)",5.75,3.8,"left-leaning",5,6.5,5.5,7,6,7,6,0.6988837,-0.22,-0.0575,1.431,1.0872,0,0,0.9,0
"34","5a913c1e6475f900019f8e5c",2.7847357420603,1.00182952008734,1.67616396329614,0.248600345429852,0.315794308921909,0.617547307102531,0.883675002936835,"Male",65,"< 18.000£","Higher education (Bachelor, Master, PhD)",6,3.2,"left-leaning",2,7,7,7,7,7,7,0.6988837,-0.22,-0.0575,2.282,0.2726,0.1555,0.0729,0.36,0.1142
"35","5a9ca92b6219a30001f5351e",2.93348431441258,0.775801382607115,0.825626493984293,0.718998100997672,0.463398253651219,0.629600917373583,0.918711574995019,"Male",27,"< 18.000£","Higher education (Bachelor, Master, PhD)",4.5,4,"left-leaning",3,6,5,6.5,5.5,5.5,4.5,1.294697,-0.44,-0.0575,2.282,0,0.6201,0.2909,0,0.4555
"36","5ae5a3ff3ab2fb0001ef2b91",5.76032514460612,0.272876628201208,-0.918804669249486,0.243828948710941,0.187307907666667,-0.212503193309316,-0.261338148361648,"Male",34,"> 45.001£","Higher education (Bachelor, Master, PhD)",2,6,"right-leaning",10,1.5,1,4,1.5,2.5,3,1.294697,-0.44,-0.0575,2.282,1.0872,0.6201,0.2909,0.9,0.4555
"37","5ae8d7b596845f0001c7948d",2.4057015483216,0.749493786407727,1.17338036485328,0.766098648153918,0.593973544963534,0.768762995035798,1.10974272079442,"Female",59,"< 18.000£","Further education",4.25,3.4,"right-leaning",7,3.5,2.5,4,2.5,5,4.5,1.294697,-0.22,-0.0575,1.234,0.2726,0,0,0.9,0
"38","5aecb87ac09cd900015d7d7b",1.1249682158737,2.26451763383515,1.26257942498008,0.692804991189105,0.287807392075946,0.667953654321171,0.981000446249241,"Male",32,"< 18.000£","Higher education (Bachelor, Master, PhD)",5.5,3.3,"left-leaning",4,3.5,5.5,4,4,3.5,4,1.294697,-0.22,-0.0575,2.282,0,0,0,0,0
"39","5af4579eb625f70001e0cfad",2.45203760953881,1.08888441700878,0.403924429949982,0.398027047122518,0.241532738646909,0.368729998146621,0.747073579444999,"Female",45,"30.501£ to 45.000£","Higher education (Bachelor, Master, PhD)",4.75,7.2,"right-leaning",6,4,1.5,3,4,3,2.5,1.294697,-0.33,-0.0575,2.282,0.2726,0.1555,0,3.59,0.07775
"40","5b03567dc573030001c36f1d",2.96346503089448,1.36890578176554,1.62464983499899,0.38603089000309,0.448116516217725,0.717527749780018,1.01480644893092,"Female",29,"< 18.000£","Higher education (Bachelor, Master, PhD)",6,4.2,"left-leaning",4,7,4.5,6.5,5.5,7,6.5,0.6988837,-0.22,-0.0575,0.955,0.2726,0.1555,0.2909,2.07,0.2232
"41","5b1386089663ee0001461b6e",2.92484008116068,1.53188245708927,0.879079837549233,0.59834285652925,0.569226288012822,0.681154964641306,1.08089768248034,"Male",49,"> 45.001£","Higher education (Bachelor, Master, PhD)",6,2.1,"left-leaning",3,6,6.5,6,5,4.5,6,0.1031,-0.22,-0.0575,2.282,0,0,0,0,0
"42","5b14265d30d562000155ea04",1.89500091511459,1.99853755376202,0.544279422076706,0.933956250140036,0.470948331788756,0.722706049123763,1.17328904993965,"Male",44,"30.501£ to 45.000£","Higher education (Bachelor, Master, PhD)",5.5,3.7,"right-leaning",6,4.5,5.5,5,4,3.5,5,1.294697,-0.33,-0.0575,2.282,0.2726,0,0.2909,0,0.14545
"43","5b1562981e55760001ba1e64",1.72996473677647,2.98316450507168,0.750718864501494,0.815177174675993,0.323386503232015,0.605237356239455,0.885905871560527,"Male",60,"23.001£ to 30.500£","Higher education (Bachelor, Master, PhD)",5,3.6,"right-leaning",6,6.5,7,2.5,6.5,5.5,5,1.294697,-0.22,-0.0575,2.282,0.2726,0,0,0.36,0
"44","5b19a21bfceed30001b57e6e",3.97881169652599,0.502935232590152,0.656543007728184,0.5373437284565,0.512826350977848,0.525233200272612,0.777235506018704,"Female",31,"30.501£ to 45.000£","Higher education (Bachelor, Master, PhD)",5.5,4.5,"right-leaning",6,5.5,3,6.5,4,3.5,5,1.294697,-0.22,-0.0575,2.282,0.2726,0,0,0.9,0
"45","5b2c0994f1ca3c000190196a",2.07674569873807,1.22454872854153,1.72942111935677,0.690536174928879,0.683379681586228,1.09142283844084,1.72623365098849,"Female",39,"30.501£ to 45.000£","Higher education (Bachelor, Master, PhD)",6,2.4,"right-leaning",7,3.5,5.5,7,5,6.5,7,1.294697,-0.33,-0.0575,1.234,0.2726,0,0,0,0
"46","5b4b0e8d94020800016323ed",1.07180205356779,1.63958533434966,1.30950398203631,0.64417029307776,0.0861765565767008,0.571527978978537,0.799223805229514,"Male",41,"30.501£ to 45.000£","Further education",5,5,"left-leaning",5,6,3.5,4.5,5,4,4,0.6988837,-0.22,-0.0575,2.282,0,0.1555,0.0729,2.07,0.1142
"47","5b4ce12a1fa5830001016869",2.46113486024432,1.22545648652467,0.952994865285668,0.350562190671984,0.297161361772019,0.52188471744672,0.911364338068629,"Male",48,"< 18.000£","Further education",2,3.9,"right-leaning",9,3,3,4,3,2,2,1.294697,-0.11,-0.0575,2.282,0.2726,0.1555,0.0729,0,0.1142
"48","5b90696e50f7ce00016007aa",3.39331092267454,-0.281895621943568,1.27592677896852,0.0959292844109698,0.485592633649251,0.568517102860254,1.00740792137265,"Male",71,"> 45.001£","Higher education (Bachelor, Master, PhD)",1,17.1,"right-leaning",6,4,1,3,1,1,1,1.294697,-0.44,-0.0575,2.282,0.2726,0.1555,0.0729,13.48,0.1142
"49","5b9d05862299630001406f88",1.99421818442644,0.917801433714863,1.3684962481785,0.565709977315105,0.312058897680719,0.721417856066621,1.11422519344142,"Female",64,"< 18.000£","Further education",6,1.9,"left-leaning",2,7,4.5,6.5,6,5.5,6,0.6988837,-0.44,-0.0575,1.431,0,0.1555,0.0729,0.36,0.1142
"50","5bad50b93d5a320001f632f6",2.47830331508931,1.66280608506796,0.622084411569476,0.781639367907648,0.285507184832731,0.567324623865977,0.844118588992904,"Female",33,"> 45.001£","Higher education (Bachelor, Master, PhD)",6,4.2,"right-leaning",8,6,5,6.5,4,3.5,5.5,1.294697,-0.44,-0.0575,1.234,2.0414,0.1555,0,0,0.07775
"51","5bec992f398eb00001a24ace",2.06056774032105,1.28527088819746,0.99220685533318,1.1353398485391,0.84419193099203,0.894518663047786,1.22177976336276,"Male",27,"< 18.000£","Further education",4,2.9,"left-leaning",5,6,3.5,3,3,3.5,3.5,0.6988837,0,-0.0575,2.282,0,0,0,0,0
"52","5c083bf7133f8700012f74fe",2.70331274940381,0.673801554836742,1.01851909731436,0.647324403550161,0.609248143844341,0.783047277894254,1.27223809237338,"Female",46,"< 18.000£","Higher education (Bachelor, Master, PhD)",5.75,2.2,"right-leaning",6,4,4.5,5.5,4.5,4.5,3.5,0.1031,-0.44,-0.0575,2.282,0.2726,0,0,0,0
"53","5c097fbac15a020001bb0720",1.31707666485345,1.08309940630182,0.456086034770422,0.509552241799526,0.108983864259551,0.345259034388566,0.69801895145324,"Female",49,"< 18.000£","Further education",1.5,3.6,"right-leaning",8,4,4,4,3.5,4,4,1.294697,-0.11,-0.0575,1.431,1.0872,0,0,0,0
"54","5c1a9e662e3e4200018d9ff6",4.48088972690507,0.392211739643122,-0.197001831147255,0.529606066478906,0.349370568700872,0.229812061289247,0.40047524735582,"Female",24,"30.501£ to 45.000£","Higher education (Bachelor, Master, PhD)",5,10.8,"right-leaning",6,6.5,4.5,5,3.5,4.5,5.5,1.294697,0,0,2.282,0.2726,0.1555,0.0729,6.74,0.1142
"55","5c3baa275a88cc000189ef36",1.35889065031485,0.377111310146217,0.34121148266456,0.425014316291892,0.0143231751701067,0.229261908664967,0.54652592928449,"Male",45,"> 45.001£","Higher education (Bachelor, Master, PhD)",2,7.1,"right-leaning",6,4.5,4,4,4,4,4,1.294697,-0.22,-0.0575,2.282,0,0.1555,0.0729,3.59,0.1142
"56","5c3d48955fd1050001a99364",2.4474672663409,0.511353946041941,-0.382588274873547,0.86709319303938,0.397297208940715,0.458168794743325,0.967028838826256,"Female",33,"18.000£ to 23.000£","Compulsory education",2.5,7.6,"left-leaning",4,4,5.5,5.5,2.5,4,2.5,1.294697,-0.22,-0.0575,2.282,4.0896,0.1555,0.0729,0,0.1142
"57","5c49d339b43d260001e4dbcb",3.3547975179907,-0.0898601478760621,0.267002574511448,0.473910292371747,0.302020651369135,0.28673660357888,0.494208847702222,"Male",46,"> 45.001£","Compulsory education",6,6.3,"left-leaning",5,4.5,5,5,5,4.5,5,1.294697,-0.11,-0.0575,2.282,2.0414,0,0,0.9,0
"58","5c49e145e97243000194bace",4.67444585045612,-1.48065698935348,-0.382310417601765,-0.388787540751169,0.174914650945941,-0.278450479024329,-0.061035514340632,"Female",38,"< 18.000£","Further education",3.75,6.8,"right-leaning",6,3,2.5,2.5,2.5,2.5,4,1.294697,-0.22,-0.0575,2.282,3.27168,0.1555,0.0729,0.36,0.1142
"59","5c51d3e6a163ac0001721273",2.41624544914595,0.816185035938973,0.651874922748686,0.585652840035008,0.389159784166257,0.560119843554105,0.970289162649107,"Male",47,"18.000£ to 23.000£","Higher education (Bachelor, Master, PhD)",5.75,2.1,"left-leaning",4,4,6,5,4,6.5,6,0.1031,-0.22,-0.0575,1.234,1.0872,0,0,0,0
"60","5c582f95caffa2000175bc72",2.30824519762375,1.64597833610472,0.722711761849981,0.549990133147191,0.249137645123324,0.46121771380734,0.725343888901535,"Female",37,"< 18.000£","Further education",4.5,6.9,"left-leaning",5,4.5,3.5,4,4,4,5,1.294697,0,-0.0575,2.282,1.0872,0.1555,0.0729,2.07,0.1142
"61","5c780b32f2fe9400169291fb",2.43549959761496,0.0136131450146699,0.351281728214537,0.285689365912184,-0.00197064202003361,0.173650829237122,0.423541561246689,"Male",47,"30.501£ to 45.000£","Further education",3,6.8,"right-leaning",9,2.5,1,3.5,2,1.5,1.5,0.6988837,-0.22,-0.0575,2.282,4.0896,0,0,0,0
"62","5c7fb5f2e87c1c00168a7de3",3.13738679123163,2.15685599463581,0.501094980304091,0.688291599844064,0.380554657333899,0.489478511017668,0.693173673134215,"Male",64,"18.000£ to 23.000£","Higher education (Bachelor, Master, PhD)",6,2.1,"left-leaning",3,7,7,7,6,7,7,1.294697,-0.33,-0.0575,1.234,0,0,0,0,0
"63","5c882fbb42ff490016c7e47b",2.79710891442536,1.22590671933145,1.52051081320753,0.546378174405756,0.489436101294595,0.766986813296628,1.07943369063391,"Female",55,"30.501£ to 45.000£","Higher education (Bachelor, Master, PhD)",3.5,4.6,"right-leaning",6,2,5.5,1.5,4,3.5,1.5,1.294697,0,-0.0575,2.282,1.0872,0,0,0,0
"64","5c8a2d11f7ab04001042af3c",2.14890547642439,0.510633986695169,1.38963506718614,0.476990916931301,0.426905404756288,0.669744533465778,1.02649811056016,"Male",29,"< 18.000£","Higher education (Bachelor, Master, PhD)",5.25,4,"left-leaning",3,5,3.5,4,5,3,4,0.6988837,-0.33,-0.0575,2.282,0.2726,0.1555,0.0729,0.9,0.1142
"65","5c93b062c9d93b0015fcbc02",2.10116408483153,0.955698699336064,0.524831517876909,0.560509495125011,0.476359110941281,0.601011796852539,1.15875479893134,"Female",40,"< 18.000£","Higher education (Bachelor, Master, PhD)",6,3,"left-leaning",5,5,5.5,6,4,2.5,5.5,0.6988837,-0.22,-0.0575,2.282,0.2726,0,0,0,0
"66","5caa0d17f1622b001256f767",2.10560639057852,0.781744111664248,0.123124909778253,0.602263610348202,0.193812352628487,0.342977257764288,0.699930842278112,"Female",39,"< 18.000£","Compulsory education",5.75,6.8,"left-leaning",4,4.5,2.5,4,4.5,4.5,4,0.1031,-0.22,-0.0575,2.282,1.0872,0,0,3.59,0
"67","5cb001bac900f300128b3171",4.14735947460647,-0.206239376734661,0.690407854865143,0.395153440548033,0.647690567248305,0.509362358619744,0.814939020409241,"Female",37,"< 18.000£","Further education",6,4.1,"right-leaning",6,4.5,4,6,4.5,6,6,1.294697,-0.44,-0.0575,1.053,0,0.1555,0.0729,2.07,0.1142
"68","5cb9051d43630e00018afa56",2.37700107916996,2.53403461516934,0.909265322247494,0.730470745328717,0.140262270413306,0.48655909662389,0.560478934497172,"Male",42,"30.501£ to 45.000£","Higher education (Bachelor, Master, PhD)",1.75,10.1,"right-leaning",9,2,5,6,3,3,3,1.294697,-0.11,0,2.282,1.0872,1.11645,0.8755,3.59,0.995975
"69","5ccf4c5db46c7000170d7f5a",1.67973028184745,0.763651260041396,0.313443517899091,0.792065922213346,0.233948613713391,0.428488108995883,0.724256531919874,"Female",22,"< 18.000£","Higher education (Bachelor, Master, PhD)",4.5,7.3,"left-leaning",4,5.5,3,4,3.5,2.5,3.5,1.294697,-0.22,-0.0575,2.282,0,0.1555,0.2909,3.59,0.2232
"70","5cd01e707e84a20017fddc02",2.50910703790586,0.986399480857695,0.833857897122347,0.486801216844632,0.182371295766612,0.512206418677236,0.854356518247046,"Female",66,"< 18.000£","Higher education (Bachelor, Master, PhD)",2.25,5,"right-leaning",6,5,2,6,3,2.5,5,0.6988837,-0.22,-0.0575,2.282,0,0.1555,0.0729,2.07,0.1142
"71","5ce046f0feca32001bf94033",4.08734488823238,0.93220544054489,0.564705768410092,0.630728080548393,0.63526657876144,0.563623513161449,0.81142610083124,"Female",36,"< 18.000£","Compulsory education",6,3.8,"left-leaning",3,6,5,5.5,4,3,4.5,1.294697,-0.22,-0.0575,2.282,0.2726,0.1555,0.0729,0.36,0.1142
"72","5cf62554ba314a001b11b8c4",2.72732667456002,0.3942806184816,0.551869255773898,0.205417357819332,0.368269685527812,0.344929036546032,0.743616057805812,"Female",51,"< 18.000£","Higher education (Bachelor, Master, PhD)",6,4.9,"left-leaning",3,5,5,5,5,5,5,0.6988837,-0.11,-0.0575,2.282,2.0414,0,0,0,0
"73","5d1bd8a7601cd70001728db6",3.09770738357537,2.03674394281629,0.733208663086042,0.807500873238297,0.450747898123493,0.721695138988628,1.07789411753262,"Female",48,"23.001£ to 30.500£","Further education",4.25,3.6,"left-leaning",4,5.5,4,6,4,2,2.5,1.294697,-0.22,-0.0575,2.282,0.2726,0,0,0,0
"74","5d31c201c88f0e001a4c3cb3",4.23087478106668,0.538198813849976,0.452782794790421,0.253616935909608,0.305039850686258,0.257745452163834,0.410279426845784,"Male",62,"23.001£ to 30.500£","Compulsory education",2.75,3.3,"right-leaning",9,3.5,4,4,2,1,2.5,1.294697,-0.44,-0.0575,2.282,0.2726,0,0,0,0
"75","5d380e7c0322fd0018f3f9cd",3.50903848600893,0.642587740507847,1.77245356562449,0.161254226578305,0.64866108101495,0.795307559209583,1.25466082836274,"Female",30,"23.001£ to 30.500£","Higher education (Bachelor, Master, PhD)",4.75,5.4,"left-leaning",4,4.5,3.5,4,3.5,1,2.5,1.294697,-0.11,-0.0575,2.282,1.0872,0,0,0.9,0
"76","5d51c2618bdb8000193f36d2",2.29330791459416,0.216329467167067,0.489240296548863,0.448745052715627,0.289776503665838,0.508324022422991,1.04752213465219,"Male",32,"> 45.001£","Further education",5,4.9,"left-leaning",5,3.5,2,3.5,3.5,1,2.5,0.6988837,-0.11,-0.0575,2.282,2.0414,0,0,0,0
"77","5d531d67c208c0000167ff54",1.59059858405382,1.80238712644353,1.14333776719244,0.834658066588617,0.384297563911591,0.773231031458943,1.15059448102282,"Female",56,"23.001£ to 30.500£","Further education",6,2.2,"right-leaning",6,5.5,5.5,6,5.5,5,7,0.1031,-0.44,-0.0575,2.282,0.2726,0,0,0,0
"78","5d53bf0c2ebe880001a473d2",3.43373242346434,0.693259982573935,0.850159375797435,0.0544324136667684,0.0377801440195589,0.206418553532179,0.348697656784441,"Female",41,"23.001£ to 30.500£","Higher education (Bachelor, Master, PhD)",4.75,7.4,"left-leaning",2,5,2,5,1.5,4.5,5.5,1.294697,-0.22,-0.0575,1.431,1.0872,0.1555,0.0729,3.59,0.1142
"79","5d5455ee69f96b00164f77c7",2.51686487029748,1.30401716693499,0.256804486313255,0.691810905190956,0.263860289860905,0.426123176668088,0.726748219355508,"Female",38,"< 18.000£","Higher education (Bachelor, Master, PhD)",5.25,1.7,"left-leaning",1,5.5,5,4.5,5,6,5,0.6988837,-0.11,-0.0575,1.053,0,0.1555,0,0.36,0.07775
"80","5d5ab7dd5c65830001b05441",1.98078483400154,1.47253213414731,0.988318620422178,1.03736430876338,0.635775988400158,0.867130507749192,1.25077133161217,"Female",36,"23.001£ to 30.500£","Further education",4.75,4.1,"left-leaning",4,4,5.5,6,6,5.5,5.5,0.6988837,-0.11,-0.0575,2.282,1.0872,0.1555,0,0,0.07775
"81","5d753206869c8f0001b358dd",2.72659427073131,1.94366146311919,1.00715655281818,0.66512754488963,0.340339894912053,0.596871564503997,0.800555863781191,"Female",39,"< 18.000£","Higher education (Bachelor, Master, PhD)",3.5,1.5,"left-leaning",5,4.5,4.5,5.5,5,4.5,4.5,0.1031,-0.22,-0.0575,1.431,0.2726,0,0,0,0
"82","5d867e7268f35d00167729d4",1.44244855630578,1.52551681043341,1.50536370063337,1.04359824843411,0.557704491534891,1.06176853671698,1.55554239307194,"Female",50,"23.001£ to 30.500£","Further education",5.25,11.1,"left-leaning",4,4,4,5.5,3.5,4,5.5,1.294697,-0.22,-0.0575,2.282,1.0872,0,0,6.74,0
"83","5d8b8137604bb000150db6d9",4.16057663787581,0.373453350876374,0.47674068113078,0.701693213816418,0.774358688217812,0.648376248083629,0.999877582734528,"Male",19,"18.000£ to 23.000£","Compulsory education",3.75,3.6,"right-leaning",6,2,2.5,2.5,3,2.5,2.5,1.294697,-0.22,-0.0575,2.282,0.2726,0,0,0,0
"84","5da9633472811e0014ed4256",3.55724557394808,0.994500278962641,0.892595012491241,0.488404086485193,0.48687881584769,0.594381873604721,0.907895014187254,"Male",68,"< 18.000£","Further education",6,3.1,"left-leaning",5,6,6,7,5.5,4.5,6.5,0.1031,-0.33,-0.0575,2.282,1.0872,0,0,0,0
"85","5dc860e9dcc83f5d2d85ec67",3.42031682387743,0.420134145896323,1.47067101006966,0.484769959917958,0.617399718303415,0.791148428585356,1.1576461366458,"Female",41,"< 18.000£","Higher education (Bachelor, Master, PhD)",5,3.3,"left-leaning",5,6,5,7,5,7,6,1.294697,-0.22,-0.0575,0.955,0.2726,0.1555,0,0.9,0.07775
"86","5de78a8e36d8257071f28d9f",1.88444966943176,2.63811501804094,1.08063132519598,0.724057570725423,0.384319718664884,0.685224252673434,0.994915530896084,"Male",59,"> 45.001£","Compulsory education",6,2.6,"right-leaning",6,6,5.5,5.5,4.5,4,7,1.294697,-0.11,-0.0575,1.053,0.2726,0.1555,0,0,0.07775
"87","5dee0f970fdb274ae30f0846",2.30397056330464,0.849934006432942,0.941834096593417,0.563375044282414,0.553692437334498,0.753109851380904,1.32816522607273,"Male",51,"> 45.001£","Higher education (Bachelor, Master, PhD)",2.75,3.3,"right-leaning",7,4,4,6,4.5,3.5,5.5,0.1031,-0.44,-0.0575,2.282,0.2726,0.1555,0.0729,0.9,0.1142
"88","5e07b62f3ccda211e4485812",2.38859677204342,0.716827111642137,1.55872399283978,0.551650137668004,0.489411564475822,0.993606215808015,1.66512347525964,"Female",54,"< 18.000£","Higher education (Bachelor, Master, PhD)",5.5,3.6,"left-leaning",5,6,4.5,5.5,5.5,5.5,5.5,1.294697,-0.22,-0.0575,1.234,1.0872,0.1555,0.0729,0.36,0.1142
"89","5e0a2c6ca1f3612bc1edd2bc",1.94391801487837,0.552501001791162,1.43787526741228,0.77849544645952,0.606756626859597,0.946837411931465,1.46847711045194,"Female",42,"> 45.001£","Higher education (Bachelor, Master, PhD)",5.25,5.6,"left-leaning",5,5.5,3,5,5.5,5.5,4,0.6988837,-0.11,-0.0575,2.282,0.2726,0.1555,0.2909,2.07,0.2232
"90","5e16ef52a2c696c9ecf3c849",2.42147306035129,0.980695505449966,0.509520578848755,0.707460926007165,0.311190695554118,0.508776456812639,0.821039823536418,"Male",57,"30.501£ to 45.000£","Compulsory education",2,6.3,"right-leaning",6,2.5,1,4.5,2.5,1,3.5,1.294697,-0.33,-0.0575,2.282,1.0872,0,0,2.07,0
"91","5e206b02d63ca0000bc99207",2.6089693939394,-0.141093497024378,-0.135033521270223,0.719093382296108,0.630208866949444,0.604850508271805,1.30600355226245,"Female",34,"18.000£ to 23.000£","Further education",5.5,3.6,"left-leaning",3,6,7,7,4,4,7,1.294697,-0.22,-0.0575,2.282,0.2726,0,0,0,0
"92","5e3ec7559b43781188725eea",2.85704654888325,0.422091318006409,0.759893211261613,0.586058222792335,0.44522539869738,0.675907038363512,1.17435680659013,"Female",32,"> 45.001£","Higher education (Bachelor, Master, PhD)",4.75,4.5,"right-leaning",7,4.5,3.5,5,4.5,4,5,1.294697,-0.22,-0.0575,2.282,0.2726,0,0,0.9,0
"93","5e510d0760dd0913e45370dc",1.15848798598118,0.367542353219308,1.50946810410561,0.768823903146557,0.435382165796257,0.919534593208122,1.46739640014209,"Female",68,"< 18.000£","Compulsory education",6,3.7,"right-leaning",7,5.5,4,5.5,5,3.5,5,0.6988837,-0.44,-0.0575,2.282,0.2726,0,0,0.9,0
"94","5e67f9a00785170a0fc039b2",3.97017107185074,1.16790149424872,0.730218569578851,0.550487590089326,0.584714997374516,0.649032729989879,1.01783254575704,"Male",45,"23.001£ to 30.500£","Further education",4,4.1,"left-leaning",5,5,1.5,6,4,2,4,0.6988837,0,-0.0575,2.282,0.2726,0,0,0.9,0
"95","5e766b0ba02ca51dfa1de797",2.74477217867422,0.931916938471805,1.25284909932323,0.401134550306381,0.662041600489116,0.683815212288112,1.08881507485724,"Male",60,"> 45.001£","Higher education (Bachelor, Master, PhD)",5.75,1.8,"left-leaning",5,6,7,5.5,4,3,7,0.6988837,-0.33,-0.0575,1.234,0.2726,0,0,0.36,0
"96","5e8f28c5d73dcd03c21314dc",3.21490013839555,2.6582544210767,0.973252701530089,0.737498720261744,0.485694629867076,0.696214389548344,0.932905080603068,"Female",46,"30.501£ to 45.000£","Higher education (Bachelor, Master, PhD)",6,3.5,"left-leaning",4,6.5,6.5,6,5.5,5.5,6.5,0.6988837,-0.33,-0.0575,2.282,0,0.6201,0.2909,0,0.4555
"97","5e9f0bc126557006ea49d1f4",3.80764243604626,1.00626374196322,-0.689934159546373,0.540145290860327,-0.030061944946063,-0.0323138712430754,0.0427785846486858,"Male",69,"> 45.001£","Higher education (Bachelor, Master, PhD)",1.75,2.3,"right-leaning",6,3,2.5,3,3,1,2.5,0.1031,-0.33,-0.0575,2.282,0.2726,0,0,0,0
"98","5ea051f6ef1e88000bbae035",1.3683408777533,0.900910366633121,1.11673122247132,0.469094692877927,0.167202587296036,0.536451567278477,0.906636207788552,"Male",71,"< 18.000£","Compulsory education",2.25,5.5,"right-leaning",6,3,2.5,3,3,3,4,1.294697,-0.33,-0.0575,2.282,0.2726,0,0,2.07,0
"99","5ea31e2cfe333e274552c8d6",2.68821007911768,1.11167196758189,0.959088530888989,0.328561766924956,0.225503203298686,0.444322630795847,0.724218700640722,"Female",73,"18.000£ to 23.000£","Higher education (Bachelor, Master, PhD)",4,3.7,"left-leaning",5,6,3,4,4.5,3.5,4.5,1.294697,-0.33,-0.0575,2.282,0.2726,0.1555,0.0729,0,0.1142
"100","5eaab7bc385332016e089dda",2.50992850163889,1.05730640261514,0.564891419911978,0.939694158163321,0.622217810043961,0.820216966742264,1.3547265926926,"Male",37,"23.001£ to 30.500£","Higher education (Bachelor, Master, PhD)",4,4.8,"right-leaning",8,4.5,4.5,4,4.5,3.5,5.5,0.6988837,-0.22,-0.0575,2.282,1.0872,0.1555,0,0.9,0.07775
"101","5eac2b53f9860926271f3436",2.41659321296717,1.02351437829435,0.263143063531183,0.679184979590966,0.285542544309316,0.39240358783176,0.66331178024537,"Male",24,"< 18.000£","Higher education (Bachelor, Master, PhD)",5,4.5,"right-leaning",6,4,4.5,5.5,5,4.5,6,1.294697,-0.22,-0.0575,2.282,0.2726,0,0.0729,0.9,0.03645
"102","5ead6fe25ed0c73fa418e825",1.82993916886184,2.18163845621292,1.45303808215205,0.648739982359655,0.471571109684018,0.850100026731871,1.30128689113795,"Female",35,"< 18.000£","Higher education (Bachelor, Master, PhD)",5.5,2.2,"left-leaning",4,4.5,4.5,5.5,5,6,5,0.1031,-0.22,-0.0575,1.053,1.0872,0.1555,0.0729,0.36,0.1142
"103","5eaf0f7a12e7015e515672f5",2.56525533940451,0.231114062834462,1.02715812930479,0.2783273114506,0.365739615769143,0.595076956826482,1.12001967057247,"Female",21,"> 45.001£","Higher education (Bachelor, Master, PhD)",4.25,9.8,"left-leaning",5,5,2.5,4,1.5,1.5,2.5,0.6988837,-0.11,-0.0575,2.282,0,0.1555,0.0729,6.74,0.1142
"104","5ebe6f716af68007472aff9a",1.1166404791247,0.539798621850912,0.843979981381697,0.420016567816471,0.159468039207555,0.460011746905722,0.903025848073743,"Female",56,"30.501£ to 45.000£","Higher education (Bachelor, Master, PhD)",6,2.6,"left-leaning",4,4.5,6,6.5,5.5,5.5,6.5,0.6988837,-0.33,-0.0575,1.234,1.0872,0,0,0,0
"105","5ec28a6332a7510637436a57",1.58000740859564,0.625750561711396,0.684651437458789,0.382639426803627,0.311125739640802,0.625038971664016,1.34756450761101,"Female",48,"> 45.001£","Higher education (Bachelor, Master, PhD)",1,9.9,"right-leaning",7,3.5,1,3.5,2,1.5,2.5,0.6988837,0,-0.0575,2.282,0.2726,0,0,6.74,0
"106","5ecae23b40dae00008174c32",2.43102373111226,1.60456945373319,1.21623104848182,0.816238762423647,0.711731762129322,0.823865201237268,1.15533048726705,"Male",52,"23.001£ to 30.500£","Higher education (Bachelor, Master, PhD)",4.75,3.3,"right-leaning",7,5,3.5,7,5.5,2.5,5,0.1031,-0.22,-0.0575,2.282,0.2726,0,0,0.9,0
"107","5ecb75a89b41896d3d07e48c",3.08527189624296,1.32160745019456,0.836798023073205,0.521570760080308,0.399980767489369,0.592151327615242,0.944322015948926,"Female",29,"< 18.000£","Compulsory education",5.75,5,"right-leaning",8,3.5,4,5.5,3.5,2,6,0.6988837,-0.22,-0.0575,2.282,2.0414,0.1555,0.0729,0.36,0.1142
"108","5edac0f64bdac171a36a04fb",2.93915199737422,1.35922032717626,0.427173614508056,0.569720657101134,0.361613020974412,0.501805971167296,0.879738130357597,"Male",30,"< 18.000£","Higher education (Bachelor, Master, PhD)",3.75,3.6,"left-leaning",5,5,3,5.5,3.5,2.5,4,0.6988837,-0.44,-0.0575,2.282,1.0872,0,0,0.36,0
"109","5edec1fe543b8816c672b069",1.76739617915739,1.25986306800522,1.54799649351635,1.05952914895262,0.927906620355042,1.14192353157986,1.66293487764379,"Male",29,"18.000£ to 23.000£","Higher education (Bachelor, Master, PhD)",3.75,3.1,"right-leaning",8,4,2,4.5,3,1,3.5,0.6988837,-0.11,-0.0575,2.282,0.2726,0,0,0,0
"110","5ee7578e2016bd0127f88502",1.74245933839215,0.669139582316357,1.28088892825061,0.304669821078382,0.0970145956334998,0.4374304940653,0.691189908359867,"Male",35,"> 45.001£","Higher education (Bachelor, Master, PhD)",6,3.6,"right-leaning",6,6,5.5,6,7,7,6,0.6988837,-0.22,-0.0575,1.053,1.0872,0.1555,0,0.9,0.07775
"111","5efa06a1126bfa7f11506169",2.02506853734736,2.80961377229484,0.970149858341456,0.848903883119629,0.323907141256657,0.730687800796308,1.05451214627189,"Female",41,"30.501£ to 45.000£","Higher education (Bachelor, Master, PhD)",6,5.5,"left-leaning",3,6,6.5,6,4.5,5.5,5.5,0.6988837,-0.22,-0.0575,0.955,0.2726,0.1555,0.0729,3.59,0.1142
"112","5f19675f002f9a01e273dc57",2.40183340639607,2.13750736702213,1.48141328826684,0.602484507162273,0.498478167528169,0.837112210354254,1.23938060495234,"Female",52,"< 18.000£","Higher education (Bachelor, Master, PhD)",5.75,5.3,"left-leaning",3,5.5,2.5,6.5,4.5,5,6,1.294697,-0.44,-0.0575,2.282,0,0.1555,0,2.07,0.07775
"113","5f2b3239b986da551f26bec7",2.96662979026199,0.540617734988097,0.52357010764486,0.462279868089051,0.616991277431644,0.46583539474046,0.818069184155661,"Male",33,"30.501£ to 45.000£","Further education",3.25,2,"right-leaning",6,4.5,1.5,3.5,3,1,3.5,0.6988837,0,-0.0575,1.053,0.2726,0,0,0,0
"114","5f4650bde0e1d7016717bb5e",2.25598705228496,1.04967059262292,0.954146273518421,0.559584721683484,0.309170975825848,0.560634830726191,0.876154494564723,"Female",50,"30.501£ to 45.000£","Higher education (Bachelor, Master, PhD)",5.5,9.1,"left-leaning",4,5.5,4.5,6,4,2,4.5,1.294697,-0.22,-0.0575,2.282,1.0872,1.11645,0,3.59,0.558225
"115","5f490578022f3f2d80b83975",1.22161071582652,1.37566430619164,1.51752963573792,0.626251851420518,0.347106207111506,0.851042235848909,1.37717188013864,"Female",44,"< 18.000£","Further education",4,3.7,"left-leaning",4,4,4,4,3.5,4,4,1.294697,-0.11,-0.0575,2.282,0.2726,0,0,0,0
"116","5f4eae624562c70dbee13cd2",1.94356987227988,1.83195025192125,0.513526533803115,0.694651782217857,0.212394967118976,0.440580262488287,0.691199768203759,"Female",58,"23.001£ to 30.500£","Higher education (Bachelor, Master, PhD)",6,4.2,"left-leaning",4,5.5,6,6,6,6.5,6.5,0.1031,-0.33,-0.0575,1.431,0.2726,0.6201,0.0729,2.07,0.3465
"117","5f5a785cfbf1061461451d9a",1.72215459333726,2.06148331058681,0.397981484027511,0.826969029649439,0.313410917680005,0.519455175431068,0.842851164179084,"Female",55,"30.501£ to 45.000£","Higher education (Bachelor, Master, PhD)",4.75,9.3,"right-leaning",6,5,2.5,6.5,3,4,4,0.6988837,0,-0.0575,2.282,0,1.8662,0.8755,3.59,1.37085
"118","5f70670e26f83062b8e73a09",2.79727359020678,0.172367113820274,0.331144789196366,0.161451906834726,0.146094566167697,0.218021910285312,0.580724058009895,"Female",57,"> 45.001£","Higher education (Bachelor, Master, PhD)",5.75,2.7,"right-leaning",6,6,5,5.5,3.5,5,5,0.6988837,-0.11,-0.0575,1.053,1.0872,0,0,0,0
"119","5fa450d5cec1de08e31b8a58",2.84930822333055,0.850908095576603,1.08155135557152,1.1122559619131,0.803790498602901,1.07237249451053,1.58484248296401,"Male",43,"23.001£ to 30.500£","Higher education (Bachelor, Master, PhD)",2.75,5.3,"left-leaning",5,3,3.5,3,2.5,1.5,2.5,1.294697,-0.22,-0.0575,2.282,1.0872,0,0,0.9,0
"120","5fac822590be0627d4f09b47",2.11708837784244,1.70630289642456,0.997025418739735,1.19918486862585,0.768268036071918,0.88956225698245,1.15411606030151,"Female",26,"< 18.000£","Higher education (Bachelor, Master, PhD)",5.75,3.9,"left-leaning",5,5,4,4,4,6,4.5,0.6988837,-0.11,-0.0575,2.282,0,0.1555,0.0729,0.9,0.1142
"121","5fd4d10b2f970406fe63ad96",2.21654112140283,2.68505463606963,0.570297264073565,0.928997951537287,0.412004161796145,0.615022444852729,0.861924859563694,"Male",59,"23.001£ to 30.500£","Compulsory education",5.5,2.6,"left-leaning",4,7,6.5,7,5.5,5.5,6.5,0.6988837,-0.33,-0.0575,2.282,0,0,0,0,0
"122","5fd7b5c1b6d6ef043967330c",3.63022829199733,1.14654400447593,0.934092326099229,0.469219481854637,0.545737320266771,0.62858584624796,0.971910305552777,"Male",59,"> 45.001£","Higher education (Bachelor, Master, PhD)",2.5,4.4,"right-leaning",7,3.5,2,3.5,2,1.5,4.5,1.294697,-0.22,-0.0575,2.282,1.0872,0,0,0,0
"123","6009aabebe921302cf083b53",2.24452725575332,0.84731167838094,1.47859557606513,0.447449090260727,0.432988588120212,0.771407685389424,1.24269834625617,"Female",57,"< 18.000£","Higher education (Bachelor, Master, PhD)",6,3.9,"left-leaning",3,6.5,6,6,6,6,5.5,1.294697,-0.11,-0.0575,2.282,0.2726,0.1555,0.0729,0.36,0.1142
"124","600c415a8f1fb8334df20e2a",2.63791163891451,0.265556442463101,0.843323670022741,0.609315836336313,0.427319491577574,0.63689068100025,1.0499777535579,"Male",34,"23.001£ to 30.500£","Further education",6,4.9,"left-leaning",3,5.5,6,4.5,4.5,5.5,5.5,0.6988837,0,-0.0575,2.282,1.0872,0,0,0.9,0
"125","600c50439b60d826f3052f7d",1.76703775270938,1.39266889856324,0.935181408451167,1.20269530576621,0.718535174212855,1.002140626867,1.49873234696917,"Female",36,"18.000£ to 23.000£","Higher education (Bachelor, Master, PhD)",6,4.2,"left-leaning",2,5.5,5.5,5.5,4.5,6.5,5.5,1.294697,-0.11,-0.0575,1.053,1.0872,0,0,0.9,0
"126","6026b621a46afb3bc557fe0b",3.14146221190785,1.11608198989713,0.770828837987157,0.172485825435319,0.0993070477389335,0.216357800474194,0.330653805872766,"Female",32,"23.001£ to 30.500£","Further education",4.25,8.2,"left-leaning",5,4.5,4,4,4,3.5,3.5,0.1031,-0.11,-0.0575,2.282,3.27168,1.8662,0.8755,0.36,1.37085
"127","6033aebb7228c70967a3ab43",2.51972993567669,1.40274079171988,1.18796988029572,0.654018503289824,0.365337436668242,0.738707363889955,1.1083334905579,"Male",33,"> 45.001£","Higher education (Bachelor, Master, PhD)",4.25,7.3,"left-leaning",3,4,3.5,5.5,4,4,4,1.294697,-0.22,-0.0575,2.282,0.2726,0.1555,0,3.59,0.07775
"128","60358f36069759a81559481c",1.8885682274957,1.01795288766189,0.994713244724164,1.13194303672065,0.72932327277931,1.08257821345285,1.71983265332474,"Female",25,"18.000£ to 23.000£","Further education",4.75,7.3,"left-leaning",1,6,2.5,6,3.5,3.5,5,1.294697,-0.22,-0.0575,2.282,0.2726,0.1555,0,3.59,0.07775
"129","6043e7baeea596429e6dd9e3",2.37784265696081,1.68663804064756,0.818492554255632,0.829394518426383,0.506456937695076,0.81513393515874,1.32025963019696,"Female",54,"< 18.000£","Compulsory education",3,3.7,"right-leaning",6,4.5,2.5,4,4,4,3.5,1.294697,-0.22,-0.0575,2.282,0.2726,0.1555,0,0,0.07775
"130","60455b1578f6f36a3e8ea81c",2.55258819143781,0.802054918284018,0.813437304054875,0.372661405665736,0.267322344806621,0.505662724205421,0.921380311010384,"Male",37,"23.001£ to 30.500£","Higher education (Bachelor, Master, PhD)",5.75,4,"left-leaning",1,7,5,6,5,6,4,1.294697,-0.22,0,2.282,0,0.6201,0.0729,0,0.3465
"131","605c9274dc5f3a6bffa23b54",1.57632457874234,2.7048710119516,1.46196350012269,0.677161211935222,0.252140697868689,0.731727902902058,1.01722675819341,"Female",30,"< 18.000£","Further education",5.25,3.1,"left-leaning",5,4.5,4,6,5,5,5,0.6988837,-0.11,-0.0575,2.282,0.2726,0,0,0,0
"132","6070388ecc8d1f63c6349b7b",1.71270145019027,1.16296710493318,0.499331063148254,0.773316336734003,0.154806556315644,0.535544697391206,0.916812906673643,"Female",24,"18.000£ to 23.000£","Higher education (Bachelor, Master, PhD)",6,4.6,"left-leaning",1,3.5,3.5,4,3.5,4.5,3.5,1.294697,-0.11,-0.0575,2.282,0.2726,0,0,0.9,0
"133","60aa9b9abb58b220b9e3e9d7",3.72389502825656,1.13463587960362,-0.163958076182886,0.303242207300206,0.168600837495456,0.11061285024837,0.321916163430504,"Male",47,"> 45.001£","Higher education (Bachelor, Master, PhD)",5.25,3.2,"right-leaning",6,6.5,4.5,6.5,5,4.5,6.5,0.1031,-0.33,-0.0575,2.282,0.2726,0,0.0729,0.9,0.03645
"134","60afd4165298851467d2a22a",2.70678168249797,0.357273519251175,2.03721088893243,0.429370018726656,0.509875789552595,0.954702040185532,1.42996433027373,"Female",25,"< 18.000£","Higher education (Bachelor, Master, PhD)",3.5,18,"right-leaning",6,4,3.5,4,4,2,1,1.294697,0,-0.0575,2.282,0.2726,0.1555,0.5463,13.48,0.3509
"135","60be448c7a00c44fbb47500e",2.99635799048205,1.10016468903168,0.517349550431991,0.611160681136715,0.502386345945149,0.474245286997938,0.729659416696956,"Female",32,"< 18.000£","Higher education (Bachelor, Master, PhD)",4.25,3,"left-leaning",5,3,3.5,6,4,4,5.5,0.6988837,-0.22,-0.0575,2.282,0.2726,0,0,0,0
"136","60c9ab402f1c532d26288def",2.85289370550638,0.729021225800098,0.527116915461814,0.555274033374731,0.251772372802015,0.401296153660941,0.633696845894312,"Male",39,"> 45.001£","Higher education (Bachelor, Master, PhD)",5.75,4,"right-leaning",6,3.5,4,6.5,3.5,5.5,6,0.6988837,-0.11,-0.0575,2.282,0.2726,0,0,0.9,0
"137","60e0ac8e365f0b68f81e4ba2",2.17118091928911,1.21319977382713,0.558309873363584,0.537431962761584,0.126506676031391,0.400645204804315,0.691480846477794,"Female",61,"18.000£ to 23.000£","Further education",5.25,5.9,"left-leaning",5,5.5,3,5,7,3,1.5,1.294697,-0.11,-0.0575,1.431,1.0872,0.1555,0.0729,2.07,0.1142
"138","60ea0498cfbeface04b33ed0",2.09206430634457,1.44452521878786,1.11091801327175,0.31300988318175,0.107967937350214,0.484420441190953,0.824113053466963,"Female",55,"23.001£ to 30.500£","Further education",3.75,3.6,"right-leaning",7,5,5,4,4,3.5,4,1.294697,-0.22,-0.0575,2.282,0.2726,0,0,0,0
"139","60fbdcf31484efee3cf8d03b",1.75230456463737,1.39057761482376,1.26017163742964,0.48770962785531,0.392328563637378,0.765769727102284,1.32753216411818,"Female",22,"23.001£ to 30.500£","Higher education (Bachelor, Master, PhD)",3.75,3.4,"left-leaning",3,5.5,2.5,3.5,3.5,3,2.5,0.6988837,-0.22,-0.0575,2.282,0,0.1555,0.5463,0,0.3509
"140","61037333eaacd23a3460ffc2",1.43936405646544,1.59734107069736,1.28935954710524,0.735837884489037,0.356481291818524,0.770733094829179,1.17363998238812,"Male",43,"< 18.000£","Further education",6,2,"left-leaning",3,6.5,5.5,5.5,4,3.5,4,0.1031,-0.33,-0.0575,2.282,0,0,0,0,0
"141","610d5b907f2c451c9972a3eb",1.26182421834148,0.4143062028711,0.687844562684684,0.435392493907634,0.0386679903801281,0.393974022294956,0.799892745517264,"Male",41,"30.501£ to 45.000£","Compulsory education",3,3.5,"right-leaning",7,3,1,3.5,3,1,1,0.1031,-0.11,-0.0575,2.282,0.2726,0.1555,0,0.9,0.07775
"142","6111b4dd6f6ac03b5e1a44ba",1.08711668451448,1.43194401181632,0.627317650196454,0.845924506985611,0.289017749605396,0.629606030847168,1.07413382336094,"Male",38,"30.501£ to 45.000£","Higher education (Bachelor, Master, PhD)",5.75,5.8,"right-leaning",6,5,4,6,4,4.5,5,0.6988837,-0.44,-0.0575,2.282,3.27168,0,0,0,0
"143","611e1cf011c9f05d6990d4ae",1.15463570152923,1.54669846275652,0.977849078740146,0.849285419291589,0.213988254923182,0.650434833775235,0.970684964916806,"Female",30,"< 18.000£","Further education",5.75,1.1,"left-leaning",3,5.5,4.5,6,4.5,4.5,4.5,0.1031,-0.22,-0.0575,1.053,0.2726,0,0,0,0
"144","61289487d8a63660ac5b1b9e",2.89165785521764,-0.0786889799916728,1.8280131789261,-0.223814007969891,0.302316855374706,0.545493915138227,1.00029897596083,"Male",32,"23.001£ to 30.500£","Further education",3.75,4.2,"right-leaning",6,6,3.5,4.5,4,4,4.5,0.6988837,0,-0.0575,2.282,1.0872,0.1555,0.0729,0.36,0.1142
"145","612dcfb8c22343ecae65b26b",1.24580396945821,1.49397123447412,1.30640050689334,1.03318445630257,0.502627818936864,0.909613188395873,1.29769581861931,"Male",49,"30.501£ to 45.000£","Further education",5.25,4,"left-leaning",5,4.5,4,6,4,1.5,6.5,0.6988837,-0.33,-0.0575,1.234,2.0414,0.1555,0.2909,0,0.2232
"146","613a39b4ebe56cbaf3dbfdc7",1.88652911132952,0.320107665964064,1.3470285662647,0.603833844846726,0.501966148344969,0.774235909480511,1.23021968593996,"Female",34,"23.001£ to 30.500£","Higher education (Bachelor, Master, PhD)",6,4,"left-leaning",1,6,5.5,6,6.5,7,7,0.6988837,0,-0.0575,1.053,0,0.1555,0.0729,2.07,0.1142
"147","6147568a852e8ede83722b7e",2.71055540159906,1.39139352630337,0.408362367726983,0.477591984745222,0.159205031937306,0.235803854012983,0.339109081616212,"Male",30,"30.501£ to 45.000£","Compulsory education",3.75,7.1,"left-leaning",5,3,3.5,3.5,3.5,3,3.5,1.294697,-0.11,-0.0575,2.282,1.0872,1.11645,0.5463,0.9,0.831375
"148","6149a0903f726fd4d9b1df7f",1.03187772548909,1.31085933116638,0.781674220717692,0.906763079809245,0.461090092287445,0.841162601811511,1.47444779141612,"Male",62,"> 45.001£","Compulsory education",4,7.9,"left-leaning",5,3.5,3,6,4,3.5,4,1.294697,-0.33,-0.0575,2.282,1.0872,0,0,3.59,0
"149","615f09d51152027754156b2b",3.1030873942713,0.838039434487758,1.30379043191482,0.289956946405837,0.486678276816819,0.552979296578478,0.814444176707235,"Male",53,"< 18.000£","Higher education (Bachelor, Master, PhD)",4,3,"left-leaning",5,3.5,5,4,1.5,3.5,4.5,0.6988837,-0.22,-0.0575,2.282,0.2726,0,0,0.36,0
"150","61605d5958194ce00c7b9c91",2.67334727303587,1.62578556947952,0.537132050204808,0.556331910609039,0.291879120181303,0.535790510796636,0.949260660571465,"Female",38,"18.000£ to 23.000£","Further education",4.75,3.8,"left-leaning",5,4.5,3.5,4,4,4,4.5,1.294697,0,-0.0575,2.282,0.2726,0,0,0.36,0
"151","61f2ae2da09e72f23cbafa4f",8.19276332393743,-1.34981791525041,-1.60273803952217,-0.384068498438764,0.00661247270892956,-0.808399749181417,-1.131488296797,"Male",25,"< 18.000£","Higher education (Bachelor, Master, PhD)",4,4.7,"left-leaning",5,4.5,3.5,4.5,4.5,5.5,5.5,1.294697,0,-0.0575,3.16,0.2726,0,0,0,0
"152","61fa9016d42cb19beec49061",1.78418879973806,1.2656495058526,1.30841402119371,0.678487961643465,0.391301801389736,0.676646606025654,0.949780170739805,"Male",50,"< 18.000£","Higher education (Bachelor, Master, PhD)",5.25,6.5,"left-leaning",5,6,4.5,5.5,4.5,3,3.5,0.6988837,-0.22,-0.0575,2.282,0,0.1555,0.0729,3.59,0.1142
"153","61fa9090d42cb19beec49175",3.07512483266843,0.795848709507054,0.203398068941707,0.553473839995256,0.206279121697193,0.351455335190724,0.636095583082316,"Female",29,"23.001£ to 30.500£","Further education",5.5,3.3,"left-leaning",4,5.5,5,3,2.5,1.5,3,1.294697,-0.22,-0.0575,2.282,0,0,0,0,0
"154","62029b31ef1cb18a1337c7be",0.908613902440975,0.982534677545248,0.569391195779683,0.690202867881666,0.0789757289391742,0.484314911348425,0.902001675412204,"Female",49,"< 18.000£","Further education",5.25,4.3,"left-leaning",5,2.5,4,4.5,1.5,2.5,2.5,1.294697,-0.33,-0.0575,2.282,1.0872,0,0,0,0
"155","6274f9115634950cf5970f1c",2.20203019653908,2.21773643604901,1.26859510943614,0.944585311439811,0.553349896217244,0.972331335883739,1.42703321436873,"Male",43,"< 18.000£","Higher education (Bachelor, Master, PhD)",6,1.5,"left-leaning",1,6.5,6,5.5,4.5,6.5,4.5,0.6988837,-0.22,-0.0575,1.053,0,0,0.0729,0,0.03645
"156","6277fb597942c07d74b16b98",2.78702039034219,0.90410236544528,1.00063953707424,0.377589410439317,0.209255904791065,0.466555678235024,0.723894124433537,"Female",33,"> 45.001£","Higher education (Bachelor, Master, PhD)",6,10.5,"left-leaning",3,6.5,6,6,6.5,6.5,7,1.294697,-0.22,-0.0575,2.282,0.2726,0.1555,0.0729,6.74,0.1142
"157","627e76aae54a59191fa81f08",2.6108947409836,1.25432446064386,1.0654041243205,0.833518251624466,0.52284359825438,0.768258609621139,1.08385180242882,"Female",22,"18.000£ to 23.000£","Higher education (Bachelor, Master, PhD)",5.5,4.8,"left-leaning",2,6.5,4.5,6.5,5.5,5,6,1.294697,-0.11,-0.0575,1.431,1.0872,0.1555,0.0729,0.9,0.1142
"158","62a0f6d97132dba61b6ea5b1",2.03472454362412,1.40740587483975,1.09300440485767,1.09902325717511,0.706714836138595,0.974554246720218,1.41518955208794,"Male",31,"30.501£ to 45.000£","Higher education (Bachelor, Master, PhD)",6,5.9,"left-leaning",5,6,6,5.5,6,5,5.5,0.6988837,-0.22,-0.0575,2.282,1.0872,0,0,2.07,0
"159","62a133f31c71d01e25386981",2.95207219438363,1.55150821687282,1.13914972861962,0.339588459358761,0.36190297511197,0.552274223388451,0.856598829417031,"Female",47,"30.501£ to 45.000£","Higher education (Bachelor, Master, PhD)",4,3.8,"right-leaning",6,4,3.5,5,4,3.5,4.5,0.6988837,-0.33,-0.0575,2.282,0.2726,0,0,0.9,0
"160","62b0a3fa60084743d22ad31c",2.18426532793578,1.31347841008434,1.32360821899371,0.728543845998247,0.609227426609355,0.876308589657849,1.34054596976255,"Female",33,"18.000£ to 23.000£","Further education",5,8.4,"left-leaning",5,4.5,1.5,6,4,1,3,1.294697,-0.22,-0.0575,2.282,4.0896,0,0.0729,0.9,0.03645
"161","62b5d90d09660072824f68cf",2.86654491093436,1.35507310708047,0.767787161349613,0.359065773073087,0.272506269726643,0.404834756075169,0.661357371738027,"Male",37,"30.501£ to 45.000£","Higher education (Bachelor, Master, PhD)",5,5.3,"left-leaning",3,4.5,4.5,4,4.5,4.5,6,0.6988837,-0.22,-0.0575,2.282,0.2726,0.1555,0.0729,2.07,0.1142
"162","62b84bc871daedd6295f2a55",2.77715508012839,1.75617432227036,0.525547076918314,0.611659628525022,0.309321934396885,0.479745365866063,0.762276514953232,"Female",55,"< 18.000£","Higher education (Bachelor, Master, PhD)",6,6.3,"left-leaning",5,3.5,3,3,3.5,3,3,0.6988837,-0.11,-0.0575,1.431,4.0896,0.1555,0.0729,0,0.1142
"163","62bcbc7df297dff85dfa7857",3.5108287864395,0.786274680225733,0.971577402216595,0.440843992685551,0.5444211613654,0.592122279459927,0.905626489173845,"Male",61,"30.501£ to 45.000£","Higher education (Bachelor, Master, PhD)",6,7.7,"right-leaning",6,4,2.5,3.5,3.5,3.5,4,0.6988837,-0.11,-0.0575,2.282,1.0872,0.1555,0.0729,3.59,0.1142
"164","62c7e2035db496124cf69b56",4.34986999148577,1.18237642786446,0.937169117103698,0.527199336268467,0.544601279595821,0.639730307384964,0.893356991202332,"Female",45,"30.501£ to 45.000£","Higher education (Bachelor, Master, PhD)",5.75,4.6,"left-leaning",4,5,2,7,4,4,5.5,0.1031,-0.11,-0.0575,2.282,0.2726,0,0.0729,2.07,0.03645
"165","62d133d8355730e56a6722dc",3.2490210973577,1.51122188488929,0.609708899938575,0.24619728289697,0.216437104235802,0.329585861145336,0.594847263458955,"Male",33,"> 45.001£","Further education",5.5,5.5,"right-leaning",7,3.5,4.5,4.5,3,2.5,4,1.294697,-0.33,-0.0575,2.282,0.2726,0,0,2.07,0
"166","62e154b0682e270b4acdf5ee",1.44584890290734,1.39830252244005,1.14723226551707,0.875759478476792,0.519543052538864,0.859073463442641,1.33898981714607,"Male",32,"23.001£ to 30.500£","Further education",2.75,3.3,"left-leaning",5,3.5,3.5,3.5,4,3.5,3.5,1.294697,-0.33,-0.0575,2.282,0,0.1555,0,0,0.07775
"167","62e98117d8254c5e98e64592",4.11121302221986,0.212652290423495,0.0163195490089854,0.332552016591765,0.488742529825893,0.359616044366628,0.792061937500869,"Female",51,"> 45.001£","Further education",3,10,"right-leaning",6,4,4,4,4,4,4,1.294697,-0.22,-0.0575,2.282,0,0,0,6.74,0
"168","62fb794d58e8f2902c9a5f13",3.66257646744338,0.244302145842894,0.493757135948546,0.298142041079226,0.248230388601469,0.398439312185965,0.769174150578369,"Female",26,"30.501£ to 45.000£","Higher education (Bachelor, Master, PhD)",3,4.8,"left-leaning",3,4,3,3,4,2,4.5,1.294697,-0.22,-0.0575,1.431,0.2726,0,0,2.07,0
"169","62fb7bd5e0c65f772ce189c8",2.55642756307356,0.934908856031489,1.81388539676783,0.354541898394844,0.37410966290068,0.74340916364498,1.07296271943912,"Female",47,"30.501£ to 45.000£","Higher education (Bachelor, Master, PhD)",6,1.5,"left-leaning",4,6,6,6.5,6,7,7,0.1031,-0.11,-0.0575,1.053,0.2726,0.1555,0.0729,0,0.1142
"170","62fcedae37fcdac16269c7f0",1.1164125179158,1.22163461057117,0.748971597178549,0.571955580535179,0.154203929590313,0.393765204911193,0.655037240436944,"Male",20,"18.000£ to 23.000£","Higher education (Bachelor, Master, PhD)",5,3.8,"left-leaning",5,4,3,4,3.5,3.5,5,0.6988837,-0.33,-0.0575,2.282,0.2726,0,0,0.9,0
"171","631121b9300114184c43848c",1.6468266413837,1.03529235314287,0.794800926439953,0.79698088535539,0.391084038230337,0.623287020815607,0.972310473336899,"Male",42,"23.001£ to 30.500£","Higher education (Bachelor, Master, PhD)",3.5,4,"left-leaning",3,3.5,5,4.5,3.5,4,4.5,1.294697,0,-0.0575,2.282,0.2726,0.1555,0.0729,0,0.1142
"172","631625a868c124694850420c",2.32875475879792,0.560627717936241,0.174435655241427,1.11486769698419,0.760367694581638,0.840201167597562,1.45964769968427,"Male",22,"< 18.000£","Further education",2.25,3.2,"right-leaning",6,4.5,3,4,3,3,3.5,1.294697,-0.33,-0.0575,2.282,0,0,0,0,0
"173","6319fb160fc7f174e5861d1d",2.03618414054109,1.89491024628092,1.01543209722059,0.566965479301971,0.356885373025547,0.568282179144882,0.856424891432007,"Female",37,"30.501£ to 45.000£","Higher education (Bachelor, Master, PhD)",5,7.4,"right-leaning",6,4,3,4,4,3.5,4,0.6988837,-0.22,0,2.282,1.0872,0,0,3.59,0
"174","634825209775febdbe9c9825",1.65205585299184,0.413495990909274,0.426000583614411,0.914540870564449,0.231026082213368,0.526119226450016,0.838968834237102,"Male",46,"23.001£ to 30.500£","Further education",6,2.5,"left-leaning",3,5,2.5,4,4,4,4,0.1031,0,-0.0575,2.282,0,0.1555,0,0,0.07775
"175","637f7c23658dbd7bcdd9e193",2.45855836830755,1.2320353374346,0.629117691465781,1.00601644290647,0.569498632376419,0.657275372783531,0.883294719611625,"Male",19,"< 18.000£","Further education",2.75,7,"right-leaning",8,4,3.5,3.5,4,3.5,4.5,1.294697,-0.33,-0.0575,2.282,0,0.1555,0.0729,3.59,0.1142
"176","637f8e8b4aab8c4f8af7e09b",1.79826660534745,1.18696516275772,0.76380934890369,0.635421222306967,0.266211001532946,0.596172060339698,1.03181668711598,"Male",49,"30.501£ to 45.000£","Higher education (Bachelor, Master, PhD)",4.5,4.9,"left-leaning",5,4,3,5.5,3.5,4.5,4.5,0.6988837,-0.11,-0.0575,1.053,3.27168,0,0,0,0
"177","637fa9a2ca0c2fa078910c4b",3.75304123580859,1.66653979405545,0.966203163499816,0.562121447441045,0.529092051331023,0.58613303935439,0.764760908060963,"Male",36,"< 18.000£","Higher education (Bachelor, Master, PhD)",5.5,3.8,"right-leaning",7,4,3.5,5.5,4.5,3.5,3,1.294697,0,-0.0575,2.282,0.2726,0,0,0.36,0
"178","6380e6f4701835df21c0d764",1.99849051473027,0.334942286516261,0.943090683580627,0.287016136323276,-0.0273960774129168,0.330888961088875,0.586585573168967,"Male",39,"> 45.001£","Further education",1,5.4,"left-leaning",4,4,2.5,4,4,1,4,0.1031,-0.22,-0.0575,2.282,3.27168,0,0,0,0
"179","63a445e39a2fcc9bc2558d74",1.78640914706043,1.37622550064149,0.779958463730938,0.556393165842836,0.151990923541586,0.463795292642679,0.764074093866605,"Male",69,"18.000£ to 23.000£","Compulsory education",6,2.6,"left-leaning",5,4,4.5,6,5,4.5,5,0.6988837,-0.33,-0.0575,1.234,1.0872,0,0,0,0
"180","63c014d48a1fb74f916f4158",2.07744278992689,0.863813123143251,0.982881882330498,0.388481777191004,0.111060603292585,0.429910333142695,0.70584909159964,"Female",59,"< 18.000£","Further education",6,1,"left-leaning",3,6.5,5,5,5,5.5,5.5,0.1031,-0.22,-0.0575,1.053,0,0.1555,0,0,0.07775
"181","63ced8d2c8d001d1d5057196",2.91699582557788,1.64567939780115,1.17834019068761,0.358171268729511,0.380467187756906,0.566744341591495,0.860666929507607,"Male",43,"> 45.001£","Higher education (Bachelor, Master, PhD)",6,11,"left-leaning",4,6,4.5,6,6,6,6,0.6988837,-0.11,-0.0575,1.431,2.0414,0.1555,0.0729,6.74,0.1142
"182","63d141f040c855b7fb494d13",4.12511946533766,1.18623712931982,0.0826735830547514,1.30543508259432,1.22219513423613,0.979448120139477,1.48633001240752,"Female",31,"30.501£ to 45.000£","Further education",3.25,6.9,"right-leaning",6,2.5,1,4,3,3,6,1.294697,-0.44,-0.0575,2.282,0.2726,0,0,3.59,0
"183","63d148b0da246ce02c8bd22b",1.51031318301332,1.3392125004252,1.6513900185909,0.873044276006806,0.495981067948319,0.954192820288942,1.3556945295625,"Female",31,"< 18.000£","Higher education (Bachelor, Master, PhD)",6,4.1,"left-leaning",2,6,5.5,5,5.5,7,5.5,1.294697,-0.11,-0.0575,0.955,1.0872,0,0,0.9,0
"184","63d69163ecd60f16ced6c9c4",1.15584905640498,1.54806081058432,2.14460423742516,0.679799428855885,0.51350935177368,0.942882557716859,1.2777651096132,"Male",26,"< 18.000£","Further education",4.25,3.5,"left-leaning",5,2.5,5,3.5,3.5,4,4.5,1.294697,-0.22,0,2.282,0,0.1555,0,0,0.07775
"185","63d79c350c185ab8036d2a68",4.03463976130764,1.78628451283608,0.535559762045901,0.355995532391937,0.288084012096761,0.398390107412213,0.635164949050821,"Male",34,"23.001£ to 30.500£","Higher education (Bachelor, Master, PhD)",6,1.9,"left-leaning",1,6.5,7,6.5,4,5.5,7,0.6988837,0,-0.0575,1.053,0,0.1555,0.0729,0.36,0.1142
"186","63e52aac7a653a43be0247aa",1.97393778673647,1.60091212887227,0.713476960168193,0.349722488371234,0.0250790118227958,0.273533263780311,0.464871103438544,"Male",34,"> 45.001£","Higher education (Bachelor, Master, PhD)",6,3.5,"left-leaning",3,6,4,6,5.5,4.5,4.5,1.294697,0,-0.0575,2.282,0,0,0,0.36,0
"187","63e538e14e8b1ae8b460d8bf",2.73569922134129,0.588325840734769,0.472216757117793,0.557307586084345,0.309707081958423,0.459628408761668,0.807178746917205,"Male",37,"> 45.001£","Further education",6,2.2,"left-leaning",1,7,6,7,4,7,7,0.1031,-0.33,-0.0575,1.234,0.2726,0,0.0729,0.9,0.03645
"188","63ea42db4a818f990ef95828",1.3754861430716,0.276765638416854,1.14381740363954,0.51780271288941,0.432062764838292,0.756667592883524,1.38932918373718,"Male",36,"> 45.001£","Higher education (Bachelor, Master, PhD)",5,5.7,"left-leaning",2,5,6,5.5,4,4.5,6.5,0.6988837,-0.22,-0.0575,2.282,0.2726,0.6201,0,2.07,0.31005
"189","63ea95f2da4247bb899a1119",1.65534271610712,1.33687305984018,1.15463603978416,1.09316386621875,0.803058857799957,0.980824569513326,1.43261277272236,"Female",37,"< 18.000£","Higher education (Bachelor, Master, PhD)",5.75,3.6,"left-leaning",4,5,3,6,4.5,4.5,5,1.294697,-0.22,-0.0575,2.282,0.2726,0,0,0,0
"190","63f77cac11a2ddb8e7276c44",6.64670181675487,0.565693357667131,0.153861554807149,0.199275376371604,0.704598532580277,0.340706381457207,0.532428038441521,"Female",62,"< 18.000£","Further education",4.25,5,"right-leaning",6,3.5,1,3,2,1,3,1.294697,0,-0.0575,1.431,0.2726,0,0,2.07,0
"191","6421c5ce0498d13b6d20419c",3.97765262277835,0.982210127013976,0.827024321460207,0.193734380651073,0.277059317196211,0.331126284062111,0.486389882030229,"Female",32,"23.001£ to 30.500£","Further education",5,4.1,"left-leaning",5,4.5,5,5,4,3.5,4.5,0.6988837,0,-0.0575,2.282,0.2726,0,0,0.9,0
"192","6480c46e98f143d5415295e1",4.81137417557679,0.957498303347538,0.255905631753186,0.353315680997334,0.508388207144228,0.364902983972628,0.605837822334665,"Male",62,"< 18.000£","Compulsory education",2.25,4.4,"right-leaning",6,2.5,4,6,3.5,2,4.5,1.294697,-0.22,-0.0575,2.282,1.0872,0,0,0,0
"193","64835b5840bc93bf8c400aeb",2.75047365792762,2.16775553349723,1.24516604765968,0.886818885702501,0.754965819602814,0.987131513631596,1.44822303077212,"Female",58,"18.000£ to 23.000£","Higher education (Bachelor, Master, PhD)",5.75,3.3,"right-leaning",6,5.5,6,6,4.5,6,6,1.294697,-0.22,-0.0575,1.234,1.0872,0,0,0,0
"194","64842953934f4be66c7f6fc2",7.69485160457786,-1.47969891984746,-0.808645466573875,-0.638235786019875,0.168633549370494,-0.526136257070456,-0.566646443513745,"Female",54,"> 45.001£","Compulsory education",4.75,8.9,"left-leaning",5,5,3.5,5,3.5,3.5,3,1.294697,-0.22,-0.0575,3.16,1.0872,0,0,3.59,0
"195","64fb2212b9a3b757d0d70767",2.5458012225246,0.904261554906844,1.22348283379997,0.610612782965141,0.497286067643757,0.737891224175735,1.11851174536329,"Female",57,"30.501£ to 45.000£","Further education",6,1.6,"right-leaning",6,6,6.5,7,7,7,7,0.6988837,-0.33,-0.0575,1.053,0.2726,0,0,0,0
"196","651be6560ce8a69af588fb31",3.04596102805261,0.77979397880541,0.630475304230371,0.347096945501019,0.180115679657457,0.33475252999157,0.564976294462753,"Male",54,"> 45.001£","Further education",5,4.1,"right-leaning",6,4,4,3,3.5,3,6,0.6988837,0,-0.0575,2.282,1.0872,0,0.0729,0.36,0.03645
"197","651c11304182690d4a93ef00",1.42189989274164,1.37850533085901,0.614634961254462,0.760441942035011,0.219345146840447,0.522839847433062,0.858019653673906,"Male",62,"< 18.000£","Higher education (Bachelor, Master, PhD)",6,2.4,"left-leaning",4,5,6,4.5,4,4.5,4.5,0.1031,-0.22,-0.0575,2.282,0.2726,0,0,0,0
"198","652c3417a11e952e735149b6",1.90112087949039,-0.258978508537441,0.402262862741421,0.836432647518728,0.736676159785469,0.707361097214584,1.29437371310032,"Female",44,"30.501£ to 45.000£","Further education",6,6.8,"right-leaning",10,5,4,3.5,4,1.5,2.5,0.6988837,-0.11,-0.0575,3.16,1.0872,0,0,2.07,0
"199","653bb95b0268ecbcadfb3c08",1.3238180399726,1.25068305181755,0.791134141504052,0.57525813733125,0.150771493685153,0.45392600308798,0.76440162206778,"Female",48,"< 18.000£","Higher education (Bachelor, Master, PhD)",6,3.2,"left-leaning",4,4.5,5,6,4.5,6,6,0.6988837,0,-0.0575,2.282,0.2726,0,0,0.36,0
