"","participant.label","(Intercept)","flying.weight","diet.weight","electricity.weight","commute.weight","regional.weight","recycling.weight","gender","age","income","education","cc_concern.mean","total_co2","conservative_liberal.binary","conservative_liberal","policy.car.sub","policy.car.tax","policy.flying.sub","policy.flying.tax","policy.RE.sub","policy.RE.tax","policy.meat.tax","policy.meat.sub","policy.recycle.tax","policy.recycle.sub","policy.regional_food.sub","policy.regional_food.tax","policy.support.total","policy.car","policy.flying","policy.RE","policy.meat","policy.recycle","policy.regional_food","footprint.electricity","footprint.regional","footprint.recycling","footprint.diet","footprint.travel.car","footprint.travel.bus","footprint.travel.train","footprint.flying","footprint.public.transport"
"1","54232b4bfdf99b328c91b253",2.56836979349347,2.23094125741884,0.642722481172399,0.856153583728361,0.310238839479934,0.590401102309541,0.78488546758085,"Male",38,"30.501£ to 45.000£","Higher education (Bachelor, Master, PhD)",5,7.4,"left-leaning",3,6,3,5,4,7,4,6,6,6,7,6,4,5.33333333333333,4.5,4.5,5.5,6,6.5,5,1.294697,-0.22,-0.0575,1.431,3.27168,0.6201,1.0944,0.36,0.85725
"2","542926d2fdf99b0b7ac2904e",2.60053703558689,0.72984285851284,1.48946798371112,0.0452928912291464,0.374908872423574,0.830934144490943,1.5886643982154,"Female",51,"< 18.000£","Further education",3.25,4.6,"left-leaning",5,6,2,5,3,5,2,1,6,1,6,6,2,3.75,4,4,3.5,3.5,3.5,4,1.294697,0,-0.0575,2.282,1.0872,0,0,0,0
"3","547272b4fdf99b44c5647418",2.5302296457842,3.89097586154592,1.37204280506207,1.09804255151375,0.392513635417615,0.878066915571123,1.07617113744406,"Male",59,"< 18.000£","Higher education (Bachelor, Master, PhD)",5.75,2.1,"left-leaning",3,7,6,5,7,5,3,5,3,4,7,3,6,5.08333333333333,6.5,6,4,4,5.5,4.5,0.1031,-0.44,-0.0575,1.431,1.0872,0,0,0.36,0
"4","54aefa06fdf99b09c01b37f4",2.45348756116815,0.94651630930512,0.784248112260363,0.727664694279866,0.19043823236506,0.581243174669443,0.980074578766997,"Female",50,"23.001£ to 30.500£","Higher education (Bachelor, Master, PhD)",6,3.3,"left-leaning",3,7,5,7,7,7,4,7,7,7,7,7,7,6.58333333333333,6,7,5.5,7,7,7,0.1031,-0.11,-0.0575,2.282,1.0872,0,0,0,0
"5","559d96aefdf99b1e448268e5",2.49159244727914,0.511815381842213,0.922534337601769,0.605372061706659,0.498366437489563,0.727932922428145,1.28002477187009,"Female",42,"> 45.001£","Higher education (Bachelor, Master, PhD)",5,5.3,"left-leaning",3,7,5,7,6,7,4,4,6,4,7,5,4,5.5,6,6.5,5.5,5,5.5,4.5,0.6988837,-0.22,-0.0575,2.282,0.2726,0,0.2909,2.07,0.14545
"6","55d09e4934e9060005e5729a",2.37371374903318,1.52540798344299,1.11640826873392,0.511295575760815,0.1501158675309,0.445541302701529,0.726991805732689,"Male",28,"< 18.000£","Further education",4.5,4.2,"right-leaning",6,7,2,7,5,3,1,4,2,1,7,7,6,4.33333333333333,4.5,6,2,3,4,6.5,1.294697,-0.44,-0.0575,3.16,0.2726,0,0,0,0
"7","560925acd7def20005b7362a",2.5408706987385,1.477533686798,0.714639202676159,0.502629652019812,0.294854782289035,0.523543126053125,0.875372936458715,"Male",55,"23.001£ to 30.500£","Higher education (Bachelor, Master, PhD)",4.75,5.9,"left-leaning",4,7,3,6,4,5,3,2,5,3,5,5,5,4.41666666666667,5,5,4,3.5,4,5,1.294697,-0.22,-0.0575,1.431,3.27168,0.1555,0.0729,0.36,0.1142
"8","56296779c8ffc200055134c9",2.45460438325418,1.44471148677936,0.161012488134349,0.537568229577816,0.0885949136644885,0.242449748988139,0.496091708494186,"Male",49,"23.001£ to 30.500£","Higher education (Bachelor, Master, PhD)",1.75,4.2,"left-leaning",5,4,1,1,7,4,1,1,6,4,4,6,3,3.5,2.5,4,2.5,3.5,4,4.5,0.1031,-0.22,0,2.282,2.0414,0,0,0,0
"9","5655ac37d970d100058322c3",2.50864662098068,0.190885590024838,0.418755651740291,0.153664214868049,0.0376141594192242,0.168681552073763,0.401886363167403,"Male",32,"18.000£ to 23.000£","Higher education (Bachelor, Master, PhD)",4.75,3.1,"left-leaning",5,5,3,5,4,7,2,2,6,6,7,6,3,4.66666666666667,4,4.5,4.5,4,6.5,4.5,0.6988837,-0.33,-0.0575,2.282,0.2726,0.1555,0.0729,0.36,0.1142
"10","566e1aec744e3e0005b4e668",2.50613152584116,2.06828882745068,1.61013208489231,0.409162994420221,0.304545224154169,0.617254009737493,0.825538747495766,"Male",43,"< 18.000£","Further education",3.75,3.5,"left-leaning",5,5,4,5,4,5,4,4,5,4,5,5,4,4.5,4.5,4.5,4.5,4.5,4.5,4.5,1.294697,-0.33,-0.0575,2.282,0.2726,0,0,0,0
"11","56a80408c89737000b22bd37",2.45821778646143,2.22890700645444,0.483416179264313,1.21230324720527,0.388554290273699,0.774599632474722,1.22595634967044,"Male",48,"> 45.001£","Higher education (Bachelor, Master, PhD)",1.5,3.1,"right-leaning",6,6,1,3,2,2,1,1,1,1,6,5,2,2.58333333333333,3.5,2.5,1.5,1,3.5,3.5,0.6988837,-0.33,-0.0575,2.282,0.2726,0.1555,0.0729,0,0.1142
"12","56d33245321cae000b68d9e4",2.54694763690725,-0.324450748421339,1.12636356367454,0.347884978783901,0.585283828264807,0.56958900436457,0.877989954272079,"Male",66,"23.001£ to 30.500£","Further education",4.25,4.8,"right-leaning",10,3,1,2,1,5,6,1,6,1,5,6,7,3.66666666666667,2,1.5,5.5,3.5,3,6.5,1.294697,-0.22,0,2.282,0.2726,0.1555,0.0729,0.9,0.1142
"13","571a57e56a1c6300124bb6bd",2.52361740355253,1.69709175482542,1.24189732277514,0.573217622612709,0.265184659614511,0.695638933353623,1.06902503078997,"Female",64,"< 18.000£","Compulsory education",6,3.7,"right-leaning",7,6,3,5,7,5,2,3,4,5,7,5,6,4.83333333333333,4.5,6,3.5,3.5,6,5.5,1.294697,-0.33,-0.0575,2.282,0.2726,0.1555,0.0729,0,0.1142
"14","571a861d838a4e0013b1860a",2.4552027397441,0.59496051207656,0.283585920370819,0.654095709761753,0.329592989969073,0.463088302608023,0.90600345492503,"Male",51,"30.501£ to 45.000£","Further education",2.25,6,"left-leaning",2,7,1,4,2,7,1,1,4,1,1,7,1,3.08333333333333,4,3,4,2.5,1,4,0.6988837,-0.11,0,2.282,1.0872,0,0,2.07,0
"15","576fc3462984e70001a97fc3",2.49911326166086,2.11390602780813,1.31207112177243,0.686046734508772,0.344508752671328,0.801669536232665,1.26759795508222,"Male",32,"18.000£ to 23.000£","Higher education (Bachelor, Master, PhD)",6,3.4,"left-leaning",4,7,6,5,2,7,4,5,7,5,7,7,4,5.5,6.5,3.5,5.5,6,6,5.5,0.1031,-0.22,-0.0575,1.053,0.2726,0.1555,0,2.07,0.07775
"16","577e3a5025cb71000128727e",2.53673875798607,0.857572168258015,1.00091207800843,0.580576623604568,0.322537884592795,0.706086750608305,1.17922379634414,"Female",63,"< 18.000£","Further education",5.25,2.5,"left-leaning",5,7,3,6,7,5,1,6,6,7,5,7,4,5.33333333333333,5,6.5,3,6,6,5.5,0.1031,-0.22,-0.0575,1.431,1.0872,0.1555,0,0,0.07775
"17","577f91b84d107800016d9e69",2.54918884097123,2.6324945168986,0.820488763904391,0.867814086713547,0.352381101600603,0.713504235677008,1.04030046483422,"Male",70,"23.001£ to 30.500£","Further education",4.75,3.2,"right-leaning",6,6,4,5,5,6,6,4,5,6,6,6,7,5.5,5,5,6,4.5,6,6.5,0.6988837,-0.22,-0.0575,2.282,0.2726,0.1555,0.0729,0,0.1142
"18","58a085f6f6cc2100012af56e",2.58470096584022,2.19038970707743,1.89630917117008,0.803624540442896,0.471609711477461,0.983110109997674,1.25132538065206,"Male",46,"23.001£ to 30.500£","Higher education (Bachelor, Master, PhD)",5,3.1,"left-leaning",3,7,7,7,7,6,5,5,2,6,7,6,5,5.83333333333333,7,7,5.5,3.5,6.5,5.5,0.6988837,-0.22,-0.0575,2.282,0,0.1555,0.2909,0,0.2232
"19","5918a03738cc6d0001a4bde7",2.4981655191338,0.28132632462158,-0.0369456057629128,0.441763428149051,0.168927892124583,0.190585971326392,0.431648843310929,"Male",37,"> 45.001£","Higher education (Bachelor, Master, PhD)",1,2.3,"right-leaning",8,5,1,1,1,1,1,1,1,1,6,5,2,2.16666666666667,3,1,1,1,3.5,3.5,0.1031,-0.44,-0.0575,2.282,0.2726,0.1555,0,0,0.07775
"20","594a8e2eeaa18e000163f6cd",2.56633122963182,2.36422371598932,-1.78511812906341,0.675229529217212,0.0682005792459102,-0.271814892517782,-0.268706378123988,"Female",46,"< 18.000£","Higher education (Bachelor, Master, PhD)",1,3.7,"right-leaning",9,6,1,1,1,1,1,1,1,1,5,5,1,2.08333333333333,3.5,1,1,1,3,3,1.294697,-0.33,0,2.282,0.2726,0.1555,0.0729,0.36,0.1142
"21","596e6e5cd7919800014b49b8",2.52491557971133,2.21557870072618,0.703460236334375,0.5302472876875,0.255348041015809,0.453941031601775,0.696369797115668,"Male",48,"30.501£ to 45.000£","Compulsory education",3,3.9,"left-leaning",3,7,1,5,4,4,2,1,5,3,7,5,4,4,4,4.5,3,3,5,4.5,0.6988837,-0.33,-0.0575,2.282,1.0872,0.1555,0.0729,0,0.1142
"22","597b652912b52100010ca9b2",2.61894710191023,1.92275527683303,1.02448489598365,0.995645687940289,0.454573600361236,0.865750354270027,1.15729157470447,"Female",23,"30.501£ to 45.000£","Higher education (Bachelor, Master, PhD)",6,3.3,"left-leaning",3,7,5,5,5,7,4,4,6,6,7,7,5,5.66666666666667,6,5,5.5,5,6.5,6,1.294697,-0.33,-0.0575,2.282,0,0.1555,0,0.36,0.07775
"23","597c6cdf21db3a0001418541",2.47574705243982,1.30334774854373,0.681848944898618,0.849021158506754,0.3994272623349,0.84417818375802,1.56154200011631,"Male",66,"23.001£ to 30.500£","Further education",3.25,3.9,"right-leaning",7,6,1,1,1,7,1,1,5,1,4,4,1,2.75,3.5,1,4,3,2.5,2.5,1.294697,0,-0.0575,2.282,0.2726,0,0.0729,0,0.03645
"24","59839cb9554956000142d95f",2.59295936850771,2.25408764662646,1.29469236887005,0.654237177171122,0.285032437688972,0.698264310943326,0.896268068154371,"Female",52,"< 18.000£","Compulsory education",6,1.4,"left-leaning",3,5,5,6,7,6,1,7,1,3,7,6,6,5,5,6.5,3.5,4,5,6,0.6988837,-0.33,-0.0575,1.053,0,0,0,0,0
"25","59a9c0291b7a550001d6392e",2.53231788204787,1.72184613519209,1.22835052904796,0.554918652287683,0.299372897606156,0.637515783214673,0.906667847388491,"Female",41,"< 18.000£","Higher education (Bachelor, Master, PhD)",3.75,5.5,"left-leaning",3,7,1,3,1,7,3,3,4,4,7,7,5,4.33333333333333,4,2,5,3.5,5.5,6,0.6988837,-0.33,-0.0575,2.282,2.0414,0,0,0.9,0
"26","59b193aff69f3400018671ba",2.49791268379017,1.09925015745619,0.519054134508749,0.455192983468261,0.202355925455513,0.377499379810021,0.675259071530924,"Male",54,"< 18.000£","Further education",3,1.2,"right-leaning",8,7,7,6,7,6,5,4,5,7,7,5,6,6,7,6.5,5.5,4.5,7,5.5,0.1031,-0.11,-0.0575,1.053,0,0.1555,0.0729,0,0.1142
"27","59baa4f5178f1b00018289b2",2.33492032173684,0.265780673086037,0.231517941247474,0.36305063794875,-0.0617800757710682,0.128963823849584,0.476659301685287,"Male",57,"23.001£ to 30.500£","Further education",1.75,3.6,"right-leaning",6,5,1,1,1,4,1,1,4,1,5,6,1,2.58333333333333,3,1,2.5,2.5,3,3.5,1.294697,-0.22,-0.0575,2.282,0.2726,0,0,0,0
"28","59e4b3a1896cfc0001921095",2.59785887340921,1.36703524041971,1.07730787058938,0.48190801719081,0.525457584906849,0.590340556829839,0.791909189948859,"Male",52,"< 18.000£","Higher education (Bachelor, Master, PhD)",6,0.9,"left-leaning",1,7,6,6,7,7,4,5,5,6,7,6,5,5.91666666666667,6.5,6.5,5.5,5,6.5,5.5,0.1031,-0.22,-0.0575,0.955,0,0.1555,0,0,0.07775
"29","59f7876cbe9c0c0001486c7d",2.64217603476597,1.17585424743287,0.391664381118844,0.414870231947747,0.441303956469062,0.395791954214123,0.5713526020237,"Male",62,"< 18.000£","Compulsory education",4.25,3.2,"left-leaning",5,1,1,1,1,1,1,1,2,1,2,2,2,1.33333333333333,1,1,1,1.5,1.5,2,0.6988837,-0.11,-0.0575,2.282,0.2726,0.1555,0,0,0.07775
"30","5a01d867074b1900012512ef",2.57050374461896,0.694045588687052,0.985893749531314,0.90039498778664,0.617612240103679,0.961999303712651,1.55631489344174,"Female",30,"23.001£ to 30.500£","Further education",2.25,3.6,"left-leaning",5,5,1,5,1,7,1,1,6,1,7,5,1,3.41666666666667,3,3,4,3.5,4,3,1.294697,-0.22,-0.0575,2.282,0.2726,0,0,0.36,0
"31","5a04ccfef2e3460001edadef",2.5570790248598,1.44866174426026,0.936613885470242,0.410865310316462,0.50364272294648,0.59461963785993,0.959763620464858,"Female",68,"23.001£ to 30.500£","Compulsory education",5.75,2.9,"right-leaning",8,7,2,6,7,7,1,5,7,4,7,7,4,5.33333333333333,4.5,6.5,4,6,5.5,5.5,0.6988837,-0.11,-0.0575,1.234,1.0872,0,0,0,0
"32","5a75d51a0f1bce0001219703",2.40896065959765,-0.0650124708963158,1.09241647508892,0.5488394530272,0.277174086129081,0.696357712308096,1.33288369279885,"Female",66,"23.001£ to 30.500£","Compulsory education",6,3.3,"left-leaning",3,4,2,6,6,7,2,3,7,7,7,7,6,5.33333333333333,3,6,4.5,5,7,6.5,0.1031,-0.33,-0.0575,2.282,0.2726,0.1555,0,0.9,0.07775
"33","5a7ace61eea3d300016e07fd",2.61284186046971,0.490479973588206,1.59053054845845,0.423110498811411,0.551961533835047,0.947874867275798,1.55347563361633,"Male",69,"> 45.001£","Higher education (Bachelor, Master, PhD)",5.75,3.8,"left-leaning",5,7,6,6,5,7,5,7,7,7,7,7,5,6.33333333333333,6.5,5.5,6,7,7,6,0.6988837,-0.22,-0.0575,1.431,1.0872,0,0,0.9,0
"34","5a913c1e6475f900019f8e5c",2.56716514474975,1.00202217656869,1.69287878604492,0.224552832296371,0.307080461015759,0.622483589812232,0.8704314379549,"Male",65,"< 18.000£","Higher education (Bachelor, Master, PhD)",6,3.2,"left-leaning",2,7,7,7,7,7,7,7,7,7,7,7,7,7,7,7,7,7,7,7,0.6988837,-0.22,-0.0575,2.282,0.2726,0.1555,0.0729,0.36,0.1142
"35","5a9ca92b6219a30001f5351e",2.55553021109909,0.761253232833443,0.830080098735528,0.754767703194538,0.449656278130338,0.647113503745982,0.904499334858892,"Male",27,"< 18.000£","Higher education (Bachelor, Master, PhD)",4.5,4,"left-leaning",3,7,5,5,5,7,4,5,6,6,7,4,5,5.5,6,5,5.5,5.5,6.5,4.5,1.294697,-0.44,-0.0575,2.282,0,0.6201,0.2909,0,0.4555
"36","5ae5a3ff3ab2fb0001ef2b91",2.6319643330512,0.260936289179507,-0.950286116045037,0.253320401888912,0.176909884727721,-0.231954614004481,-0.31539980007599,"Male",34,"> 45.001£","Higher education (Bachelor, Master, PhD)",2,6,"right-leaning",10,2,1,1,1,2,1,1,4,1,7,5,1,2.25,1.5,1,1.5,2.5,4,3,1.294697,-0.44,-0.0575,2.282,1.0872,0.6201,0.2909,0.9,0.4555
"37","5ae8d7b596845f0001c7948d",2.5339708883705,0.737906912716424,1.18085648952703,0.797175038710668,0.618304898408372,0.783734353479082,1.09957353801242,"Female",59,"< 18.000£","Further education",4.25,3.4,"right-leaning",7,6,1,2,3,4,1,3,7,1,7,6,3,3.66666666666667,3.5,2.5,2.5,5,4,4.5,1.294697,-0.22,-0.0575,1.234,0.2726,0,0,0.9,0
"38","5aecb87ac09cd900015d7d7b",2.45080064660023,2.29976525872041,1.26758502668033,0.67808832384,0.316627545785497,0.661719847072716,0.974844341758747,"Male",32,"< 18.000£","Higher education (Bachelor, Master, PhD)",5.5,3.3,"left-leaning",4,4,3,6,5,7,1,2,5,4,4,5,3,4.08333333333333,3.5,5.5,4,3.5,4,4,1.294697,-0.22,-0.0575,2.282,0,0,0,0,0
"39","5af4579eb625f70001e0cfad",2.46621577929086,1.09876099842064,0.387587961793426,0.367698764287174,0.255715250029114,0.356659776496394,0.762510806754714,"Female",45,"30.501£ to 45.000£","Higher education (Bachelor, Master, PhD)",4.75,7.2,"right-leaning",6,6,2,2,1,5,3,2,4,2,4,3,2,3,4,1.5,4,3,3,2.5,1.294697,-0.33,-0.0575,2.282,0.2726,0.1555,0,3.59,0.07775
"40","5b03567dc573030001c36f1d",2.59716058051581,1.3736519589533,1.64042391261276,0.360099381862828,0.449585020957828,0.728022045639802,1.00239012183558,"Female",29,"< 18.000£","Higher education (Bachelor, Master, PhD)",6,4.2,"left-leaning",4,7,7,5,4,7,4,7,7,6,7,7,6,6.16666666666667,7,4.5,5.5,7,6.5,6.5,0.6988837,-0.22,-0.0575,0.955,0.2726,0.1555,0.2909,2.07,0.2232
"41","5b1386089663ee0001461b6e",2.54938148195725,1.54237476810506,0.878289863475968,0.573271111279597,0.596527432828097,0.688641530768404,1.08656718220218,"Male",49,"> 45.001£","Higher education (Bachelor, Master, PhD)",6,2.1,"left-leaning",3,7,5,7,6,7,3,2,7,5,7,7,5,5.66666666666667,6,6.5,5,4.5,6,6,0.1031,-0.22,-0.0575,2.282,0,0,0,0,0
"42","5b14265d30d562000155ea04",2.5155234452948,2.01426341285202,0.529549328801366,0.933325028024016,0.49182573869594,0.730242544903192,1.1876580376717,"Male",44,"30.501£ to 45.000£","Higher education (Bachelor, Master, PhD)",5.5,3.7,"right-leaning",6,7,2,7,4,7,1,1,6,4,6,7,3,4.58333333333333,4.5,5.5,4,3.5,5,5,1.294697,-0.33,-0.0575,2.282,0.2726,0,0.2909,0,0.14545
"43","5b1562981e55760001ba1e64",2.50068534339418,3.03179217820092,0.744441650747034,0.790398792091806,0.355613435251057,0.597566752753316,0.873832271617209,"Male",60,"23.001£ to 30.500£","Higher education (Bachelor, Master, PhD)",5,3.6,"right-leaning",6,7,6,7,7,6,7,4,7,1,4,4,6,5.5,6.5,7,6.5,5.5,2.5,5,1.294697,-0.22,-0.0575,2.282,0.2726,0,0,0.36,0
"44","5b19a21bfceed30001b57e6e",2.62030978532242,0.482657498540425,0.655173153936721,0.554384824951157,0.50692895329529,0.538915464410815,0.757753834759881,"Female",31,"30.501£ to 45.000£","Higher education (Bachelor, Master, PhD)",5.5,4.5,"right-leaning",6,7,4,5,1,7,1,1,6,6,7,6,4,4.58333333333333,5.5,3,4,3.5,6.5,5,1.294697,-0.22,-0.0575,2.282,0.2726,0,0,0.9,0
"45","5b2c0994f1ca3c000190196a",2.58570983538007,1.21353095144258,1.73631651804054,0.667392893575271,0.691588698978887,1.12099189260233,1.76503716447166,"Female",39,"30.501£ to 45.000£","Higher education (Bachelor, Master, PhD)",6,2.4,"right-leaning",7,3,4,5,6,6,4,7,6,7,7,7,7,5.75,3.5,5.5,5,6.5,7,7,1.294697,-0.33,-0.0575,1.234,0.2726,0,0,0,0
"46","5b4b0e8d94020800016323ed",2.44196603172291,1.65612231816421,1.32122098790431,0.665942887501834,0.0636323254894748,0.571449383657482,0.782208909794673,"Male",41,"30.501£ to 45.000£","Further education",5,5,"left-leaning",5,7,5,4,3,7,3,4,4,2,7,5,3,4.5,6,3.5,5,4,4.5,4,0.6988837,-0.22,-0.0575,2.282,0,0.1555,0.0729,2.07,0.1142
"47","5b4ce12a1fa5830001016869",2.5041183604793,1.23470593284413,0.949143107523646,0.312567264326064,0.303908145276519,0.518123764936638,0.924710067341698,"Male",48,"< 18.000£","Further education",2,3.9,"right-leaning",9,5,1,5,1,5,1,1,3,1,7,3,1,2.83333333333333,3,3,3,2,4,2,1.294697,-0.11,-0.0575,2.282,0.2726,0.1555,0.0729,0,0.1142
"48","5b90696e50f7ce00016007aa",2.55968694645336,-0.309075210875285,1.2762997697318,0.0597304087993795,0.50371130025164,0.571387312563054,1.02600054089284,"Male",71,"> 45.001£","Higher education (Bachelor, Master, PhD)",1,17.1,"right-leaning",6,7,1,1,1,1,1,1,1,1,5,1,1,1.83333333333333,4,1,1,1,3,1,1.294697,-0.44,-0.0575,2.282,0.2726,0.1555,0.0729,13.48,0.1142
"49","5b9d05862299630001406f88",2.52757977581545,0.907557738794013,1.37582815843344,0.574412549004224,0.285711289307847,0.736496627242947,1.12163796115044,"Female",64,"< 18.000£","Further education",6,1.9,"left-leaning",2,7,7,4,5,6,6,7,4,6,7,5,7,5.91666666666667,7,4.5,6,5.5,6.5,6,0.6988837,-0.44,-0.0575,1.431,0,0.1555,0.0729,0.36,0.1142
"50","5bad50b93d5a320001f632f6",2.55593387070462,1.66825182743149,0.615916114091274,0.801173703946273,0.262694296424738,0.576837386552285,0.831958195900627,"Female",33,"> 45.001£","Higher education (Bachelor, Master, PhD)",6,4.2,"right-leaning",8,7,5,5,5,5,3,3,4,6,7,5,6,5.08333333333333,6,5,4,3.5,6.5,5.5,1.294697,-0.44,-0.0575,1.234,2.0414,0.1555,0,0,0.07775
"51","5bec992f398eb00001a24ace",2.51727418391711,1.28796241279352,0.996089750618873,1.18488304458998,0.92673627204966,0.907344774821863,1.19959253736748,"Male",27,"< 18.000£","Further education",4,2.9,"left-leaning",5,7,5,4,3,5,1,1,6,1,5,6,1,3.75,6,3.5,3,3.5,3,3.5,0.6988837,0,-0.0575,2.282,0,0,0,0,0
"52","5c083bf7133f8700012f74fe",2.55567407716596,0.657567847385424,1.0160568626054,0.64681568274469,0.62486596575099,0.800226583951942,1.2910972090477,"Female",46,"< 18.000£","Higher education (Bachelor, Master, PhD)",5.75,2.2,"right-leaning",6,4,4,5,4,5,4,4,5,4,7,4,3,4.41666666666667,4,4.5,4.5,4.5,5.5,3.5,0.1031,-0.44,-0.0575,2.282,0.2726,0,0,0,0
"53","5c097fbac15a020001bb0720",2.37658094186272,1.09788706913291,0.441467357729247,0.502802502311906,0.125533827584692,0.326871519886646,0.710900495824281,"Female",49,"< 18.000£","Further education",1.5,3.6,"right-leaning",8,7,1,6,2,6,1,1,7,1,7,7,1,3.91666666666667,4,4,3.5,4,4,4,1.294697,-0.11,-0.0575,1.431,1.0872,0,0,0,0
"54","5c1a9e662e3e4200018d9ff6",2.60819300260249,0.371540214077044,-0.215142386363676,0.556415976658,0.327907964641267,0.233824715871005,0.374894961114609,"Female",24,"30.501£ to 45.000£","Higher education (Bachelor, Master, PhD)",5,10.8,"right-leaning",6,7,6,6,3,6,1,3,6,4,6,7,4,4.91666666666667,6.5,4.5,3.5,4.5,5,5.5,1.294697,0,0,2.282,0.2726,0.1555,0.0729,6.74,0.1142
"55","5c3baa275a88cc000189ef36",2.35217009083917,0.377194280632299,0.325657118087144,0.436764155230693,0.0169113466273854,0.208881018654879,0.556916292823723,"Male",45,"> 45.001£","Higher education (Bachelor, Master, PhD)",2,7.1,"right-leaning",6,7,2,7,1,7,1,1,7,1,7,7,1,4.08333333333333,4.5,4,4,4,4,4,1.294697,-0.22,-0.0575,2.282,0,0.1555,0.0729,3.59,0.1142
"56","5c3d48955fd1050001a99364",2.49067100545063,0.492337744579374,-0.422149716815018,0.891726523403743,0.406547151878599,0.460923923521599,0.999461749253802,"Female",33,"18.000£ to 23.000£","Compulsory education",2.5,7.6,"left-leaning",4,7,1,7,4,4,1,4,4,4,7,4,1,4,4,5.5,2.5,4,5.5,2.5,1.294697,-0.22,-0.0575,2.282,4.0896,0.1555,0.0729,0,0.1142
"57","5c49d339b43d260001e4dbcb",2.52744213786337,-0.114070536924255,0.254225477154855,0.507085920668305,0.302514800905596,0.283331832718056,0.475239356159438,"Male",46,"> 45.001£","Compulsory education",6,6.3,"left-leaning",5,5,4,5,5,5,5,4,5,5,5,5,5,4.83333333333333,4.5,5,5,4.5,5,5,1.294697,-0.11,-0.0575,2.282,2.0414,0,0,0.9,0
"58","5c49e145e97243000194bace",2.43289198237087,-1.50601359139016,-0.410511069830653,-0.436890640419156,0.218693142690786,-0.320569084369228,-0.0577065317649671,"Female",38,"< 18.000£","Further education",3.75,6.8,"right-leaning",6,4,2,1,4,4,1,1,4,1,4,4,4,2.83333333333333,3,2.5,2.5,2.5,2.5,4,1.294697,-0.22,-0.0575,2.282,3.27168,0.1555,0.0729,0.36,0.1142
"59","5c51d3e6a163ac0001721273",2.501960567789,0.81050228710272,0.641781718920851,0.584627599558203,0.398630134524292,0.563097609923397,0.983368230375289,"Male",47,"18.000£ to 23.000£","Higher education (Bachelor, Master, PhD)",5.75,2.1,"left-leaning",4,6,2,6,6,6,2,6,7,3,7,7,5,5.25,4,6,4,6.5,5,6,0.1031,-0.22,-0.0575,1.234,1.0872,0,0,0,0
"60","5c582f95caffa2000175bc72",2.49697744731512,1.66476882653264,0.718398679427905,0.538852485513325,0.256562009181564,0.454916968596402,0.715486353021007,"Female",37,"< 18.000£","Further education",4.5,6.9,"left-leaning",5,6,3,4,3,6,2,2,6,2,6,7,3,4.16666666666667,4.5,3.5,4,4,4,5,1.294697,0,-0.0575,2.282,1.0872,0.1555,0.0729,2.07,0.1142
"61","5c780b32f2fe9400169291fb",2.44204124031865,-0.00190870549157829,0.338328863995406,0.300358533241773,-0.0313007617128191,0.161254645956093,0.422580275034708,"Male",47,"30.501£ to 45.000£","Further education",3,6.8,"right-leaning",9,4,1,1,1,3,1,1,2,1,6,2,1,2,2.5,1,2,1.5,3.5,1.5,0.6988837,-0.22,-0.0575,2.282,4.0896,0,0,0,0
"62","5c7fb5f2e87c1c00168a7de3",2.58360129854883,2.18098896786611,0.49321525411935,0.677865212120539,0.394312046159479,0.488215242106932,0.667620094284899,"Male",64,"18.000£ to 23.000£","Higher education (Bachelor, Master, PhD)",6,2.1,"left-leaning",3,7,7,7,7,7,5,7,7,7,7,7,7,6.83333333333333,7,7,6,7,7,7,1.294697,-0.33,-0.0575,1.234,0,0,0,0,0
"63","5c8a2d11f7ab04001042af3c",2.5027279148744,0.500570799125408,1.39714925909407,0.481025326004744,0.446098507061732,0.674286438937295,1.02616847014812,"Male",29,"< 18.000£","Higher education (Bachelor, Master, PhD)",5.25,4,"left-leaning",3,6,4,4,3,6,4,2,4,2,6,5,3,4.08333333333333,5,3.5,5,3,4,4,0.6988837,-0.33,-0.0575,2.282,0.2726,0.1555,0.0729,0.9,0.1142
"64","5c93b062c9d93b0015fcbc02",2.46612420787632,0.958460008526515,0.504112667102507,0.5269713827563,0.520194949107601,0.596648923534466,1.19848587764991,"Female",40,"< 18.000£","Higher education (Bachelor, Master, PhD)",6,3,"left-leaning",5,7,3,7,4,7,1,1,4,5,7,7,4,4.75,5,5.5,4,2.5,6,5.5,0.6988837,-0.22,-0.0575,2.282,0.2726,0,0,0,0
"65","5caa0d17f1622b001256f767",2.44445926243693,0.780396793114969,0.101208476637387,0.612049230446102,0.196428512598477,0.334028556372162,0.711096542643579,"Female",39,"< 18.000£","Compulsory education",5.75,6.8,"left-leaning",4,6,3,3,2,6,3,3,6,2,6,6,2,4,4.5,2.5,4.5,4.5,4,4,0.1031,-0.22,-0.0575,2.282,1.0872,0,0,3.59,0
"66","5cb001bac900f300128b3171",2.5903380590275,-0.235055405546209,0.687771086418714,0.401233344388696,0.679315269725086,0.516603943025319,0.804336006736728,"Female",37,"< 18.000£","Further education",6,4.1,"right-leaning",6,4,5,5,3,7,2,7,5,5,7,5,7,5.16666666666667,4.5,4,4.5,6,6,6,1.294697,-0.44,-0.0575,1.053,0,0.1555,0.0729,2.07,0.1142
"67","5cb9051d43630e00018afa56",2.56467225787321,2.56500844254338,0.914887151134429,0.744286770889847,0.115739742448477,0.487051636875863,0.5138970840847,"Male",42,"30.501£ to 45.000£","Higher education (Bachelor, Master, PhD)",1.75,10.1,"right-leaning",9,3,1,5,5,3,3,1,5,6,6,3,3,3.66666666666667,2,5,3,3,6,3,1.294697,-0.11,0,2.282,1.0872,1.11645,0.8755,3.59,0.995975
"68","5ccf4c5db46c7000170d7f5a",2.42280849182433,0.760112975585434,0.3016883262689,0.837471167355101,0.236288003673853,0.425635384982934,0.719803048232882,"Female",22,"< 18.000£","Higher education (Bachelor, Master, PhD)",4.5,7.3,"left-leaning",4,7,4,5,1,5,2,1,4,3,5,5,2,3.66666666666667,5.5,3,3.5,2.5,4,3.5,1.294697,-0.22,-0.0575,2.282,0,0.1555,0.2909,3.59,0.2232
"69","5cd01e707e84a20017fddc02",2.53973460685093,0.97898416856837,0.829132968933615,0.487547295919044,0.142389152266444,0.519739511110533,0.859470927263299,"Female",66,"< 18.000£","Higher education (Bachelor, Master, PhD)",2.25,5,"right-leaning",6,7,3,3,1,5,1,1,4,5,7,7,3,3.91666666666667,5,2,3,2.5,6,5,0.6988837,-0.22,-0.0575,2.282,0,0.1555,0.0729,2.07,0.1142
"70","5ce046f0feca32001bf94033",2.63675298389608,0.923598428635174,0.559114824950722,0.637513242862203,0.661943072167765,0.573283225510538,0.787539265590546,"Female",36,"< 18.000£","Compulsory education",6,3.8,"left-leaning",3,7,5,5,5,6,2,3,3,4,7,5,4,4.66666666666667,6,5,4,3,5.5,4.5,1.294697,-0.22,-0.0575,2.282,0.2726,0.1555,0.0729,0.36,0.1142
"71","5cf62554ba314a001b11b8c4",2.44707558183474,0.396752157995946,0.537432468211615,0.161342858054749,0.420192833900462,0.325539325249191,0.761991977554377,"Female",51,"< 18.000£","Higher education (Bachelor, Master, PhD)",6,4.9,"left-leaning",3,5,5,5,5,5,5,5,5,5,5,5,5,5,5,5,5,5,5,5,0.6988837,-0.11,-0.0575,2.282,2.0414,0,0,0,0
"72","5d31c201c88f0e001a4c3cb3",2.60305974256621,0.529129833560071,0.445074002624726,0.243791730207445,0.301469886258334,0.252431816911517,0.382795896441952,"Male",62,"23.001£ to 30.500£","Compulsory education",2.75,3.3,"right-leaning",9,6,1,4,4,3,1,1,1,1,7,4,1,2.83333333333333,3.5,4,2,1,4,2.5,1.294697,-0.44,-0.0575,2.282,0.2726,0,0,0,0
"73","5d380e7c0322fd0018f3f9cd",2.6158763511837,0.63268632704236,1.78537457714222,0.101544857260649,0.676462734016391,0.807161622643371,1.26937009820444,"Female",30,"23.001£ to 30.500£","Higher education (Bachelor, Master, PhD)",4.75,5.4,"left-leaning",4,6,3,6,1,6,1,1,1,2,6,4,1,3.16666666666667,4.5,3.5,3.5,1,4,2.5,1.294697,-0.11,-0.0575,2.282,1.0872,0,0,0.9,0
"74","5d51c2618bdb8000193f36d2",2.48340413149006,0.195411746102715,0.468369699799583,0.43687799400735,0.280181533978042,0.510839833214577,1.0891491859783,"Male",32,"> 45.001£","Further education",5,4.9,"left-leaning",5,6,1,2,2,6,1,1,1,2,5,4,1,2.66666666666667,3.5,2,3.5,1,3.5,2.5,0.6988837,-0.11,-0.0575,2.282,2.0414,0,0,0,0
"75","5d531d67c208c0000167ff54",2.50973318010853,1.81358928660358,1.1462662111622,0.846548386059098,0.384058453759783,0.785067029065375,1.15156152900526,"Female",56,"23.001£ to 30.500£","Further education",6,2.2,"right-leaning",6,7,4,4,7,7,4,3,7,5,7,7,7,5.75,5.5,5.5,5.5,5,6,7,0.1031,-0.44,-0.0575,2.282,0.2726,0,0,0,0
"76","5d53bf0c2ebe880001a473d2",2.53760542888589,0.692823028532205,0.853537588988954,0.0319678339623978,-0.000254575305077165,0.197075248224949,0.327008759642025,"Female",41,"23.001£ to 30.500£","Higher education (Bachelor, Master, PhD)",4.75,7.4,"left-leaning",2,7,3,2,2,2,1,4,5,3,7,7,4,3.91666666666667,5,2,1.5,4.5,5,5.5,1.294697,-0.22,-0.0575,1.431,1.0872,0.1555,0.0729,3.59,0.1142
"77","5d5455ee69f96b00164f77c7",2.50704941987375,1.30876965622014,0.241410371919552,0.703387678460846,0.258517234741147,0.425142873523767,0.723424433644226,"Female",38,"< 18.000£","Higher education (Bachelor, Master, PhD)",5.25,1.7,"left-leaning",1,7,4,5,5,7,3,5,7,4,5,6,4,5.16666666666667,5.5,5,5,6,4.5,5,0.6988837,-0.11,-0.0575,1.053,0,0.1555,0,0.36,0.07775
"78","5d5ab7dd5c65830001b05441",2.53043897228773,1.47293871553444,0.990897058667922,1.07504974231438,0.66242166335382,0.886351169904522,1.24485807696766,"Female",36,"23.001£ to 30.500£","Further education",4.75,4.1,"left-leaning",4,6,2,5,6,7,5,5,6,5,7,6,5,5.41666666666667,4,5.5,6,5.5,6,5.5,0.6988837,-0.11,-0.0575,2.282,1.0872,0.1555,0,0,0.07775
"79","5d753206869c8f0001b358dd",2.57648883507295,1.95994452219081,1.01266173649312,0.66802487367736,0.333055201104039,0.603687544175879,0.773331197337564,"Female",39,"< 18.000£","Higher education (Bachelor, Master, PhD)",3.5,1.5,"left-leaning",5,5,4,5,4,6,4,4,5,5,6,5,4,4.75,4.5,4.5,5,4.5,5.5,4.5,0.1031,-0.22,-0.0575,1.431,0.2726,0,0,0,0
"80","5d867e7268f35d00167729d4",2.55236893849016,1.51648525437587,1.51588955463717,1.08133752259941,0.539324251124449,1.09642903239985,1.5679904040216,"Female",50,"23.001£ to 30.500£","Further education",5.25,11.1,"left-leaning",4,4,4,5,3,5,2,2,6,4,7,7,4,4.41666666666667,4,4,3.5,4,5.5,5.5,1.294697,-0.22,-0.0575,2.282,1.0872,0,0,6.74,0
"81","5d8b8137604bb000150db6d9",2.6314583228283,0.348577586261937,0.468366313744394,0.719883276502246,0.806844082253017,0.665736518142519,0.991172713620913,"Male",19,"18.000£ to 23.000£","Compulsory education",3.75,3.6,"right-leaning",6,3,1,3,2,5,1,1,4,1,4,4,1,2.5,2,2.5,3,2.5,2.5,2.5,1.294697,-0.22,-0.0575,2.282,0.2726,0,0,0,0
"82","5da9633472811e0014ed4256",2.60782442610851,0.98752234733523,0.892589295990044,0.478657191162051,0.485961483717776,0.605480113900768,0.899966585450338,"Male",68,"< 18.000£","Further education",6,3.1,"left-leaning",5,6,6,6,6,7,4,4,5,7,7,7,6,5.91666666666667,6,6,5.5,4.5,7,6.5,0.1031,-0.33,-0.0575,2.282,1.0872,0,0,0,0
"83","5dc860e9dcc83f5d2d85ec67",2.62920204189664,0.39526884000085,1.48214686068874,0.488029021793603,0.61835443689446,0.813528714286131,1.15259680313551,"Female",41,"< 18.000£","Higher education (Bachelor, Master, PhD)",5,3.3,"left-leaning",5,7,5,5,5,6,4,7,7,7,7,7,5,6,6,5,5,7,7,6,1.294697,-0.22,-0.0575,0.955,0.2726,0.1555,0,0.9,0.07775
"84","5de78a8e36d8257071f28d9f",2.51575156906718,2.6772615614439,1.08275378390672,0.697199626628045,0.411649497374621,0.683826908842741,0.985966845696354,"Male",59,"> 45.001£","Compulsory education",6,2.6,"right-leaning",6,7,5,5,6,7,2,2,6,4,7,7,7,5.41666666666667,6,5.5,4.5,4,5.5,7,1.294697,-0.11,-0.0575,1.053,0.2726,0.1555,0,0,0.07775
"85","5dee0f970fdb274ae30f0846",2.52348764981086,0.842674472751973,0.929944222841556,0.534198626351472,0.584039506022402,0.760724227235164,1.36600308292012,"Male",51,"> 45.001£","Higher education (Bachelor, Master, PhD)",2.75,3.3,"right-leaning",7,6,2,4,4,5,4,3,4,6,6,5,6,4.58333333333333,4,4,4.5,3.5,6,5.5,0.1031,-0.44,-0.0575,2.282,0.2726,0.1555,0.0729,0.9,0.1142
"86","5e07b62f3ccda211e4485812",2.61483353880504,0.686396562496679,1.55956586121292,0.531948618006923,0.441229060768252,1.02955086736832,1.71719305971697,"Female",54,"< 18.000£","Higher education (Bachelor, Master, PhD)",5.5,3.6,"left-leaning",5,7,5,5,4,6,5,5,6,4,7,7,4,5.41666666666667,6,4.5,5.5,5.5,5.5,5.5,1.294697,-0.22,-0.0575,1.234,1.0872,0.1555,0.0729,0.36,0.1142
"87","5e0a2c6ca1f3612bc1edd2bc",2.53377550339358,0.528718632127837,1.44545859411336,0.803122188643989,0.608323554216134,0.973873785796245,1.48913570449032,"Female",42,"> 45.001£","Higher education (Bachelor, Master, PhD)",5.25,5.6,"left-leaning",5,7,4,4,2,7,4,5,6,4,6,4,4,4.75,5.5,3,5.5,5.5,5,4,0.6988837,-0.11,-0.0575,2.282,0.2726,0.1555,0.2909,2.07,0.2232
"88","5e16ef52a2c696c9ecf3c849",2.51170248926537,0.975542217553388,0.500399419239249,0.731806488218471,0.302721854256949,0.513815142782935,0.8168773541061,"Male",57,"30.501£ to 45.000£","Compulsory education",2,6.3,"right-leaning",6,4,1,1,1,4,1,1,1,2,7,6,1,2.5,2.5,1,2.5,1,4.5,3.5,1.294697,-0.33,-0.0575,2.282,1.0872,0,0,2.07,0
"89","5e206b02d63ca0000bc99207",2.46801754912423,-0.172236860189616,-0.170575338320226,0.718136470345089,0.664315129338808,0.613137040356321,1.36948974031954,"Female",34,"18.000£ to 23.000£","Further education",5.5,3.6,"left-leaning",3,7,5,7,7,7,1,1,7,7,7,7,7,5.83333333333333,6,7,4,4,7,7,1.294697,-0.22,-0.0575,2.282,0.2726,0,0,0,0
"90","5e3ec7559b43781188725eea",2.56791494595039,0.395456421677365,0.749944077363625,0.590477739703334,0.423068471712745,0.694861229518158,1.2005202662415,"Female",32,"> 45.001£","Higher education (Bachelor, Master, PhD)",4.75,4.5,"right-leaning",7,5,4,5,2,6,3,3,5,5,5,6,4,4.41666666666667,4.5,3.5,4.5,4,5,5,1.294697,-0.22,-0.0575,2.282,0.2726,0,0,0.9,0
"91","5e510d0760dd0913e45370dc",2.48137616996281,0.340236035099589,1.5160108085793,0.803423549305567,0.417888887529636,0.944344690882343,1.4968430179068,"Female",68,"< 18.000£","Compulsory education",6,3.7,"right-leaning",7,6,5,4,4,6,4,2,5,4,7,5,5,4.75,5.5,4,5,3.5,5.5,5,0.6988837,-0.44,-0.0575,2.282,0.2726,0,0,0.9,0
"92","5e67f9a00785170a0fc039b2",2.6448251990578,1.15999046388588,0.726383864526256,0.533668756456638,0.581624906450079,0.66653763111584,1.01749744383012,"Male",45,"23.001£ to 30.500£","Further education",4,4.1,"left-leaning",5,7,3,2,1,7,1,1,3,6,6,6,2,3.75,5,1.5,4,2,6,4,0.6988837,0,-0.0575,2.282,0.2726,0,0,0.9,0
"93","5e766b0ba02ca51dfa1de797",2.51609717427466,0.939807516696075,1.25537722345469,0.360474457040064,0.73909333842949,0.679118221459758,1.0942367169603,"Male",60,"> 45.001£","Higher education (Bachelor, Master, PhD)",5.75,1.8,"left-leaning",5,5,7,7,7,7,1,4,2,4,7,7,7,5.41666666666667,6,7,4,3,5.5,7,0.6988837,-0.33,-0.0575,1.234,0.2726,0,0,0.36,0
"94","5e8f28c5d73dcd03c21314dc",2.64251292022339,2.68687735903618,0.975663311511909,0.716207517849802,0.492741091057951,0.706613647110979,0.907048179485854,"Female",46,"30.501£ to 45.000£","Higher education (Bachelor, Master, PhD)",6,3.5,"left-leaning",4,7,6,6,7,7,4,5,6,5,7,6,7,6.08333333333333,6.5,6.5,5.5,5.5,6,6.5,0.6988837,-0.33,-0.0575,2.282,0,0.6201,0.2909,0,0.4555
"95","5e9f0bc126557006ea49d1f4",2.55394113857105,1.00412619930586,-0.721402770399193,0.567971906957372,-0.0785296256726304,-0.0443406961276777,0.011594709676677,"Male",69,"> 45.001£","Higher education (Bachelor, Master, PhD)",1.75,2.3,"right-leaning",6,4,2,3,2,5,1,1,1,1,5,4,1,2.5,3,2.5,3,1,3,2.5,0.1031,-0.33,-0.0575,2.282,0.2726,0,0,0,0
"96","5ea051f6ef1e88000bbae035",2.42741778479473,0.903817490387857,1.11774277083585,0.467859556155957,0.16225652813313,0.532638548215102,0.917413086407119,"Male",71,"< 18.000£","Compulsory education",2.25,5.5,"right-leaning",6,5,1,4,1,5,1,1,5,1,5,5,3,3.08333333333333,3,2.5,3,3,3,4,1.294697,-0.33,-0.0575,2.282,0.2726,0,0,2.07,0
"97","5ea31e2cfe333e274552c8d6",2.52365546278821,1.11773931974612,0.958200705504585,0.305898599914696,0.220870671848376,0.439561529786801,0.719040921635625,"Female",73,"18.000£ to 23.000£","Higher education (Bachelor, Master, PhD)",4,3.7,"left-leaning",5,7,5,3,3,5,4,3,4,4,4,4,5,4.25,6,3,4.5,3.5,4,4.5,1.294697,-0.33,-0.0575,2.282,0.2726,0.1555,0.0729,0,0.1142
"98","5eaab7bc385332016e089dda",2.57075734918683,1.04187831802577,0.548903493993666,0.956934454118727,0.631343819369118,0.842251064017053,1.3796079797875,"Male",37,"23.001£ to 30.500£","Higher education (Bachelor, Master, PhD)",4,4.8,"right-leaning",8,6,3,5,4,6,3,2,5,2,6,6,5,4.41666666666667,4.5,4.5,4.5,3.5,4,5.5,0.6988837,-0.22,-0.0575,2.282,1.0872,0.1555,0,0.9,0.07775
"99","5eac2b53f9860926271f3436",2.478672883857,1.02629206293613,0.24928782168405,0.699104550808879,0.295731185096027,0.387135756580037,0.654523482252265,"Male",24,"< 18.000£","Higher education (Bachelor, Master, PhD)",5,4.5,"right-leaning",6,7,1,6,3,7,3,4,5,5,6,6,6,4.91666666666667,4,4.5,5,4.5,5.5,6,1.294697,-0.22,-0.0575,2.282,0.2726,0,0.0729,0.9,0.03645
"100","5ead6fe25ed0c73fa418e825",2.54123252611341,2.20484206427622,1.45714065619017,0.611238931010032,0.493606512394051,0.858165267553747,1.31453926970192,"Female",35,"< 18.000£","Higher education (Bachelor, Master, PhD)",5.5,2.2,"left-leaning",4,6,3,5,4,6,4,6,6,5,6,6,4,5.08333333333333,4.5,4.5,5,6,5.5,5,0.1031,-0.22,-0.0575,1.053,1.0872,0.1555,0.0729,0.36,0.1142
"101","5eaf0f7a12e7015e515672f5",2.52521136463115,0.212028780102968,1.01659295115324,0.244115675573861,0.368840907506045,0.597972004372835,1.15621313689606,"Female",21,"> 45.001£","Higher education (Bachelor, Master, PhD)",4.25,9.8,"left-leaning",5,7,3,4,1,2,1,1,2,3,5,4,1,2.83333333333333,5,2.5,1.5,1.5,4,2.5,0.6988837,-0.11,-0.0575,2.282,0,0.1555,0.0729,6.74,0.1142
"102","5ebe6f716af68007472aff9a",2.37781280118412,0.540324786242585,0.833621927096507,0.410015741343461,0.17592680592672,0.446786363179644,0.929997854923892,"Female",56,"30.501£ to 45.000£","Higher education (Bachelor, Master, PhD)",6,2.6,"left-leaning",4,7,2,7,5,7,4,4,7,6,7,7,6,5.75,4.5,6,5.5,5.5,6.5,6.5,0.6988837,-0.33,-0.0575,1.234,1.0872,0,0,0,0
"103","5ec28a6332a7510637436a57",2.43826783639537,0.618222074796142,0.660185781647164,0.328289218451996,0.31876111456995,0.62377907706488,1.42287533662212,"Female",48,"> 45.001£","Higher education (Bachelor, Master, PhD)",1,9.9,"right-leaning",7,6,1,1,1,3,1,1,2,1,6,4,1,2.33333333333333,3.5,1,2,1.5,3.5,2.5,0.6988837,0,-0.0575,2.282,0.2726,0,0,6.74,0
"104","5ecae23b40dae00008174c32",2.54967996195112,1.61720470021833,1.22211877390593,0.818684286908228,0.776504349447353,0.831428645230962,1.14001310184394,"Male",52,"23.001£ to 30.500£","Higher education (Bachelor, Master, PhD)",4.75,3.3,"right-leaning",7,7,3,4,3,6,5,2,3,7,7,5,5,4.75,5,3.5,5.5,2.5,7,5,0.1031,-0.22,-0.0575,2.282,0.2726,0,0,0.9,0
"105","5ecb75a89b41896d3d07e48c",2.57534385838415,1.32275341807898,0.834531154770301,0.505821349226696,0.389843510156323,0.601671067985196,0.945811004934343,"Female",29,"< 18.000£","Compulsory education",5.75,5,"right-leaning",8,5,2,3,5,6,1,1,3,5,6,6,6,4.08333333333333,3.5,4,3.5,2,5.5,6,0.6988837,-0.22,-0.0575,2.282,2.0414,0.1555,0.0729,0.36,0.1142
"106","5edac0f64bdac171a36a04fb",2.54840975586609,1.36386936396345,0.412165771400757,0.551581812958753,0.362495719988859,0.50374900360981,0.888700163772684,"Male",30,"< 18.000£","Higher education (Bachelor, Master, PhD)",3.75,3.6,"left-leaning",5,7,3,3,3,5,2,1,4,5,6,5,3,3.91666666666667,5,3,3.5,2.5,5.5,4,0.6988837,-0.44,-0.0575,2.282,1.0872,0,0,0.36,0
"107","5edec1fe543b8816c672b069",2.54644037960754,1.25527568185537,1.55604280811107,1.08148442342076,1.00146705301395,1.16633319588825,1.67168612425967,"Male",29,"18.000£ to 23.000£","Higher education (Bachelor, Master, PhD)",3.75,3.1,"right-leaning",8,5,3,2,2,5,1,1,1,3,6,5,2,3,4,2,3,1,4.5,3.5,0.6988837,-0.11,-0.0575,2.282,0.2726,0,0,0,0
"108","5efa06a1126bfa7f11506169",2.57365713865115,2.84086713235695,0.96760175910903,0.835798601196889,0.314296089332144,0.740117795386082,1.04733196068497,"Female",41,"30.501£ to 45.000£","Higher education (Bachelor, Master, PhD)",6,5.5,"left-leaning",3,7,5,7,6,7,2,5,6,6,6,6,5,5.66666666666667,6,6.5,4.5,5.5,6,5.5,0.6988837,-0.22,-0.0575,0.955,0.2726,0.1555,0.0729,3.59,0.1142
"109","5f19675f002f9a01e273dc57",2.59258029930532,2.1567548425814,1.48734517369629,0.564626022745581,0.513908828278352,0.848142542367992,1.24288919106795,"Female",52,"< 18.000£","Higher education (Bachelor, Master, PhD)",5.75,5.3,"left-leaning",3,7,4,4,1,4,5,5,5,6,7,6,6,5,5.5,2.5,4.5,5,6.5,6,1.294697,-0.44,-0.0575,2.282,0,0.1555,0,2.07,0.07775
"110","5f2b3239b986da551f26bec7",2.48386971803819,0.543888431652792,0.509976246256662,0.440237435643953,0.707402049898529,0.450466723233041,0.818325281962937,"Male",33,"30.501£ to 45.000£","Further education",3.25,2,"right-leaning",6,6,3,2,1,5,1,1,1,1,6,6,1,2.83333333333333,4.5,1.5,3,1,3.5,3.5,0.6988837,0,-0.0575,1.053,0.2726,0,0,0,0
"111","5f4650bde0e1d7016717bb5e",2.49779251508234,1.05029917076968,0.956302652549123,0.566164233687016,0.304218298879558,0.564612354792057,0.872633272228502,"Female",50,"30.501£ to 45.000£","Higher education (Bachelor, Master, PhD)",5.5,9.1,"left-leaning",4,7,4,7,2,6,2,2,2,5,7,6,3,4.41666666666667,5.5,4.5,4,2,6,4.5,1.294697,-0.22,-0.0575,2.282,1.0872,1.11645,0,3.59,0.558225
"112","5f490578022f3f2d80b83975",2.48515016657198,1.37780153476674,1.52301993255769,0.613324022507514,0.336236099061997,0.86504836582727,1.40719230466128,"Female",44,"< 18.000£","Further education",4,3.7,"left-leaning",4,7,1,5,3,6,1,1,7,1,7,7,1,3.91666666666667,4,4,3.5,4,4,4,1.294697,-0.11,-0.0575,2.282,0.2726,0,0,0,0
"113","5f4eae624562c70dbee13cd2",2.47558379524192,1.85479281233564,0.503573199443525,0.697136561644482,0.223312964471286,0.431761676151706,0.679008078515244,"Female",58,"23.001£ to 30.500£","Higher education (Bachelor, Master, PhD)",6,4.2,"left-leaning",4,7,4,6,6,7,5,6,7,5,7,7,6,6.08333333333333,5.5,6,6,6.5,6,6.5,0.1031,-0.33,-0.0575,1.431,0.2726,0.6201,0.0729,2.07,0.3465
"114","5f5a785cfbf1061461451d9a",2.459850368558,2.08922422641446,0.38412468554602,0.826858254800209,0.341148027615523,0.512085803062942,0.84078727369285,"Female",55,"30.501£ to 45.000£","Higher education (Bachelor, Master, PhD)",4.75,9.3,"right-leaning",6,7,3,4,1,5,1,1,7,6,7,7,1,4.16666666666667,5,2.5,3,4,6.5,4,0.6988837,0,-0.0575,2.282,0,1.8662,0.8755,3.59,1.37085
"115","5f70670e26f83062b8e73a09",2.44847062313372,0.164611670229762,0.314435015399296,0.134058656558176,0.144995409593446,0.202544814649098,0.599215600826557,"Female",57,"> 45.001£","Higher education (Bachelor, Master, PhD)",5.75,2.7,"right-leaning",6,7,5,5,5,6,1,5,5,5,6,6,4,5,6,5,3.5,5,5.5,5,0.6988837,-0.11,-0.0575,1.053,1.0872,0,0,0,0
"116","5fa450d5cec1de08e31b8a58",2.64095499012325,0.817405183602992,1.08519479368902,1.16655183481181,0.787652520393073,1.11936601257332,1.59524893605331,"Male",43,"23.001£ to 30.500£","Higher education (Bachelor, Master, PhD)",2.75,5.3,"left-leaning",5,5,1,4,3,4,1,1,2,1,5,4,1,2.66666666666667,3,3.5,2.5,1.5,3,2.5,1.294697,-0.22,-0.0575,2.282,1.0872,0,0,0.9,0
"117","5fac822590be0627d4f09b47",2.54568662693651,1.7143172910725,1.00336118281958,1.25573226377508,0.828796197986245,0.905950609278399,1.12095634585571,"Female",26,"< 18.000£","Higher education (Bachelor, Master, PhD)",5.75,3.9,"left-leaning",5,7,3,5,3,7,1,5,7,1,7,7,2,4.58333333333333,5,4,4,6,4,4.5,0.6988837,-0.11,-0.0575,2.282,0,0.1555,0.0729,0.9,0.1142
"118","5fd4d10b2f970406fe63ad96",2.53579386672915,2.72128220684057,0.563544144867646,0.929388109910302,0.43867303540956,0.615028632097908,0.840481877221385,"Male",59,"23.001£ to 30.500£","Compulsory education",5.5,2.6,"left-leaning",4,7,7,6,7,7,4,5,6,7,7,6,7,6.33333333333333,7,6.5,5.5,5.5,7,6.5,0.6988837,-0.33,-0.0575,2.282,0,0,0,0,0
"119","5fd7b5c1b6d6ef043967330c",2.61537999070596,1.14414979702611,0.933347596707184,0.445534414298893,0.557450987841529,0.638583367672054,0.968156486884904,"Male",59,"> 45.001£","Higher education (Bachelor, Master, PhD)",2.5,4.4,"right-leaning",7,6,1,2,2,2,2,1,2,2,5,5,4,2.83333333333333,3.5,2,2,1.5,3.5,4.5,1.294697,-0.22,-0.0575,2.282,1.0872,0,0,0,0
"120","6009aabebe921302cf083b53",2.53205468624544,0.83867943123389,1.48614262803846,0.42866871386693,0.428248601899052,0.785128872975066,1.26292054050843,"Female",57,"< 18.000£","Higher education (Bachelor, Master, PhD)",6,3.9,"left-leaning",3,7,6,6,6,7,5,5,7,5,7,7,4,6,6.5,6,6,6,6,5.5,1.294697,-0.11,-0.0575,2.282,0.2726,0.1555,0.0729,0.36,0.1142
"121","600c415a8f1fb8334df20e2a",2.53267955102563,0.239767112056776,0.840277753964248,0.63289373994028,0.412757156277624,0.652578174947778,1.06062350424797,"Male",34,"23.001£ to 30.500£","Further education",6,4.9,"left-leaning",3,6,5,6,6,7,2,4,7,2,7,7,4,5.25,5.5,6,4.5,5.5,4.5,5.5,0.6988837,0,-0.0575,2.282,1.0872,0,0,0.9,0
"122","600c50439b60d826f3052f7d",2.54456683907651,1.38342578060838,0.932161600268653,1.25021796474695,0.740520678234097,1.03092672866978,1.50909263165611,"Female",36,"18.000£ to 23.000£","Higher education (Bachelor, Master, PhD)",6,4.2,"left-leaning",2,5,6,6,5,6,3,6,7,4,7,6,5,5.5,5.5,5.5,4.5,6.5,5.5,5.5,1.294697,-0.11,-0.0575,1.053,1.0872,0,0,0.9,0
"123","6026b621a46afb3bc557fe0b",2.51082727825845,1.13022164558397,0.772818516006529,0.149516544102843,0.0921264021521607,0.200428036125392,0.301781980375885,"Female",32,"23.001£ to 30.500£","Further education",4.25,8.2,"left-leaning",5,4,5,4,4,4,4,3,4,4,4,4,3,3.91666666666667,4.5,4,4,3.5,4,3.5,0.1031,-0.11,-0.0575,2.282,3.27168,1.8662,0.8755,0.36,1.37085
"124","6033aebb7228c70967a3ab43",2.58895609370166,1.39813478155851,1.19142319345751,0.657939547339916,0.334832152740702,0.757840913006558,1.10942008624195,"Male",33,"> 45.001£","Higher education (Bachelor, Master, PhD)",4.25,7.3,"left-leaning",3,6,2,5,2,6,2,2,6,4,7,6,2,4.16666666666667,4,3.5,4,4,5.5,4,1.294697,-0.22,-0.0575,2.282,0.2726,0.1555,0,3.59,0.07775
"125","60358f36069759a81559481c",2.57272789626232,0.992990442529475,0.98731307369052,1.16859374849333,0.729072233630069,1.12045052719943,1.75568831019495,"Female",25,"18.000£ to 23.000£","Further education",4.75,7.3,"left-leaning",1,6,6,4,1,5,2,2,5,5,7,5,5,4.41666666666667,6,2.5,3.5,3.5,6,5,1.294697,-0.22,-0.0575,2.282,0.2726,0.1555,0,3.59,0.07775
"126","6043e7baeea596429e6dd9e3",2.58550512659377,1.68692146525326,0.806684887657706,0.821227055012497,0.504175728976163,0.833587115114517,1.3425637493724,"Female",54,"< 18.000£","Compulsory education",3,3.7,"right-leaning",6,7,2,3,2,7,1,1,7,1,7,6,1,3.75,4.5,2.5,4,4,4,3.5,1.294697,-0.22,-0.0575,2.282,0.2726,0.1555,0,0,0.07775
"127","60455b1578f6f36a3e8ea81c",2.5147417928985,0.796864265633398,0.805023122835174,0.349391588766459,0.256617731313879,0.506507376409476,0.940195774823901,"Male",37,"23.001£ to 30.500£","Higher education (Bachelor, Master, PhD)",5.75,4,"left-leaning",1,7,7,5,5,7,3,5,7,6,6,5,3,5.5,7,5,5,6,6,4,1.294697,-0.22,0,2.282,0,0.6201,0.0729,0,0.3465
"128","605c9274dc5f3a6bffa23b54",2.53064760699382,2.74118744855944,1.47221718921208,0.655441248543244,0.247161086126087,0.73561700672924,1.00498420002044,"Female",30,"< 18.000£","Further education",5.25,3.1,"left-leaning",5,5,4,2,6,7,3,3,7,5,7,6,4,4.91666666666667,4.5,4,5,5,6,5,0.6988837,-0.11,-0.0575,2.282,0.2726,0,0,0,0
"129","6070388ecc8d1f63c6349b7b",2.49020150374688,1.15751826746815,0.485045174043965,0.800786809297331,0.118418255425384,0.542930606557832,0.927953332619604,"Female",24,"18.000£ to 23.000£","Higher education (Bachelor, Master, PhD)",6,4.6,"left-leaning",1,6,1,4,3,6,1,3,6,1,7,6,1,3.75,3.5,3.5,3.5,4.5,4,3.5,1.294697,-0.11,-0.0575,2.282,0.2726,0,0,0.9,0
"130","60aa9b9abb58b220b9e3e9d7",2.53609021415967,1.14554178923469,-0.189534014114823,0.272428432606075,0.173161273922209,0.0915197415363886,0.312175610656225,"Male",47,"> 45.001£","Higher education (Bachelor, Master, PhD)",5.25,3.2,"right-leaning",6,6,7,5,4,6,4,3,6,6,7,7,6,5.58333333333333,6.5,4.5,5,4.5,6.5,6.5,0.1031,-0.33,-0.0575,2.282,0.2726,0,0.0729,0.9,0.03645
"131","60afd4165298851467d2a22a",2.62560104664479,0.324188845797815,2.05726895976163,0.428833540749159,0.472240416481403,0.988058611347121,1.44461172951703,"Female",25,"< 18.000£","Higher education (Bachelor, Master, PhD)",3.5,18,"right-leaning",6,7,1,6,1,7,1,1,3,1,7,1,1,3.08333333333333,4,3.5,4,2,4,1,1.294697,0,-0.0575,2.282,0.2726,0.1555,0.5463,13.48,0.3509
"132","60be448c7a00c44fbb47500e",2.51760092286953,1.10797300931872,0.510356738150389,0.612077636952094,0.549517032577431,0.468516073613905,0.712443967994131,"Female",32,"< 18.000£","Higher education (Bachelor, Master, PhD)",4.25,3,"left-leaning",5,3,3,6,1,7,1,1,7,6,6,7,4,4.33333333333333,3,3.5,4,4,6,5.5,0.6988837,-0.22,-0.0575,2.282,0.2726,0,0,0,0
"133","60c9ab402f1c532d26288def",2.52402300187637,0.720677372857491,0.521416471493212,0.578333054428638,0.235531190156523,0.403052345578124,0.61819964093773,"Male",39,"> 45.001£","Higher education (Bachelor, Master, PhD)",5.75,4,"right-leaning",6,6,1,4,4,6,1,5,6,6,7,7,5,4.83333333333333,3.5,4,3.5,5.5,6.5,6,0.6988837,-0.11,-0.0575,2.282,0.2726,0,0,0.9,0
"134","60e0ac8e365f0b68f81e4ba2",2.48924811229749,1.21837306208449,0.547749810201145,0.540058045326421,0.107441563755329,0.396221247461776,0.690079112028676,"Female",61,"18.000£ to 23.000£","Further education",5.25,5.9,"left-leaning",5,7,4,5,1,7,7,2,4,3,7,2,1,4.16666666666667,5.5,3,7,3,5,1.5,1.294697,-0.11,-0.0575,1.431,1.0872,0.1555,0.0729,2.07,0.1142
"135","60ea0498cfbeface04b33ed0",2.49002169108004,1.45762761740755,1.11296588098666,0.280440734975666,0.0810315501030968,0.481553542528235,0.832486091588449,"Female",55,"23.001£ to 30.500£","Further education",3.75,3.6,"right-leaning",7,5,5,5,5,6,2,2,5,2,6,5,3,4.25,5,5,4,3.5,4,4,1.294697,-0.22,-0.0575,2.282,0.2726,0,0,0,0
"136","60fbdcf31484efee3cf8d03b",2.50903932097333,1.39708297147979,1.25386221580046,0.442300385305873,0.405334191557811,0.770485001274146,1.366187728277,"Female",22,"23.001£ to 30.500£","Higher education (Bachelor, Master, PhD)",3.75,3.4,"left-leaning",3,7,4,4,1,6,1,1,5,3,4,4,1,3.41666666666667,5.5,2.5,3.5,3,3.5,2.5,0.6988837,-0.22,-0.0575,2.282,0,0.1555,0.5463,0,0.3509
"137","61037333eaacd23a3460ffc2",2.49118973730791,1.60631544413519,1.29440099811171,0.740401169816076,0.356298534688554,0.780720509931024,1.1806830251697,"Male",43,"< 18.000£","Further education",6,2,"left-leaning",3,6,7,6,5,7,1,1,6,4,7,6,2,4.83333333333333,6.5,5.5,4,3.5,5.5,4,0.1031,-0.33,-0.0575,2.282,0,0,0,0,0
"138","610d5b907f2c451c9972a3eb",2.39218120634048,0.406687969835976,0.676617583596351,0.442449670067101,0.018872456389476,0.385749110382975,0.823154960782828,"Male",41,"30.501£ to 45.000£","Compulsory education",3,3.5,"right-leaning",7,5,1,1,1,5,1,1,1,1,6,1,1,2.08333333333333,3,1,3,1,3.5,1,0.1031,-0.11,-0.0575,2.282,0.2726,0.1555,0,0.9,0.07775
"139","6111b4dd6f6ac03b5e1a44ba",2.42372288296688,1.44093090285098,0.615845939179711,0.861645053944719,0.29689112965441,0.631114864665088,1.09325858734423,"Male",38,"30.501£ to 45.000£","Higher education (Bachelor, Master, PhD)",5.75,5.8,"right-leaning",6,7,3,5,3,7,1,2,7,5,7,7,3,4.75,5,4,4,4.5,6,5,0.6988837,-0.44,-0.0575,2.282,3.27168,0,0,0,0
"140","611e1cf011c9f05d6990d4ae",2.45811059366752,1.55442866189008,0.979376818687187,0.883976779365705,0.196645235226075,0.657745150474026,0.966267704575223,"Female",30,"< 18.000£","Further education",5.75,1.1,"left-leaning",3,7,4,7,2,7,2,2,7,5,7,7,2,4.91666666666667,5.5,4.5,4.5,4.5,6,4.5,0.1031,-0.22,-0.0575,1.053,0.2726,0,0,0,0
"141","61289487d8a63660ac5b1b9e",2.50682795863312,-0.0929990141907253,1.84246528331889,-0.296382406277657,0.30190707723721,0.542612550448778,1.02847959398855,"Male",32,"23.001£ to 30.500£","Further education",3.75,4.2,"right-leaning",6,7,5,6,1,7,1,2,6,2,7,7,2,4.41666666666667,6,3.5,4,4,4.5,4.5,0.6988837,0,-0.0575,2.282,1.0872,0.1555,0.0729,0.36,0.1142
"142","612dcfb8c22343ecae65b26b",2.48947733317576,1.49448706002622,1.31749109301686,1.0805997521742,0.505422974710941,0.93157592565582,1.29434513533043,"Male",49,"30.501£ to 45.000£","Further education",5.25,4,"left-leaning",5,7,2,6,2,7,1,1,2,5,7,7,6,4.41666666666667,4.5,4,4,1.5,6,6.5,0.6988837,-0.33,-0.0575,1.234,2.0414,0.1555,0.2909,0,0.2232
"143","613a39b4ebe56cbaf3dbfdc7",2.48657540919972,0.301302582714744,1.35320344853349,0.619744165870282,0.517027089855638,0.787085093853383,1.2448942827937,"Female",34,"23.001£ to 30.500£","Higher education (Bachelor, Master, PhD)",6,4,"left-leaning",1,7,5,6,5,7,6,7,7,5,7,7,7,6.33333333333333,6,5.5,6.5,7,6,7,0.6988837,0,-0.0575,1.053,0,0.1555,0.0729,2.07,0.1142
"144","6147568a852e8ede83722b7e",2.47498807179152,1.41126994877725,0.404338931996666,0.482531977028414,0.168451240603689,0.219734061383054,0.305079337545772,"Male",30,"30.501£ to 45.000£","Compulsory education",3.75,7.1,"left-leaning",5,3,3,4,3,3,4,3,3,4,3,3,4,3.33333333333333,3,3.5,3.5,3,3.5,3.5,1.294697,-0.11,-0.0575,2.282,1.0872,1.11645,0.5463,0.9,0.831375
"145","6149a0903f726fd4d9b1df7f",2.45510494641548,1.30984086258126,0.765733081661802,0.908367202625316,0.476444679254675,0.853236632799736,1.52183732858928,"Male",62,"> 45.001£","Compulsory education",4,7.9,"left-leaning",5,5,2,4,2,6,2,2,5,5,7,5,3,4,3.5,3,4,3.5,6,4,1.294697,-0.33,-0.0575,2.282,1.0872,0,0,3.59,0
"146","615f09d51152027754156b2b",2.54261930655942,0.842245083378268,1.31288985387779,0.262767656571999,0.527619816453077,0.548624220894615,0.798485209922937,"Male",53,"< 18.000£","Higher education (Bachelor, Master, PhD)",4,3,"left-leaning",5,6,1,5,5,2,1,1,6,2,6,6,3,3.66666666666667,3.5,5,1.5,3.5,4,4.5,0.6988837,-0.22,-0.0575,2.282,0.2726,0,0,0.36,0
"147","61605d5958194ce00c7b9c91",2.55015233209405,1.63457993451184,0.52202821704129,0.528476431935885,0.279126552385153,0.539046017317033,0.965847757156129,"Female",38,"18.000£ to 23.000£","Further education",4.75,3.8,"left-leaning",5,7,2,5,2,6,2,2,6,2,6,6,3,4.08333333333333,4.5,3.5,4,4,4,4.5,1.294697,0,-0.0575,2.282,0.2726,0,0,0.36,0
"148","61f2ae2da09e72f23cbafa4f",2.66145099122947,-1.3867512403374,-1.63451126209477,-0.375216855171915,-0.0309607034415464,-0.843286950626086,-1.21904930960794,"Male",25,"< 18.000£","Higher education (Bachelor, Master, PhD)",4,4.7,"left-leaning",5,5,4,4,3,4,5,6,5,4,5,6,5,4.66666666666667,4.5,3.5,4.5,5.5,4.5,5.5,1.294697,0,-0.0575,3.16,0.2726,0,0,0,0
"149","61fa9016d42cb19beec49061",2.48539596435083,1.27303392312548,1.31942949312397,0.697022080569761,0.409756554229005,0.680666344287788,0.933122454910949,"Male",50,"< 18.000£","Higher education (Bachelor, Master, PhD)",5.25,6.5,"left-leaning",5,7,5,7,2,5,4,3,3,5,6,3,4,4.5,6,4.5,4.5,3,5.5,3.5,0.6988837,-0.22,-0.0575,2.282,0,0.1555,0.0729,3.59,0.1142
"150","61fa9090d42cb19beec49175",2.54182533474635,0.785600530191084,0.187211807729682,0.567611179309981,0.176074008430518,0.353826878564951,0.632745837944308,"Female",29,"23.001£ to 30.500£","Further education",5.5,3.3,"left-leaning",4,6,5,5,5,4,1,1,2,1,5,5,1,3.41666666666667,5.5,5,2.5,1.5,3,3,1.294697,-0.22,-0.0575,2.282,0,0,0,0,0
"151","62029b31ef1cb18a1337c7be",2.3971581798033,0.983220194673426,0.554976532377928,0.709979215654042,0.0616443443463086,0.480332694218609,0.923531699116567,"Female",49,"< 18.000£","Further education",5.25,4.3,"left-leaning",5,4,1,4,4,2,1,1,4,2,7,4,1,2.91666666666667,2.5,4,1.5,2.5,4.5,2.5,1.294697,-0.33,-0.0575,2.282,1.0872,0,0,0,0
"152","6274f9115634950cf5970f1c",2.6118436349536,2.22561906230155,1.2719869646668,0.946192869701421,0.540985825138273,1.00057029027931,1.43478504945085,"Male",43,"< 18.000£","Higher education (Bachelor, Master, PhD)",6,1.5,"left-leaning",1,6,7,5,7,6,3,7,6,5,6,4,5,5.58333333333333,6.5,6,4.5,6.5,5.5,4.5,0.6988837,-0.22,-0.0575,1.053,0,0,0.0729,0,0.03645
"153","6277fb597942c07d74b16b98",2.54324498327998,0.900149823787578,1.0029385261954,0.374292516446344,0.184253756838229,0.469098353720594,0.713601952554139,"Female",33,"> 45.001£","Higher education (Bachelor, Master, PhD)",6,10.5,"left-leaning",3,7,6,7,5,7,6,7,6,5,7,7,7,6.41666666666667,6.5,6,6.5,6.5,6,7,1.294697,-0.22,-0.0575,2.282,0.2726,0.1555,0.0729,6.74,0.1142
"154","627e76aae54a59191fa81f08",2.5897737250497,1.24723106045996,1.06823077128915,0.862381033804387,0.524512952506415,0.786913270272504,1.06952432182799,"Female",22,"18.000£ to 23.000£","Higher education (Bachelor, Master, PhD)",5.5,4.8,"left-leaning",2,7,6,5,4,5,6,5,5,6,7,6,6,5.66666666666667,6.5,4.5,5.5,5,6.5,6,1.294697,-0.11,-0.0575,1.431,1.0872,0.1555,0.0729,0.9,0.1142
"155","62a0f6d97132dba61b6ea5b1",2.55772701576925,1.40044264190247,1.09649268439221,1.14050673908342,0.726334338617101,1.00235484231096,1.41615253065483,"Male",31,"30.501£ to 45.000£","Higher education (Bachelor, Master, PhD)",6,5.9,"left-leaning",5,7,5,7,5,7,5,4,6,5,6,6,5,5.66666666666667,6,6,6,5,5.5,5.5,0.6988837,-0.22,-0.0575,2.282,1.0872,0,0,2.07,0
"156","62a133f31c71d01e25386981",2.5601498079381,1.56685179022517,1.14190304698969,0.297176093431495,0.374049363973341,0.550281574435177,0.851457702860773,"Female",47,"30.501£ to 45.000£","Higher education (Bachelor, Master, PhD)",4,3.8,"right-leaning",6,5,3,5,2,5,3,2,5,4,6,5,4,4.08333333333333,4,3.5,4,3.5,5,4.5,0.6988837,-0.33,-0.0575,2.282,0.2726,0,0,0.9,0
"157","62b0a3fa60084743d22ad31c",2.53723174589655,1.3135232812041,1.33034287074772,0.724971095948402,0.63053259100816,0.893768491751639,1.35252325496192,"Female",33,"18.000£ to 23.000£","Further education",5,8.4,"left-leaning",5,5,4,2,1,7,1,1,1,5,7,3,3,3.33333333333333,4.5,1.5,4,1,6,3,1.294697,-0.22,-0.0575,2.282,4.0896,0,0.0729,0.9,0.03645
"158","62b5d90d09660072824f68cf",2.52261539365779,1.36971181416271,0.763484413756116,0.330004367285709,0.28553375444104,0.395383965762148,0.651712495284258,"Male",37,"30.501£ to 45.000£","Higher education (Bachelor, Master, PhD)",5,5.3,"left-leaning",3,7,2,6,3,6,3,3,6,3,5,7,5,4.66666666666667,4.5,4.5,4.5,4.5,4,6,0.6988837,-0.22,-0.0575,2.282,0.2726,0.1555,0.0729,2.07,0.1142
"159","62b84bc871daedd6295f2a55",2.54538889858249,1.77189986472308,0.51570707243536,0.599388002431597,0.311518784016662,0.478449949046672,0.75401035442549,"Female",55,"< 18.000£","Higher education (Bachelor, Master, PhD)",6,6.3,"left-leaning",5,6,1,4,2,6,1,1,5,1,5,5,1,3.16666666666667,3.5,3,3.5,3,3,3,0.6988837,-0.11,-0.0575,1.431,4.0896,0.1555,0.0729,0,0.1142
"160","62bcbc7df297dff85dfa7857",2.59151936709664,0.779246124050345,0.97204621581384,0.426908274626388,0.56715914821774,0.598177058824067,0.896790010819803,"Male",61,"30.501£ to 45.000£","Higher education (Bachelor, Master, PhD)",6,7.7,"right-leaning",6,6,2,4,1,6,1,1,6,2,5,6,2,3.5,4,2.5,3.5,3.5,3.5,4,0.6988837,-0.11,-0.0575,2.282,1.0872,0.1555,0.0729,3.59,0.1142
"161","62c7e2035db496124cf69b56",2.702332906734,1.17065671219249,0.940027841959487,0.522714338384153,0.525265041065808,0.660793803034583,0.871124128568359,"Female",45,"30.501£ to 45.000£","Higher education (Bachelor, Master, PhD)",5.75,4.6,"left-leaning",4,6,4,2,2,6,2,1,7,7,7,7,4,4.58333333333333,5,2,4,4,7,5.5,0.1031,-0.11,-0.0575,2.282,0.2726,0,0.0729,2.07,0.03645
"162","62d133d8355730e56a6722dc",2.55381140182226,1.52920666092229,0.598129620038945,0.194880399761615,0.223549846979398,0.316214742709238,0.590175457333151,"Male",33,"> 45.001£","Further education",5.5,5.5,"right-leaning",7,4,3,5,4,5,1,2,3,4,5,5,3,3.66666666666667,3.5,4.5,3,2.5,4.5,4,1.294697,-0.33,-0.0575,2.282,0.2726,0,0,2.07,0
"163","62e154b0682e270b4acdf5ee",2.49225488976008,1.40051787251716,1.14670855120713,0.88827409780537,0.541092892801429,0.872788127371586,1.35509018815951,"Male",32,"23.001£ to 30.500£","Further education",2.75,3.3,"left-leaning",5,4,3,5,2,5,3,1,6,2,5,5,2,3.58333333333333,3.5,3.5,4,3.5,3.5,3.5,1.294697,-0.33,-0.0575,2.282,0,0.1555,0,0,0.07775
"164","62e98117d8254c5e98e64592",2.58262103325939,0.193775881964257,-0.0124407215635671,0.299876278585342,0.511500833125806,0.356414777653673,0.813014955469052,"Female",51,"> 45.001£","Further education",3,10,"right-leaning",6,4,4,4,4,4,4,4,4,4,4,4,4,4,4,4,4,4,4,4,1.294697,-0.22,-0.0575,2.282,0,0,0,6.74,0
"165","62fb794d58e8f2902c9a5f13",2.59546356135297,0.218156563516597,0.479105253040912,0.286824017086511,0.206655049258509,0.406136464471475,0.781690859750056,"Female",26,"30.501£ to 45.000£","Higher education (Bachelor, Master, PhD)",3,4.8,"left-leaning",3,6,2,4,2,4,4,2,2,2,4,4,5,3.41666666666667,4,3,4,2,3,4.5,1.294697,-0.22,-0.0575,1.431,0.2726,0,0,2.07,0
"166","62fb7bd5e0c65f772ce189c8",2.57010754173627,0.928185305728194,1.83366651135471,0.341708019897805,0.35652332335867,0.757786470408144,1.06758338129503,"Female",47,"30.501£ to 45.000£","Higher education (Bachelor, Master, PhD)",6,1.5,"left-leaning",4,5,7,5,7,7,5,7,7,7,6,7,7,6.41666666666667,6,6,6,7,6.5,7,0.1031,-0.11,-0.0575,1.053,0.2726,0.1555,0.0729,0,0.1142
"167","62fcedae37fcdac16269c7f0",2.36942083631837,1.24220627473087,0.745030469213881,0.579375126501186,0.185718953478287,0.374683989485061,0.647805623060415,"Male",20,"18.000£ to 23.000£","Higher education (Bachelor, Master, PhD)",5,3.8,"left-leaning",5,7,1,5,1,6,1,2,5,1,7,7,3,3.83333333333333,4,3,3.5,3.5,4,5,0.6988837,-0.33,-0.0575,2.282,0.2726,0,0,0.9,0
"168","631121b9300114184c43848c",2.44754580134525,1.03646610584145,0.793554570103633,0.827216161473891,0.407984217399595,0.627301414931176,0.971153370948553,"Male",42,"23.001£ to 30.500£","Higher education (Bachelor, Master, PhD)",3.5,4,"left-leaning",3,5,2,5,5,6,1,1,7,2,7,7,2,4.16666666666667,3.5,5,3.5,4,4.5,4.5,1.294697,0,-0.0575,2.282,0.2726,0.1555,0.0729,0,0.1142
"169","631625a868c124694850420c",2.5315292569785,0.534244243360615,0.14769647334128,1.15195240342234,0.796024425007956,0.862275971660936,1.49691251288869,"Male",22,"< 18.000£","Further education",2.25,3.2,"right-leaning",6,6,3,4,2,5,1,1,5,3,5,4,3,3.5,4.5,3,3,3,4,3.5,1.294697,-0.33,-0.0575,2.282,0,0,0,0,0
"170","6319fb160fc7f174e5861d1d",2.49937529696603,1.92252419087727,1.01305204861106,0.54136170451914,0.398408245326362,0.558221403570006,0.846594477680722,"Female",37,"30.501£ to 45.000£","Higher education (Bachelor, Master, PhD)",5,7.4,"right-leaning",6,6,2,4,2,6,2,2,5,2,6,6,2,3.75,4,3,4,3.5,4,4,0.6988837,-0.22,0,2.282,1.0872,0,0,3.59,0
"171","634825209775febdbe9c9825",2.46236398980191,0.390954784435924,0.415782257889673,0.989753990777046,0.203753873684594,0.536700757870963,0.834325497447603,"Male",46,"23.001£ to 30.500£","Further education",6,2.5,"left-leaning",3,7,3,4,1,7,1,1,7,1,7,7,1,3.91666666666667,5,2.5,4,4,4,4,0.1031,0,-0.0575,2.282,0,0.1555,0,0,0.07775
"172","637f7c23658dbd7bcdd9e193",2.52485369322399,1.23186258334567,0.629506140314904,1.06232807532546,0.599711744179682,0.667881805875685,0.852616339732187,"Male",19,"< 18.000£","Further education",2.75,7,"right-leaning",8,7,1,6,1,6,2,1,6,2,5,7,2,3.83333333333333,4,3.5,4,3.5,3.5,4.5,1.294697,-0.33,-0.0575,2.282,0,0.1555,0.0729,3.59,0.1142
"173","637f8e8b4aab8c4f8af7e09b",2.49076216727933,1.18742582609272,0.75219377272627,0.632391893331766,0.259798257591722,0.599156554280502,1.0510123557048,"Male",49,"30.501£ to 45.000£","Higher education (Bachelor, Master, PhD)",4.5,4.9,"left-leaning",5,7,1,4,2,5,2,2,7,4,7,7,2,4.16666666666667,4,3,3.5,4.5,5.5,4.5,0.6988837,-0.11,-0.0575,1.053,3.27168,0,0,0,0
"174","637fa9a2ca0c2fa078910c4b",2.62785782905819,1.6778256679981,0.97345916164537,0.553432853273753,0.544555655699474,0.593758541716902,0.729900716392975,"Male",36,"< 18.000£","Higher education (Bachelor, Master, PhD)",5.5,3.8,"right-leaning",7,5,3,4,3,6,3,2,5,5,6,4,2,4,4,3.5,4.5,3.5,5.5,3,1.294697,0,-0.0575,2.282,0.2726,0,0,0.36,0
"175","6380e6f4701835df21c0d764",2.45035924114711,0.323162467685358,0.945089686997642,0.300836265663365,-0.0759172875906641,0.327126150767834,0.583899822552814,"Male",39,"> 45.001£","Further education",1,5.4,"left-leaning",4,7,1,4,1,7,1,1,1,1,7,7,1,3.25,4,2.5,4,1,4,4,0.1031,-0.22,-0.0575,2.282,3.27168,0,0,0,0
"176","63a445e39a2fcc9bc2558d74",2.45894391274374,1.38802298102027,0.776138884025465,0.557127224458072,0.14208270947989,0.459113987750305,0.762882991591963,"Male",69,"18.000£ to 23.000£","Compulsory education",6,2.6,"left-leaning",5,6,2,6,3,7,3,3,6,6,6,6,4,4.83333333333333,4,4.5,5,4.5,6,5,0.6988837,-0.33,-0.0575,1.234,1.0872,0,0,0,0
"177","63c014d48a1fb74f916f4158",2.4775374197894,0.863609449956172,0.983702334449523,0.389284514087269,0.0882823224803918,0.426407705613335,0.701916806765209,"Female",59,"< 18.000£","Further education",6,1,"left-leaning",3,7,6,5,5,6,4,6,5,5,5,5,6,5.41666666666667,6.5,5,5,5.5,5,5.5,0.1031,-0.22,-0.0575,1.053,0,0.1555,0,0,0.07775
"178","63ced8d2c8d001d1d5057196",2.56413677651554,1.66366913594671,1.18124394139636,0.314821479775629,0.399924028452113,0.563634792974838,0.852661326180829,"Male",43,"> 45.001£","Higher education (Bachelor, Master, PhD)",6,11,"left-leaning",4,7,5,5,4,6,6,6,6,6,6,6,6,5.75,6,4.5,6,6,6,6,0.6988837,-0.11,-0.0575,1.431,2.0414,0.1555,0.0729,6.74,0.1142
"179","63d141f040c855b7fb494d13",2.68461699386604,1.16821465517274,0.0602557083469015,1.33851064395151,1.30787488734079,1.01091786137824,1.48892920372829,"Female",31,"30.501£ to 45.000£","Further education",3.25,6.9,"right-leaning",6,4,1,1,1,5,1,1,5,1,7,7,5,3.25,2.5,1,3,3,4,6,1.294697,-0.44,-0.0575,2.282,0.2726,0,0,3.59,0
"180","63d148b0da246ce02c8bd22b",2.53776605464485,1.33376079647921,1.66584132917533,0.904125579417143,0.491304686625285,0.978349413496319,1.35443944761309,"Female",31,"< 18.000£","Higher education (Bachelor, Master, PhD)",6,4.1,"left-leaning",2,6,6,6,5,7,4,7,7,3,7,7,4,5.75,6,5.5,5.5,7,5,5.5,1.294697,-0.11,-0.0575,0.955,1.0872,0,0,0.9,0
"181","63d69163ecd60f16ced6c9c4",2.48799740796083,1.56170830736414,2.17161254358339,0.684906583351506,0.549889587049471,0.95290546400775,1.26492061728271,"Male",26,"< 18.000£","Further education",4.25,3.5,"left-leaning",5,3,2,6,4,6,1,1,7,1,6,6,3,3.83333333333333,2.5,5,3.5,4,3.5,4.5,1.294697,-0.22,0,2.282,0,0.1555,0,0,0.07775
"182","63d79c350c185ab8036d2a68",2.64661521860336,1.79884074959546,0.525523159890326,0.31402639248717,0.268377895665826,0.399171783954587,0.621386124061006,"Male",34,"23.001£ to 30.500£","Higher education (Bachelor, Master, PhD)",6,1.9,"left-leaning",1,6,7,7,7,7,1,5,6,6,7,7,7,6.08333333333333,6.5,7,4,5.5,6.5,7,0.6988837,0,-0.0575,1.053,0,0.1555,0.0729,0.36,0.1142
"183","63e52aac7a653a43be0247aa",2.43241072804137,1.62830700370158,0.71163434998384,0.32978204985567,0.0220734348411361,0.254482978652921,0.450665958914463,"Male",34,"> 45.001£","Higher education (Bachelor, Master, PhD)",6,3.5,"left-leaning",3,6,6,3,5,6,5,5,4,5,7,4,5,5.08333333333333,6,4,5.5,4.5,6,4.5,1.294697,0,-0.0575,2.282,0,0,0,0.36,0
"184","63e538e14e8b1ae8b460d8bf",2.52165844701978,0.575487290230364,0.459183079340637,0.568273762889065,0.302534920923608,0.462216584562432,0.81157588366556,"Male",37,"> 45.001£","Further education",6,2.2,"left-leaning",1,7,7,7,5,7,1,7,7,7,7,7,7,6.33333333333333,7,6,4,7,7,7,0.1031,-0.33,-0.0575,1.234,0.2726,0,0.0729,0.9,0.03645
"185","63ea42db4a818f990ef95828",2.42868874994027,0.259981451644712,1.13846979089102,0.505173798814549,0.445560891646493,0.764810574779539,1.44103524350535,"Male",36,"> 45.001£","Higher education (Bachelor, Master, PhD)",5,5.7,"left-leaning",2,6,4,6,6,7,1,2,7,4,7,7,6,5.25,5,6,4,4.5,5.5,6.5,0.6988837,-0.22,-0.0575,2.282,0.2726,0.6201,0,2.07,0.31005
"186","63ea95f2da4247bb899a1119",2.50851749121174,1.33789659304603,1.15669325285464,1.12611277159705,0.871679246428039,0.9974183806452,1.4338323278423,"Female",37,"< 18.000£","Higher education (Bachelor, Master, PhD)",5.75,3.6,"left-leaning",4,6,4,4,2,6,3,3,6,6,6,6,4,4.66666666666667,5,3,4.5,4.5,6,5,1.294697,-0.22,-0.0575,2.282,0.2726,0,0,0,0
"187","63f77cac11a2ddb8e7276c44",2.79389383880801,0.545856510813364,0.138881707253262,0.15712207411734,0.718314947277963,0.34929935545546,0.503331484201256,"Female",62,"< 18.000£","Further education",4.25,5,"right-leaning",6,6,1,1,1,3,1,1,1,1,5,5,1,2.25,3.5,1,2,1,3,3,1.294697,0,-0.0575,1.431,0.2726,0,0,2.07,0
"188","6421c5ce0498d13b6d20419c",2.59555951140815,0.984538663875168,0.830163371542522,0.168340769825106,0.265587499665827,0.327809201097556,0.459234447980251,"Female",32,"23.001£ to 30.500£","Further education",5,4.1,"left-leaning",5,5,4,5,5,6,2,2,5,4,6,4,5,4.41666666666667,4.5,5,4,3.5,5,4.5,0.6988837,0,-0.0575,2.282,0.2726,0,0,0.9,0
"189","6480c46e98f143d5415295e1",2.65950426416537,0.953074225059997,0.241474531614127,0.323622372155411,0.5215294524968,0.365705322986644,0.589147459169205,"Male",62,"< 18.000£","Compulsory education",2.25,4.4,"right-leaning",6,4,1,4,4,6,1,1,3,5,7,5,4,3.75,2.5,4,3.5,2,6,4.5,1.294697,-0.22,-0.0575,2.282,1.0872,0,0,0,0
"190","64835b5840bc93bf8c400aeb",2.6348180672399,2.17969514685588,1.24619289190799,0.868260318666923,0.78884148455473,1.00959594855224,1.45339131491955,"Female",58,"18.000£ to 23.000£","Higher education (Bachelor, Master, PhD)",5.75,3.3,"right-leaning",6,6,5,6,6,6,3,6,6,6,6,6,6,5.66666666666667,5.5,6,4.5,6,6,6,1.294697,-0.22,-0.0575,1.234,1.0872,0,0,0,0
"191","64842953934f4be66c7f6fc2",2.66893114332533,-1.51786448931785,-0.839309951855077,-0.694777085977437,0.163757649139133,-0.560107385651131,-0.607358668547487,"Female",54,"> 45.001£","Compulsory education",4.75,8.9,"left-leaning",5,6,4,3,4,4,3,5,2,4,6,2,4,3.91666666666667,5,3.5,3.5,3.5,5,3,1.294697,-0.22,-0.0575,3.16,1.0872,0,0,3.59,0
"192","64fb2212b9a3b757d0d70767",2.55464732039426,0.895191214794291,1.22844834287889,0.615883027431682,0.503038221590309,0.751890895739479,1.1194741613223,"Female",57,"30.501£ to 45.000£","Further education",6,1.6,"right-leaning",6,7,5,6,7,7,7,7,7,7,7,7,7,6.75,6,6.5,7,7,7,7,0.6988837,-0.33,-0.0575,1.053,0.2726,0,0,0,0
"193","651be6560ce8a69af588fb31",2.52801190933348,0.776555494893244,0.625690638537871,0.343444668595701,0.1604762292961,0.330901366966589,0.553169201507802,"Male",54,"> 45.001£","Further education",5,4.1,"right-leaning",6,7,1,6,2,5,2,1,5,2,4,6,6,3.91666666666667,4,4,3.5,3,3,6,0.6988837,0,-0.0575,2.282,1.0872,0,0.0729,0.36,0.03645
"194","651c11304182690d4a93ef00",2.43731925074661,1.38844064948725,0.606344769521984,0.780476348474288,0.220866788548981,0.520463776701819,0.859869109210743,"Male",62,"< 18.000£","Higher education (Bachelor, Master, PhD)",6,2.4,"left-leaning",4,7,3,6,6,6,2,3,6,3,6,6,3,4.75,5,6,4,4.5,4.5,4.5,0.1031,-0.22,-0.0575,2.282,0.2726,0,0,0,0
"195","652c3417a11e952e735149b6",2.43887682932699,-0.286138438946459,0.378373620182516,0.861767771475613,0.8204043758608,0.708982632149881,1.32994880374766,"Female",44,"30.501£ to 45.000£","Further education",6,6.8,"right-leaning",10,5,5,7,1,7,1,2,1,2,5,3,2,3.41666666666667,5,4,4,1.5,3.5,2.5,0.6988837,-0.11,-0.0575,3.16,1.0872,0,0,2.07,0
"196","653bb95b0268ecbcadfb3c08",2.41182862385247,1.26470068854784,0.786106678632528,0.579399587644028,0.159887168978294,0.443143543344383,0.76530176105275,"Female",48,"< 18.000£","Higher education (Bachelor, Master, PhD)",6,3.2,"left-leaning",4,7,2,4,6,7,2,5,7,5,7,6,6,5.33333333333333,4.5,5,4.5,6,6,6,0.6988837,0,-0.0575,2.282,0.2726,0,0,0.36,0
